transaction_id,store_id,checkout_id,nb_items,transaction_duration_sec,nb_cancellations,is_synthetic_fraud,sec_per_item,cancel_ratio,checkout_tx_count,store_tx_count,anomaly_flag,anomaly_score_raw,risk_score
TX_003802,STORE_04,CHK_012,1,393,4,1,393.0,4.0,87,478,1,-0.17863210830292098,100.0
TX_001607,STORE_08,CHK_033,1,527,3,1,527.0,3.0,121,509,1,-0.1720149168107954,98.39
TX_002966,STORE_03,CHK_006,1,531,3,1,531.0,3.0,102,535,1,-0.17149672638720148,98.27
TX_004599,STORE_05,CHK_043,1,464,3,1,464.0,3.0,98,469,1,-0.17092551333006267,98.13
TX_000142,STORE_07,CHK_016,1,480,3,1,480.0,3.0,104,492,1,-0.16277125470169973,96.15
TX_002962,STORE_09,CHK_032,1,194,9,1,194.0,9.0,111,524,1,-0.16117736879075695,95.76
TX_002422,STORE_09,CHK_047,1,346,4,1,346.0,4.0,95,524,1,-0.15953989370384847,95.36
TX_004808,STORE_07,CHK_033,2,496,4,1,248.0,2.0,121,492,1,-0.15666818271453853,94.66
TX_001403,STORE_08,CHK_040,1,563,2,1,563.0,2.0,114,509,1,-0.14831304679406332,92.63
TX_002863,STORE_01,CHK_048,1,542,2,1,542.0,2.0,113,509,1,-0.1462991179200086,92.14
TX_002776,STORE_08,CHK_042,2,534,4,1,267.0,2.0,95,509,1,-0.14379971680799375,91.54
TX_000598,STORE_05,CHK_034,1,563,1,1,563.0,1.0,89,469,1,-0.13697492641495368,89.88
TX_004455,STORE_05,CHK_040,1,523,1,1,523.0,1.0,114,469,1,-0.13330931552356917,88.99
TX_000757,STORE_02,CHK_010,2,425,4,1,212.5,2.0,90,490,1,-0.1314717868381713,88.54
TX_003677,STORE_03,CHK_004,1,376,2,1,376.0,2.0,95,535,1,-0.13062740088159863,88.34
TX_001406,STORE_05,CHK_028,1,159,5,1,159.0,5.0,102,469,1,-0.1289466397439044,87.93
TX_000561,STORE_05,CHK_032,1,79,7,1,79.0,7.0,111,469,1,-0.12155134681643576,86.13
TX_003954,STORE_04,CHK_034,3,188,9,1,62.666666666666664,3.0,89,478,1,-0.11932256829391508,85.59
TX_001248,STORE_10,CHK_016,1,576,1,1,576.0,1.0,104,505,1,-0.11427488041642409,84.36
TX_001595,STORE_06,CHK_049,2,355,4,1,177.5,2.0,91,489,1,-0.11322427502845167,84.11
TX_003401,STORE_08,CHK_048,2,416,3,1,208.0,1.5,113,509,1,-0.11175892881999328,83.75
TX_004572,STORE_06,CHK_040,2,514,2,1,257.0,1.0,114,489,1,-0.10949519411349085,83.2
TX_000884,STORE_03,CHK_012,3,450,3,1,150.0,1.0,87,535,1,-0.10808001139221568,82.86
TX_003041,STORE_05,CHK_050,2,146,7,1,73.0,3.5,102,469,1,-0.1071691387907352,82.64
TX_000616,STORE_10,CHK_042,2,118,9,1,59.0,4.5,95,505,1,-0.10680093508426836,82.55
TX_002623,STORE_10,CHK_024,1,464,1,1,464.0,1.0,92,505,1,-0.10567266339729642,82.27
TX_001706,STORE_03,CHK_006,2,349,3,1,174.5,1.5,102,535,1,-0.10059516776535626,81.04
TX_003669,STORE_06,CHK_025,56,225,4,1,4.017857142857143,0.07142857142857142,80,489,1,-0.09978805907722266,80.84
TX_001643,STORE_05,CHK_009,54,234,5,1,4.333333333333333,0.09259259259259259,98,469,1,-0.09483423907889021,79.64
TX_000410,STORE_07,CHK_015,50,238,7,1,4.76,0.14,104,492,1,-0.09163096396498605,78.86
TX_000852,STORE_10,CHK_044,34,228,7,1,6.705882352941177,0.20588235294117646,125,505,1,-0.09102097904107243,78.71
TX_004192,STORE_03,CHK_045,55,173,6,1,3.1454545454545455,0.10909090909090909,91,535,1,-0.09044790175635353,78.58
TX_003239,STORE_02,CHK_038,4,596,3,1,149.0,0.75,92,490,1,-0.08892670118911372,78.21
TX_002207,STORE_06,CHK_012,1,332,1,1,332.0,1.0,87,489,1,-0.0888129993980753,78.18
TX_001075,STORE_03,CHK_009,59,138,7,1,2.3389830508474576,0.11864406779661017,98,535,1,-0.08848068830948697,78.1
TX_004652,STORE_03,CHK_030,55,198,3,1,3.6,0.05454545454545454,84,535,1,-0.08800081767694967,77.98
TX_003557,STORE_05,CHK_037,4,481,3,1,120.25,0.75,99,469,1,-0.08681738038814246,77.69
TX_002180,STORE_02,CHK_036,3,376,4,1,125.33333333333333,1.3333333333333333,109,490,1,-0.08520478927695985,77.3
TX_003673,STORE_03,CHK_031,27,236,7,1,8.74074074074074,0.25925925925925924,113,535,1,-0.08451532109791937,77.13
TX_002717,STORE_05,CHK_033,7,163,9,1,23.285714285714285,1.2857142857142858,121,469,1,-0.0839538264437043,77.0
TX_003309,STORE_03,CHK_038,5,196,7,1,39.2,1.4,92,535,1,-0.08178670917380126,76.47
TX_001937,STORE_09,CHK_016,1,80,4,1,80.0,4.0,104,524,1,-0.07978110148620565,75.98
TX_001727,STORE_03,CHK_036,58,224,3,1,3.8620689655172415,0.05172413793103448,109,535,1,-0.07952951454284984,75.92
TX_003498,STORE_10,CHK_032,1,73,4,1,73.0,4.0,111,505,1,-0.07909619412484126,75.82
TX_000232,STORE_09,CHK_020,48,226,5,1,4.708333333333333,0.10416666666666667,94,524,1,-0.07769214479937958,75.48
TX_004856,STORE_05,CHK_026,3,430,2,1,143.33333333333334,0.6666666666666666,103,469,1,-0.07517500135611088,74.87
TX_001849,STORE_09,CHK_040,1,269,1,1,269.0,1.0,114,524,1,-0.07473387560852751,74.76
TX_004382,STORE_05,CHK_037,2,316,2,1,158.0,1.0,99,469,1,-0.0725313213624238,74.22
TX_002989,STORE_02,CHK_027,57,96,7,1,1.6842105263157894,0.12280701754385964,86,490,1,-0.07187992372002172,74.06
TX_004106,STORE_05,CHK_041,1,177,2,0,177.0,2.0,105,469,1,-0.0709240492472607,73.83
TX_003654,STORE_02,CHK_025,46,222,3,1,4.826086956521739,0.06521739130434782,80,490,1,-0.0705602912079919,73.74
TX_004795,STORE_07,CHK_013,51,132,7,1,2.588235294117647,0.13725490196078433,110,492,1,-0.06929880615049788,73.44
TX_002820,STORE_10,CHK_005,50,102,6,1,2.04,0.12,84,505,1,-0.06886587766635022,73.33
TX_004173,STORE_08,CHK_026,2,47,6,1,23.5,3.0,103,509,1,-0.06791286716017719,73.1
TX_000966,STORE_07,CHK_017,4,143,9,1,35.75,2.25,107,492,1,-0.06745118112430137,72.99
TX_004494,STORE_03,CHK_049,6,46,7,1,7.666666666666667,1.1666666666666667,91,535,1,-0.06632821845698689,72.72
TX_004099,STORE_01,CHK_048,53,156,6,1,2.943396226415094,0.11320754716981132,113,509,1,-0.06367877149480783,72.07
TX_001987,STORE_07,CHK_007,56,113,7,1,2.017857142857143,0.125,95,492,1,-0.06353429863091997,72.04
TX_002688,STORE_09,CHK_042,56,228,3,1,4.071428571428571,0.05357142857142857,95,524,1,-0.06342505894840844,72.01
TX_002216,STORE_05,CHK_015,47,115,7,1,2.4468085106382977,0.14893617021276595,104,469,1,-0.0632603293324101,71.97
TX_000373,STORE_01,CHK_029,2,443,1,1,221.5,0.5,90,509,1,-0.06300967010139191,71.91
TX_002115,STORE_09,CHK_018,4,169,7,1,42.25,1.75,97,524,1,-0.06243680102102711,71.77
TX_002840,STORE_03,CHK_032,12,155,9,1,12.916666666666666,0.75,111,535,1,-0.061164115298945165,71.46
TX_002331,STORE_03,CHK_016,5,100,8,1,20.0,1.6,104,535,1,-0.06096188567815175,71.41
TX_000751,STORE_01,CHK_034,2,424,1,1,212.0,0.5,89,509,1,-0.060398050666709224,71.28
TX_001774,STORE_02,CHK_002,4,367,4,1,91.75,1.0,105,490,1,-0.059301495313334174,71.01
TX_003464,STORE_07,CHK_049,55,134,6,1,2.4363636363636365,0.10909090909090909,91,492,1,-0.057111498497407154,70.48
TX_000988,STORE_05,CHK_042,8,150,9,1,18.75,1.125,95,469,1,-0.05685876119564237,70.42
TX_004780,STORE_08,CHK_033,10,145,9,1,14.5,0.9,121,509,1,-0.05675735716852759,70.39
TX_001516,STORE_09,CHK_031,25,216,6,1,8.64,0.24,113,524,1,-0.05605726232425634,70.22
TX_004061,STORE_10,CHK_045,4,412,3,1,103.0,0.75,91,505,1,-0.05589578699125686,70.18
TX_004043,STORE_03,CHK_008,11,125,8,1,11.363636363636363,0.7272727272727273,85,535,1,-0.055261812067738614,70.03
TX_002091,STORE_09,CHK_019,1,27,3,0,27.0,3.0,90,524,1,-0.055112063033681546,69.99
TX_001176,STORE_07,CHK_038,7,23,9,1,3.2857142857142856,1.2857142857142858,92,492,1,-0.053022538820710174,69.48
TX_004861,STORE_09,CHK_011,19,169,9,1,8.894736842105264,0.47368421052631576,111,524,1,-0.052848339300221814,69.44
TX_004186,STORE_01,CHK_022,38,190,7,1,5.0,0.18421052631578946,106,509,1,-0.05270743969870062,69.41
TX_003197,STORE_01,CHK_030,1,147,2,0,147.0,2.0,84,509,1,-0.05207789727850198,69.25
TX_004201,STORE_01,CHK_030,43,128,6,1,2.9767441860465116,0.13953488372093023,84,509,1,-0.051448902935965934,69.1
TX_001763,STORE_10,CHK_012,10,179,9,1,17.9,0.9,87,505,1,-0.051281583617693194,69.06
TX_003667,STORE_10,CHK_008,10,248,6,1,24.8,0.6,85,505,1,-0.050748786570634974,68.93
TX_002621,STORE_04,CHK_047,1,68,3,0,68.0,3.0,95,478,1,-0.049661178891168056,68.67
TX_004564,STORE_09,CHK_039,1,106,3,0,106.0,3.0,103,524,1,-0.04915294055290198,68.54
TX_000359,STORE_03,CHK_023,3,357,2,1,119.0,0.6666666666666666,98,535,1,-0.04832490124969491,68.34
TX_003465,STORE_06,CHK_033,30,219,4,1,7.3,0.13333333333333333,121,489,1,-0.0472570731133638,68.08
TX_002680,STORE_05,CHK_002,1,138,2,0,138.0,2.0,105,469,1,-0.045873993501642674,67.75
TX_003075,STORE_07,CHK_004,2,34,5,1,17.0,2.5,95,492,1,-0.04501643436218972,67.54
TX_000244,STORE_10,CHK_044,7,88,7,1,12.571428571428571,1.0,125,505,1,-0.04489552962644294,67.51
TX_002617,STORE_09,CHK_013,2,340,1,1,170.0,0.5,110,524,1,-0.04469657806488381,67.46
TX_001427,STORE_07,CHK_048,52,83,6,1,1.5961538461538463,0.11538461538461539,113,492,1,-0.043319441757456056,67.13
TX_003948,STORE_03,CHK_001,1,162,1,0,162.0,1.0,116,535,1,-0.04234850981439986,66.89
TX_002386,STORE_03,CHK_005,4,63,5,1,15.75,1.25,84,535,1,-0.0419275177999342,66.79
TX_003766,STORE_03,CHK_005,1,163,1,0,163.0,1.0,84,535,1,-0.04172214212901937,66.74
TX_004532,STORE_08,CHK_008,36,200,4,1,5.555555555555555,0.1111111111111111,85,509,1,-0.040818874792848625,66.52
TX_000466,STORE_01,CHK_014,1,119,3,0,119.0,3.0,103,509,1,-0.039319083941340094,66.15
TX_002935,STORE_09,CHK_005,1,120,2,0,120.0,2.0,84,524,1,-0.03898451984833029,66.07
TX_004347,STORE_04,CHK_002,59,127,4,1,2.152542372881356,0.06779661016949153,105,478,1,-0.03804290293029755,65.84
TX_003113,STORE_04,CHK_015,58,189,2,1,3.2586206896551726,0.034482758620689655,104,478,1,-0.03611844463327185,65.38
TX_002286,STORE_03,CHK_047,34,219,3,1,6.4411764705882355,0.08823529411764706,95,535,1,-0.03592444513679538,65.33
TX_002001,STORE_03,CHK_004,1,126,2,0,126.0,2.0,95,535,1,-0.03570559441995014,65.28
TX_000277,STORE_01,CHK_044,2,15,3,0,7.5,1.5,125,509,1,-0.03568517125591819,65.27
TX_001711,STORE_03,CHK_036,1,116,2,0,116.0,2.0,109,535,1,-0.035518259014083675,65.23
TX_003408,STORE_03,CHK_011,1,163,1,0,163.0,1.0,111,535,1,-0.03532751515662835,65.18
TX_002831,STORE_09,CHK_049,39,219,3,1,5.615384615384615,0.07692307692307693,91,524,1,-0.034100346975586504,64.89
TX_004579,STORE_05,CHK_020,1,119,2,0,119.0,2.0,94,469,1,-0.03392718651500337,64.84
TX_004464,STORE_04,CHK_033,1,143,1,0,143.0,1.0,121,478,1,-0.03275726833378212,64.56
TX_003389,STORE_07,CHK_048,48,223,2,1,4.645833333333333,0.041666666666666664,113,492,1,-0.03277149401219459,64.56
TX_001490,STORE_10,CHK_018,2,145,4,1,72.5,2.0,97,505,1,-0.032326781320821674,64.46
TX_001251,STORE_01,CHK_045,3,438,1,1,146.0,0.3333333333333333,91,509,1,-0.031275365791767595,64.2
TX_002762,STORE_04,CHK_006,1,133,2,0,133.0,2.0,102,478,1,-0.030611428125941087,64.04
TX_000626,STORE_07,CHK_036,1,139,2,0,139.0,2.0,109,492,1,-0.029759783167633613,63.83
TX_002948,STORE_03,CHK_026,45,190,2,1,4.222222222222222,0.044444444444444446,103,535,1,-0.028182195744776095,63.45
TX_002602,STORE_02,CHK_012,1,175,1,0,175.0,1.0,87,490,1,-0.026342164117518885,63.0
TX_002487,STORE_04,CHK_001,1,38,2,0,38.0,2.0,116,478,1,-0.025668958602330094,62.84
TX_004923,STORE_06,CHK_002,2,318,1,1,159.0,0.5,105,489,1,-0.024630053291342824,62.59
TX_001575,STORE_08,CHK_033,1,92,2,0,92.0,2.0,121,509,1,-0.02419440837195097,62.48
TX_004157,STORE_03,CHK_018,1,111,2,0,111.0,2.0,97,535,1,-0.023765568002573345,62.38
TX_005000,STORE_09,CHK_033,10,101,6,1,10.1,0.6,121,524,1,-0.023036050271666553,62.2
TX_002708,STORE_02,CHK_029,1,123,2,0,123.0,2.0,90,490,1,-0.02243657647090269,62.05
TX_000739,STORE_08,CHK_002,8,152,8,1,19.0,1.0,105,509,1,-0.02142608806795543,61.81
TX_001183,STORE_06,CHK_041,9,114,9,1,12.666666666666666,1.0,105,489,1,-0.020691440329068223,61.63
TX_001923,STORE_06,CHK_013,31,81,7,1,2.6129032258064515,0.22580645161290322,110,489,1,-0.019206957473006492,61.27
TX_001801,STORE_10,CHK_007,1,134,2,0,134.0,2.0,95,505,1,-0.01815493870726903,61.01
TX_000419,STORE_01,CHK_004,26,167,7,1,6.423076923076923,0.2692307692307692,95,509,1,-0.01810756619788778,61.0
TX_003470,STORE_04,CHK_006,1,118,2,0,118.0,2.0,102,478,1,-0.01695280877858374,60.72
TX_001250,STORE_09,CHK_044,1,15,1,0,15.0,1.0,125,524,1,-0.0158188672158186,60.44
TX_000771,STORE_04,CHK_004,25,207,5,1,8.28,0.2,95,478,1,-0.015134881192532146,60.28
TX_002374,STORE_06,CHK_039,33,207,4,1,6.2727272727272725,0.12121212121212122,103,489,1,-0.013522953579088726,59.89
TX_000434,STORE_09,CHK_036,1,71,2,0,71.0,2.0,109,524,1,-0.012840650769230355,59.72
TX_000425,STORE_05,CHK_035,4,133,4,1,33.25,1.0,114,469,1,-0.012378091221380894,59.61
TX_004868,STORE_06,CHK_030,32,221,2,1,6.90625,0.0625,84,489,1,-0.012337004811045493,59.6
TX_000691,STORE_02,CHK_006,15,110,9,1,7.333333333333333,0.6,102,490,1,-0.01174858460901207,59.46
TX_004316,STORE_05,CHK_028,47,167,2,1,3.5531914893617023,0.0425531914893617,102,469,1,-0.011510183276039365,59.4
TX_000795,STORE_04,CHK_033,1,123,1,0,123.0,1.0,121,478,1,-0.011081829162744694,59.29
TX_003588,STORE_05,CHK_003,1,143,1,0,143.0,1.0,97,469,1,-0.010118279317512191,59.06
TX_000076,STORE_05,CHK_008,8,163,4,1,20.375,0.5,85,469,1,-0.009539362890273018,58.92
TX_000072,STORE_09,CHK_032,1,146,1,0,146.0,1.0,111,524,1,-0.009489538789640983,58.91
TX_003249,STORE_01,CHK_024,10,111,8,1,11.1,0.8,92,509,1,-0.009517805090861087,58.91
TX_001691,STORE_10,CHK_028,27,226,4,1,8.37037037037037,0.14814814814814814,102,505,1,-0.008514292134193524,58.67
TX_003423,STORE_10,CHK_031,1,160,1,0,160.0,1.0,113,505,1,-0.008296192535248492,58.62
TX_003727,STORE_01,CHK_028,1,131,2,0,131.0,2.0,102,509,1,-0.007232040360074077,58.36
TX_001585,STORE_01,CHK_035,8,155,6,1,19.375,0.75,114,509,1,-0.007041799243204028,58.31
TX_003450,STORE_02,CHK_003,49,160,3,1,3.2653061224489797,0.061224489795918366,97,490,1,-0.005911474532984795,58.04
TX_004846,STORE_07,CHK_003,7,112,7,1,16.0,1.0,97,492,1,-0.004818135016048997,57.77
TX_001372,STORE_03,CHK_014,2,82,3,0,41.0,1.5,103,535,1,-0.004056574430538418,57.59
TX_003283,STORE_09,CHK_006,17,135,7,1,7.9411764705882355,0.4117647058823529,102,524,1,-0.0037623349207739354,57.52
TX_001031,STORE_06,CHK_013,1,91,2,0,91.0,2.0,110,489,1,-0.0027787348253512922,57.28
TX_004298,STORE_03,CHK_018,53,124,2,1,2.339622641509434,0.03773584905660377,97,535,1,-0.002312479470183093,57.16
TX_003869,STORE_07,CHK_049,1,83,2,0,83.0,2.0,91,492,1,-0.0010030506879729062,56.85
TX_000735,STORE_04,CHK_044,4,56,3,0,14.0,0.75,125,478,1,-0.0008724651474304457,56.81
TX_004444,STORE_01,CHK_044,7,51,4,1,7.285714285714286,0.5714285714285714,125,509,1,-0.00027439917481986154,56.67
TX_000803,STORE_09,CHK_044,1,139,0,0,139.0,0.0,125,524,0,8.486572417143456e-06,56.6
TX_000162,STORE_03,CHK_013,7,86,5,0,12.285714285714286,0.7142857142857143,110,535,0,0.00038080908616600073,56.51
TX_004323,STORE_03,CHK_027,25,27,2,1,1.08,0.08,86,535,0,0.0012257480232134021,56.3
TX_003866,STORE_02,CHK_035,1,75,2,0,75.0,2.0,114,490,0,0.0012511232905031422,56.3
TX_002098,STORE_08,CHK_019,25,191,4,1,7.64,0.16,90,509,0,0.0023173767092188324,56.04
TX_002895,STORE_05,CHK_025,1,122,0,0,122.0,0.0,80,469,0,0.002480626634794536,56.0
TX_004640,STORE_02,CHK_015,36,208,3,1,5.777777777777778,0.08333333333333333,104,490,0,0.002622541548937818,55.96
TX_004118,STORE_06,CHK_044,1,103,1,0,103.0,1.0,125,489,0,0.0026527636667303955,55.96
TX_001072,STORE_10,CHK_043,9,78,7,1,8.666666666666666,0.7777777777777778,98,505,0,0.0026853993469251325,55.95
TX_003385,STORE_06,CHK_044,10,159,4,1,15.9,0.4,125,489,0,0.003128387758214779,55.84
TX_003592,STORE_10,CHK_047,1,98,2,0,98.0,2.0,95,505,0,0.0036127477155922794,55.72
TX_002056,STORE_01,CHK_006,1,117,2,0,117.0,2.0,102,509,0,0.003810525141048071,55.68
TX_003489,STORE_10,CHK_044,1,114,1,0,114.0,1.0,125,505,0,0.0037851446943392153,55.68
TX_001030,STORE_07,CHK_028,1,114,2,0,114.0,2.0,102,492,0,0.005378237016618215,55.29
TX_001500,STORE_07,CHK_009,1,107,2,0,107.0,2.0,98,492,0,0.005494601612897276,55.27
TX_001448,STORE_03,CHK_030,1,77,1,0,77.0,1.0,84,535,0,0.005593595002110985,55.24
TX_000463,STORE_08,CHK_046,1,111,2,0,111.0,2.0,104,509,0,0.007065970575874436,54.88
TX_000954,STORE_04,CHK_004,1,137,1,0,137.0,1.0,95,478,0,0.007080352657994449,54.88
TX_000825,STORE_01,CHK_035,9,93,6,1,10.333333333333334,0.6666666666666666,114,509,0,0.0071606495086528055,54.86
TX_001840,STORE_07,CHK_029,1,150,1,0,150.0,1.0,90,492,0,0.007536324702421826,54.77
TX_001877,STORE_03,CHK_046,1,126,1,0,126.0,1.0,104,535,0,0.007870286232150914,54.69
TX_000678,STORE_02,CHK_001,4,141,4,1,35.25,1.0,116,490,0,0.007971963088982403,54.66
TX_002558,STORE_05,CHK_005,1,54,1,0,54.0,1.0,84,469,0,0.009271187863311936,54.35
TX_001725,STORE_06,CHK_004,2,135,3,0,67.5,1.5,95,489,0,0.009930608311175537,54.19
TX_002910,STORE_03,CHK_033,2,179,0,0,89.5,0.0,121,535,0,0.010460792436720934,54.06
TX_002673,STORE_09,CHK_005,25,24,2,1,0.96,0.08,84,524,0,0.01056922162687679,54.03
TX_001751,STORE_07,CHK_032,25,175,4,1,7.0,0.16,111,492,0,0.010666696483212834,54.01
TX_003847,STORE_01,CHK_044,1,106,1,0,106.0,1.0,125,509,0,0.010967278321733165,53.94
TX_004982,STORE_09,CHK_022,1,141,1,0,141.0,1.0,106,524,0,0.011045260418179992,53.92
TX_003141,STORE_06,CHK_026,10,127,7,1,12.7,0.7,103,489,0,0.011212510067939552,53.88
TX_003240,STORE_05,CHK_041,5,62,4,1,12.4,0.8,105,469,0,0.012147293585176966,53.65
TX_004446,STORE_08,CHK_040,1,140,1,0,140.0,1.0,114,509,0,0.01235686256697821,53.6
TX_001755,STORE_05,CHK_001,2,113,2,0,56.5,1.0,116,469,0,0.012417160756511114,53.58
TX_000222,STORE_01,CHK_006,1,48,2,0,48.0,2.0,102,509,0,0.01333112407701964,53.36
TX_002628,STORE_08,CHK_048,1,182,0,0,182.0,0.0,113,509,0,0.013990209820175958,53.2
TX_004411,STORE_01,CHK_039,6,172,5,1,28.666666666666668,0.8333333333333334,103,509,0,0.014033012899667185,53.19
TX_004465,STORE_02,CHK_044,7,75,4,1,10.714285714285714,0.5714285714285714,125,490,0,0.014789375227728163,53.01
TX_000660,STORE_05,CHK_002,1,120,1,0,120.0,1.0,105,469,0,0.015506543312953314,52.83
TX_001906,STORE_07,CHK_044,1,44,1,0,44.0,1.0,125,492,0,0.01589269278059513,52.74
TX_001944,STORE_04,CHK_024,1,119,1,0,119.0,1.0,92,478,0,0.016882028940699456,52.5
TX_003957,STORE_09,CHK_012,1,102,1,0,102.0,1.0,87,524,0,0.017615665445945505,52.32
TX_000860,STORE_01,CHK_035,29,211,2,1,7.275862068965517,0.06896551724137931,114,509,0,0.01862798295021517,52.08
TX_001746,STORE_04,CHK_034,1,94,1,0,94.0,1.0,89,478,0,0.018735420344585196,52.05
TX_003460,STORE_03,CHK_043,1,118,1,0,118.0,1.0,98,535,0,0.018955301519396395,52.0
TX_001638,STORE_05,CHK_046,1,155,0,0,155.0,0.0,104,469,0,0.019385707275265007,51.89
TX_002800,STORE_08,CHK_032,4,262,2,1,65.5,0.5,111,509,0,0.02041453702705709,51.64
TX_004582,STORE_05,CHK_049,1,76,1,0,76.0,1.0,91,469,0,0.020627834867878114,51.59
TX_003970,STORE_08,CHK_019,4,362,1,1,90.5,0.25,90,509,0,0.020736508656015173,51.56
TX_004389,STORE_01,CHK_012,1,163,0,0,163.0,0.0,87,509,0,0.02075990008733619,51.56
TX_000921,STORE_07,CHK_033,1,15,1,0,15.0,1.0,121,492,0,0.020891522206980984,51.53
TX_002618,STORE_10,CHK_042,1,184,0,0,184.0,0.0,95,505,0,0.02138790553522041,51.41
TX_002702,STORE_05,CHK_019,1,57,1,0,57.0,1.0,90,469,0,0.021548043050443777,51.37
TX_001014,STORE_06,CHK_019,27,182,3,1,6.7407407407407405,0.1111111111111111,90,489,0,0.021702533903111387,51.33
TX_004727,STORE_01,CHK_025,1,78,1,0,78.0,1.0,80,509,0,0.021948466061248784,51.27
TX_003996,STORE_03,CHK_031,2,67,2,0,33.5,1.0,113,535,0,0.022046317308503594,51.25
TX_004310,STORE_02,CHK_033,1,85,1,0,85.0,1.0,121,490,0,0.022174307653919034,51.21
TX_004001,STORE_04,CHK_001,1,78,1,0,78.0,1.0,116,478,0,0.022273811994836246,51.19
TX_004164,STORE_01,CHK_044,1,77,1,0,77.0,1.0,125,509,0,0.022414611687431862,51.16
TX_001817,STORE_10,CHK_018,1,150,1,0,150.0,1.0,97,505,0,0.023073602746929378,51.0
TX_002957,STORE_05,CHK_017,26,22,2,1,0.8461538461538461,0.07692307692307693,107,469,0,0.023152654642204173,50.98
TX_004525,STORE_06,CHK_025,1,33,1,0,33.0,1.0,80,489,0,0.023336742770015295,50.93
TX_004646,STORE_03,CHK_018,1,111,1,0,111.0,1.0,97,535,0,0.023684091882375635,50.85
TX_003252,STORE_03,CHK_024,1,66,1,0,66.0,1.0,92,535,0,0.02393830105845063,50.79
TX_001175,STORE_03,CHK_031,5,151,3,0,30.2,0.6,113,535,0,0.024103136835311956,50.75
TX_003064,STORE_03,CHK_013,1,57,1,0,57.0,1.0,110,535,0,0.02431794448105873,50.69
TX_003702,STORE_05,CHK_017,1,84,1,0,84.0,1.0,107,469,0,0.024998989524958826,50.53
TX_004357,STORE_03,CHK_036,15,53,4,0,3.533333333333333,0.26666666666666666,109,535,0,0.025150519519688497,50.49
TX_000491,STORE_01,CHK_037,2,53,3,0,26.5,1.5,99,509,0,0.02566227732770776,50.37
TX_003844,STORE_05,CHK_019,1,53,1,0,53.0,1.0,90,469,0,0.025810668263850922,50.33
TX_000276,STORE_09,CHK_019,1,97,1,0,97.0,1.0,90,524,0,0.025813876169219152,50.33
TX_001747,STORE_04,CHK_011,26,167,3,1,6.423076923076923,0.11538461538461539,111,478,0,0.026133855320323196,50.25
TX_002835,STORE_03,CHK_025,7,60,3,0,8.571428571428571,0.42857142857142855,80,535,0,0.026254409173538384,50.22
TX_001354,STORE_01,CHK_001,37,102,3,1,2.7567567567567566,0.08108108108108109,116,509,0,0.02679768715291564,50.09
TX_002202,STORE_09,CHK_048,1,92,1,0,92.0,1.0,113,524,0,0.027431018771265858,49.94
TX_004105,STORE_05,CHK_025,18,56,2,0,3.111111111111111,0.1111111111111111,80,469,0,0.02814940517079212,49.76
TX_003773,STORE_02,CHK_027,1,93,1,0,93.0,1.0,86,490,0,0.028461253192092806,49.69
TX_001028,STORE_10,CHK_018,1,143,1,0,143.0,1.0,97,505,0,0.028484567155490526,49.68
TX_002974,STORE_03,CHK_046,1,92,1,0,92.0,1.0,104,535,0,0.028857169721814957,49.59
TX_001666,STORE_09,CHK_031,1,87,1,0,87.0,1.0,113,524,0,0.029343253409312098,49.47
TX_000704,STORE_09,CHK_044,6,103,3,0,17.166666666666668,0.5,125,524,0,0.03058048274073677,49.17
TX_004542,STORE_02,CHK_020,8,50,5,1,6.25,0.625,94,490,0,0.03153440867227042,48.94
TX_002031,STORE_05,CHK_023,1,75,1,0,75.0,1.0,98,469,0,0.031685255119026645,48.9
TX_000112,STORE_09,CHK_024,1,108,1,0,108.0,1.0,92,524,0,0.03179837845922073,48.88
TX_000038,STORE_10,CHK_039,6,133,5,1,22.166666666666668,0.8333333333333334,103,505,0,0.03198761552135565,48.83
TX_000121,STORE_09,CHK_036,1,95,1,0,95.0,1.0,109,524,0,0.032170549248688673,48.79
TX_002575,STORE_10,CHK_005,1,15,1,0,15.0,1.0,84,505,0,0.033608343478012004,48.44
TX_004311,STORE_09,CHK_044,9,15,2,0,1.6666666666666667,0.2222222222222222,125,524,0,0.033723064716555395,48.41
TX_001718,STORE_04,CHK_048,1,81,1,0,81.0,1.0,113,478,0,0.03375665164942088,48.4
TX_004630,STORE_04,CHK_029,3,92,3,0,30.666666666666668,1.0,90,478,0,0.03380154752305509,48.39
TX_002616,STORE_09,CHK_031,1,55,1,0,55.0,1.0,113,524,0,0.03404752262431654,48.33
TX_002589,STORE_03,CHK_050,1,55,1,0,55.0,1.0,102,535,0,0.03404958751678089,48.33
TX_000693,STORE_03,CHK_002,1,53,1,0,53.0,1.0,105,535,0,0.034211431643507595,48.29
TX_000683,STORE_09,CHK_047,1,112,1,0,112.0,1.0,95,524,0,0.034750569449052526,48.16
TX_004053,STORE_08,CHK_029,1,125,1,0,125.0,1.0,90,509,0,0.03528975878562479,48.03
TX_001018,STORE_09,CHK_046,1,111,1,0,111.0,1.0,104,524,0,0.03566545175179381,47.94
TX_004743,STORE_05,CHK_040,26,26,0,1,1.0,0.0,114,469,0,0.03585871598047308,47.89
TX_004753,STORE_05,CHK_010,10,77,4,0,7.7,0.4,90,469,0,0.03601004147497422,47.85
TX_002467,STORE_08,CHK_039,4,142,4,1,35.5,1.0,103,509,0,0.03616061246301239,47.82
TX_003008,STORE_03,CHK_044,1,83,0,0,83.0,0.0,125,535,0,0.036133281223316716,47.82
TX_001750,STORE_06,CHK_035,1,110,1,0,110.0,1.0,114,489,0,0.036313755939976766,47.78
TX_000350,STORE_06,CHK_008,2,51,2,0,25.5,1.0,85,489,0,0.036989846291212825,47.61
TX_002201,STORE_03,CHK_025,2,93,1,0,46.5,0.5,80,535,0,0.03838658969821673,47.28
TX_004374,STORE_02,CHK_023,1,128,1,0,128.0,1.0,98,490,0,0.03906355355063795,47.11
TX_000298,STORE_02,CHK_047,1,124,1,0,124.0,1.0,95,490,0,0.03930495115269228,47.05
TX_002839,STORE_07,CHK_032,1,119,1,0,119.0,1.0,111,492,0,0.039429634861736784,47.02
TX_002517,STORE_07,CHK_017,7,179,4,1,25.571428571428573,0.5714285714285714,107,492,0,0.04047141528675724,46.77
TX_000174,STORE_07,CHK_010,1,103,1,0,103.0,1.0,90,492,0,0.040565801320535666,46.75
TX_002574,STORE_09,CHK_032,8,142,4,1,17.75,0.5,111,524,0,0.041974409440416305,46.4
TX_000336,STORE_10,CHK_023,36,97,3,1,2.6944444444444446,0.08333333333333333,98,505,0,0.04222422511871071,46.34
TX_004566,STORE_06,CHK_035,1,88,1,0,88.0,1.0,114,489,0,0.04255108216224279,46.26
TX_004063,STORE_04,CHK_011,1,48,1,0,48.0,1.0,111,478,0,0.04257712276258385,46.26
TX_003088,STORE_05,CHK_044,3,147,0,0,49.0,0.0,125,469,0,0.042924070721726326,46.17
TX_001845,STORE_08,CHK_001,1,95,1,0,95.0,1.0,116,509,0,0.04298784388862731,46.16
TX_000504,STORE_09,CHK_041,1,151,0,0,151.0,0.0,105,524,0,0.043303285782584466,46.08
TX_001027,STORE_05,CHK_012,6,133,3,0,22.166666666666668,0.5,87,469,0,0.04393641588459618,45.93
TX_000449,STORE_09,CHK_006,1,45,1,0,45.0,1.0,102,524,0,0.04428820790589094,45.84
TX_004359,STORE_09,CHK_036,8,149,4,1,18.625,0.5,109,524,0,0.04434703897168124,45.83
TX_003655,STORE_10,CHK_044,6,103,3,0,17.166666666666668,0.5,125,505,0,0.04433787539162248,45.83
TX_003578,STORE_07,CHK_008,1,28,1,0,28.0,1.0,85,492,0,0.04449830102382235,45.79
TX_004961,STORE_09,CHK_050,1,44,1,0,44.0,1.0,102,524,0,0.04456321912677985,45.77
TX_000180,STORE_07,CHK_048,1,98,1,0,98.0,1.0,113,492,0,0.04467260382008553,45.75
TX_003363,STORE_10,CHK_049,1,120,1,0,120.0,1.0,91,505,0,0.044869626680749786,45.7
TX_000621,STORE_04,CHK_036,1,46,1,0,46.0,1.0,109,478,0,0.04498429536531767,45.67
TX_000237,STORE_10,CHK_044,1,111,0,0,111.0,0.0,125,505,0,0.045247742265145496,45.61
TX_003636,STORE_01,CHK_046,4,95,4,1,23.75,1.0,104,509,0,0.045415685799626626,45.57
TX_000620,STORE_05,CHK_021,4,80,3,0,20.0,0.75,101,469,0,0.04544949250233654,45.56
TX_001477,STORE_09,CHK_018,2,96,2,0,48.0,1.0,97,524,0,0.04593264782342621,45.44
TX_000124,STORE_04,CHK_045,1,33,1,0,33.0,1.0,91,478,0,0.04614294179166567,45.39
TX_001760,STORE_03,CHK_003,26,24,0,1,0.9230769230769231,0.0,97,535,0,0.0461724636798263,45.38
TX_000866,STORE_06,CHK_015,1,120,1,0,120.0,1.0,104,489,0,0.04680887411937462,45.23
TX_001082,STORE_01,CHK_015,7,102,5,1,14.571428571428571,0.7142857142857143,104,509,0,0.047088357736349895,45.16
TX_002262,STORE_01,CHK_033,29,98,2,1,3.3793103448275863,0.06896551724137931,121,509,0,0.047224744584701495,45.13
TX_004793,STORE_05,CHK_001,3,97,2,0,32.333333333333336,0.6666666666666666,116,469,0,0.04738735588561227,45.09
TX_000185,STORE_04,CHK_001,3,140,2,0,46.666666666666664,0.6666666666666666,116,478,0,0.04768486056320409,45.02
TX_003639,STORE_03,CHK_033,5,178,1,0,35.6,0.2,121,535,0,0.04770956302096452,45.01
TX_003177,STORE_07,CHK_022,1,119,1,0,119.0,1.0,106,492,0,0.048387635588573175,44.85
TX_003622,STORE_04,CHK_041,2,112,2,0,56.0,1.0,105,478,0,0.0484465995143335,44.83
TX_003247,STORE_06,CHK_011,1,92,1,0,92.0,1.0,111,489,0,0.04862250333218232,44.79
TX_004146,STORE_03,CHK_044,13,24,0,0,1.8461538461538463,0.0,125,535,0,0.0487308037147367,44.76
TX_002567,STORE_04,CHK_029,7,73,4,0,10.428571428571429,0.5714285714285714,90,478,0,0.04902478788439768,44.69
TX_000524,STORE_07,CHK_001,1,43,1,0,43.0,1.0,116,492,0,0.04938597955051882,44.6
TX_001630,STORE_01,CHK_005,24,18,1,1,0.75,0.041666666666666664,84,509,0,0.049479572788307946,44.58
TX_003856,STORE_05,CHK_044,6,174,0,0,29.0,0.0,125,469,0,0.04975118830648928,44.51
TX_003352,STORE_03,CHK_047,1,131,0,0,131.0,0.0,95,535,0,0.049773745815199,44.51
TX_000039,STORE_01,CHK_034,1,88,1,0,88.0,1.0,89,509,0,0.050350145507758404,44.37
TX_001341,STORE_10,CHK_027,1,50,1,0,50.0,1.0,86,505,0,0.05087673331998599,44.24
TX_003261,STORE_04,CHK_025,1,80,0,0,80.0,0.0,80,478,0,0.050866896314123,44.24
TX_003848,STORE_05,CHK_024,1,115,0,0,115.0,0.0,92,469,0,0.051375850878683904,44.12
TX_000811,STORE_09,CHK_039,2,104,2,0,52.0,1.0,103,524,0,0.05148888505597804,44.09
TX_003368,STORE_10,CHK_036,1,108,1,0,108.0,1.0,109,505,0,0.05156804556302652,44.07
TX_003426,STORE_04,CHK_025,9,70,3,0,7.777777777777778,0.3333333333333333,80,478,0,0.05166988227500391,44.05
TX_001377,STORE_02,CHK_010,1,15,1,0,15.0,1.0,90,490,0,0.05175668990630622,44.03
TX_004849,STORE_07,CHK_046,1,117,1,0,117.0,1.0,104,492,0,0.05232964316787625,43.89
TX_000424,STORE_08,CHK_013,1,108,1,0,108.0,1.0,110,509,0,0.05259222922673057,43.82
TX_000191,STORE_09,CHK_017,4,71,3,0,17.75,0.75,107,524,0,0.0532000704872011,43.68
TX_004191,STORE_05,CHK_023,2,180,0,0,90.0,0.0,98,469,0,0.05344784269646097,43.62
TX_000137,STORE_04,CHK_007,9,40,4,1,4.444444444444445,0.4444444444444444,95,478,0,0.053840045650213164,43.52
TX_002856,STORE_04,CHK_048,6,31,3,0,5.166666666666667,0.5,113,478,0,0.0540333485440907,43.47
TX_003068,STORE_03,CHK_044,4,17,0,0,4.25,0.0,125,535,0,0.0542821553705608,43.41
TX_001073,STORE_08,CHK_003,5,67,4,0,13.4,0.8,97,509,0,0.05440199789549771,43.38
TX_001693,STORE_10,CHK_049,1,18,1,0,18.0,1.0,91,505,0,0.054573687570399265,43.34
TX_004687,STORE_02,CHK_044,1,106,0,0,106.0,0.0,125,490,0,0.05479801083826252,43.29
TX_002271,STORE_05,CHK_044,10,66,2,0,6.6,0.2,125,469,0,0.055083349068639875,43.22
TX_000360,STORE_04,CHK_033,1,97,0,0,97.0,0.0,121,478,0,0.05532775604065998,43.16
TX_003965,STORE_10,CHK_044,1,98,0,0,98.0,0.0,125,505,0,0.05537943904419973,43.15
TX_003777,STORE_07,CHK_035,1,75,1,0,75.0,1.0,114,492,0,0.05564199916720258,43.08
TX_001389,STORE_05,CHK_044,4,130,1,0,32.5,0.25,125,469,0,0.05605677822558053,42.98
TX_001412,STORE_02,CHK_008,10,17,3,0,1.7,0.3,85,490,0,0.056463188688706034,42.88
TX_002002,STORE_01,CHK_038,1,90,1,0,90.0,1.0,92,509,0,0.056508784688636626,42.87
TX_003843,STORE_05,CHK_032,4,143,2,0,35.75,0.5,111,469,0,0.05666558246474074,42.83
TX_003065,STORE_10,CHK_002,1,112,1,0,112.0,1.0,105,505,0,0.05734741131739818,42.67
TX_000874,STORE_05,CHK_011,1,115,0,0,115.0,0.0,111,469,0,0.05811627554539234,42.48
TX_004134,STORE_09,CHK_043,4,74,3,0,18.5,0.75,98,524,0,0.05879526920526024,42.32
TX_000614,STORE_05,CHK_001,1,97,0,0,97.0,0.0,116,469,0,0.05890533629364736,42.29
TX_001504,STORE_06,CHK_040,10,126,4,1,12.6,0.4,114,489,0,0.05899951124393221,42.27
TX_002204,STORE_08,CHK_031,1,70,1,0,70.0,1.0,113,509,0,0.05923178160723641,42.21
TX_003858,STORE_03,CHK_030,1,105,0,0,105.0,0.0,84,535,0,0.059303676819993156,42.19
TX_004385,STORE_09,CHK_029,1,125,0,0,125.0,0.0,90,524,0,0.05988076615126103,42.05
TX_000809,STORE_06,CHK_014,1,88,1,0,88.0,1.0,103,489,0,0.0600297103809081,42.02
TX_001858,STORE_10,CHK_024,1,82,1,0,82.0,1.0,92,505,0,0.06010654532231052,42.0
TX_003772,STORE_03,CHK_007,25,35,0,1,1.4,0.0,95,535,0,0.060338481271118294,41.94
TX_000250,STORE_07,CHK_043,1,89,1,0,89.0,1.0,98,492,0,0.06052133156005968,41.9
TX_004033,STORE_01,CHK_028,1,150,0,0,150.0,0.0,102,509,0,0.06095912274349158,41.79
TX_001042,STORE_08,CHK_048,11,15,3,0,1.3636363636363635,0.2727272727272727,113,509,0,0.06123192049789683,41.73
TX_001235,STORE_03,CHK_031,4,141,2,0,35.25,0.5,113,535,0,0.061408745079421734,41.68
TX_000858,STORE_10,CHK_028,1,99,1,0,99.0,1.0,102,505,0,0.06164031129860015,41.63
TX_004976,STORE_05,CHK_044,4,122,1,0,30.5,0.25,125,469,0,0.0617457033419746,41.6
TX_000416,STORE_02,CHK_029,1,133,0,0,133.0,0.0,90,490,0,0.06213303297286166,41.51
TX_001455,STORE_06,CHK_045,1,36,1,0,36.0,1.0,91,489,0,0.06240164143793159,41.44
TX_003977,STORE_02,CHK_050,1,89,1,0,89.0,1.0,102,490,0,0.06247821733249315,41.42
TX_003118,STORE_08,CHK_038,1,62,1,0,62.0,1.0,92,509,0,0.06293094467397864,41.31
TX_004141,STORE_01,CHK_039,1,15,1,0,15.0,1.0,103,509,0,0.0629230126109277,41.31
TX_003143,STORE_01,CHK_011,1,72,1,0,72.0,1.0,111,509,0,0.06302097354139002,41.29
TX_001493,STORE_05,CHK_025,3,114,1,0,38.0,0.3333333333333333,80,469,0,0.06334422584163169,41.21
TX_004140,STORE_09,CHK_020,1,128,0,0,128.0,0.0,94,524,0,0.06345076647058834,41.19
TX_002359,STORE_01,CHK_037,1,145,0,0,145.0,0.0,99,509,0,0.06342334938274541,41.19
TX_004965,STORE_10,CHK_032,1,74,1,0,74.0,1.0,111,505,0,0.06346305257822782,41.18
TX_000165,STORE_08,CHK_015,1,103,1,0,103.0,1.0,104,509,0,0.06419686477164466,41.0
TX_003988,STORE_05,CHK_037,1,116,0,0,116.0,0.0,99,469,0,0.06435522630900448,40.97
TX_001277,STORE_01,CHK_037,1,109,1,0,109.0,1.0,99,509,0,0.06438716490096585,40.96
TX_003704,STORE_03,CHK_016,4,26,2,0,6.5,0.5,104,535,0,0.06454227835996129,40.92
TX_002299,STORE_05,CHK_035,9,172,2,0,19.11111111111111,0.2222222222222222,114,469,0,0.06512880910258712,40.78
TX_004143,STORE_05,CHK_044,16,103,1,0,6.4375,0.0625,125,469,0,0.06551339274626322,40.68
TX_003355,STORE_06,CHK_046,1,63,1,0,63.0,1.0,104,489,0,0.06567365878078457,40.65
TX_004068,STORE_05,CHK_049,21,29,0,1,1.380952380952381,0.0,91,469,0,0.0659633935790177,40.58
TX_002865,STORE_09,CHK_018,1,130,0,0,130.0,0.0,97,524,0,0.06609428927827965,40.54
TX_000761,STORE_06,CHK_021,1,62,1,0,62.0,1.0,101,489,0,0.0662676933917653,40.5
TX_003730,STORE_03,CHK_038,6,126,3,0,21.0,0.5,92,535,0,0.06635358918990486,40.48
TX_000941,STORE_07,CHK_044,2,146,0,0,73.0,0.0,125,492,0,0.06639916192153816,40.47
TX_001869,STORE_05,CHK_025,9,61,2,0,6.777777777777778,0.2222222222222222,80,469,0,0.0664232700527726,40.46
TX_000842,STORE_05,CHK_046,14,15,2,0,1.0714285714285714,0.14285714285714285,104,469,0,0.06646913851563152,40.45
TX_000514,STORE_04,CHK_028,28,26,0,1,0.9285714285714286,0.0,102,478,0,0.06654539719157326,40.43
TX_004777,STORE_04,CHK_014,1,126,0,0,126.0,0.0,103,478,0,0.06662767663729374,40.41
TX_000797,STORE_07,CHK_042,1,37,1,0,37.0,1.0,95,492,0,0.06734542217255135,40.24
TX_000886,STORE_01,CHK_024,2,67,2,0,33.5,1.0,92,509,0,0.06746124634529826,40.21
TX_004133,STORE_07,CHK_041,1,40,1,0,40.0,1.0,105,492,0,0.06759187219580953,40.18
TX_002727,STORE_05,CHK_021,2,136,1,0,68.0,0.5,101,469,0,0.0676118105507969,40.18
TX_001164,STORE_03,CHK_008,4,162,1,0,40.5,0.25,85,535,0,0.06791381515487416,40.1
TX_001169,STORE_03,CHK_045,1,113,0,0,113.0,0.0,91,535,0,0.06796750005400343,40.09
TX_001843,STORE_05,CHK_019,15,34,2,1,2.2666666666666666,0.13333333333333333,90,469,0,0.06797530251022332,40.09
TX_004850,STORE_06,CHK_039,1,41,1,0,41.0,1.0,103,489,0,0.06842314363645385,39.98
TX_003720,STORE_05,CHK_017,1,109,0,0,109.0,0.0,107,469,0,0.06861047517934837,39.93
TX_003599,STORE_05,CHK_027,1,79,0,0,79.0,0.0,86,469,0,0.06883227273279713,39.88
TX_000202,STORE_04,CHK_034,3,114,2,0,38.0,0.6666666666666666,89,478,0,0.06904721955436488,39.83
TX_000768,STORE_03,CHK_013,7,138,3,0,19.714285714285715,0.42857142857142855,110,535,0,0.06910999044429456,39.81
TX_004731,STORE_07,CHK_020,2,92,2,0,46.0,1.0,94,492,0,0.06971677826511069,39.66
TX_003928,STORE_05,CHK_002,1,110,0,0,110.0,0.0,105,469,0,0.06981118395452424,39.64
TX_003332,STORE_07,CHK_046,1,57,1,0,57.0,1.0,104,492,0,0.07005248478103043,39.58
TX_004530,STORE_03,CHK_044,8,41,1,0,5.125,0.125,125,535,0,0.07017881842783746,39.55
TX_003567,STORE_02,CHK_004,1,135,0,0,135.0,0.0,95,490,0,0.07033131870434306,39.51
TX_004952,STORE_01,CHK_008,2,141,1,0,70.5,0.5,85,509,0,0.07048126198238203,39.48
TX_002588,STORE_10,CHK_039,1,84,1,0,84.0,1.0,103,505,0,0.07069174574237269,39.43
TX_000946,STORE_08,CHK_028,23,16,2,1,0.6956521739130435,0.08695652173913043,102,509,0,0.07082722974312905,39.39
TX_001621,STORE_08,CHK_024,13,140,4,1,10.76923076923077,0.3076923076923077,92,509,0,0.07084287394287325,39.39
TX_002946,STORE_06,CHK_007,1,133,0,0,133.0,0.0,95,489,0,0.0710109098410594,39.35
TX_001645,STORE_05,CHK_006,8,49,3,0,6.125,0.375,102,469,0,0.07112682208840493,39.32
TX_001644,STORE_10,CHK_021,1,33,1,0,33.0,1.0,101,505,0,0.07137959107379344,39.26
TX_004694,STORE_01,CHK_023,2,173,1,0,86.5,0.5,98,509,0,0.07145421052324874,39.24
TX_002802,STORE_02,CHK_042,1,52,1,0,52.0,1.0,95,490,0,0.07149848840465334,39.23
TX_001123,STORE_03,CHK_017,7,140,3,0,20.0,0.42857142857142855,107,535,0,0.0719175412736549,39.13
TX_004735,STORE_03,CHK_028,3,116,2,0,38.666666666666664,0.6666666666666666,102,535,0,0.0719445804980322,39.12
TX_002518,STORE_03,CHK_010,1,105,0,0,105.0,0.0,90,535,0,0.07222340325715126,39.05
TX_003482,STORE_05,CHK_014,3,59,2,0,19.666666666666668,0.6666666666666666,103,469,0,0.07231282233315361,39.03
TX_002723,STORE_05,CHK_001,2,140,0,0,70.0,0.0,116,469,0,0.07237751073355514,39.02
TX_004313,STORE_05,CHK_045,1,92,0,0,92.0,0.0,91,469,0,0.07237137250227177,39.02
TX_004751,STORE_10,CHK_022,1,134,0,0,134.0,0.0,106,505,0,0.07239014369666974,39.01
TX_001357,STORE_07,CHK_046,1,69,1,0,69.0,1.0,104,492,0,0.07256183590046827,38.97
TX_000881,STORE_09,CHK_033,13,23,1,0,1.7692307692307692,0.07692307692307693,121,524,0,0.07260503429230736,38.96
TX_004995,STORE_09,CHK_031,4,143,2,0,35.75,0.5,113,524,0,0.07262628093597467,38.96
TX_002773,STORE_10,CHK_018,1,56,1,0,56.0,1.0,97,505,0,0.07285355875213584,38.9
TX_002289,STORE_05,CHK_044,9,149,0,0,16.555555555555557,0.0,125,469,0,0.07315479277895909,38.83
TX_002643,STORE_06,CHK_001,3,42,2,0,14.0,0.6666666666666666,116,489,0,0.07320423908250662,38.82
TX_002793,STORE_03,CHK_033,6,77,2,0,12.833333333333334,0.3333333333333333,121,535,0,0.07354796450954848,38.73
TX_001569,STORE_01,CHK_033,4,48,2,0,12.0,0.5,121,509,0,0.07377957488890652,38.68
TX_000297,STORE_09,CHK_044,3,60,1,0,20.0,0.3333333333333333,125,524,0,0.07379501976943192,38.67
TX_003167,STORE_04,CHK_039,23,16,1,1,0.6956521739130435,0.043478260869565216,103,478,0,0.07428400040480365,38.55
TX_003276,STORE_02,CHK_034,21,29,2,1,1.380952380952381,0.09523809523809523,89,490,0,0.07449050852963168,38.5
TX_003246,STORE_10,CHK_006,7,122,4,1,17.428571428571427,0.5714285714285714,102,505,0,0.07492207611440072,38.4
TX_000214,STORE_04,CHK_025,7,55,2,0,7.857142857142857,0.2857142857142857,80,478,0,0.07546370962719584,38.27
TX_002293,STORE_05,CHK_040,10,161,2,0,16.1,0.2,114,469,0,0.07548974350552728,38.26
TX_000740,STORE_01,CHK_021,28,16,0,1,0.5714285714285714,0.0,101,509,0,0.07581184486358894,38.18
TX_004946,STORE_03,CHK_038,9,218,1,0,24.22222222222222,0.1111111111111111,92,535,0,0.07616877701415947,38.1
TX_004261,STORE_03,CHK_042,8,52,3,0,6.5,0.375,95,535,0,0.07617603344771495,38.09
TX_001222,STORE_03,CHK_003,7,58,3,0,8.285714285714286,0.42857142857142855,97,535,0,0.07621565818336029,38.08
TX_001572,STORE_04,CHK_040,6,104,3,0,17.333333333333332,0.5,114,478,0,0.07632013654081093,38.06
TX_000633,STORE_05,CHK_044,11,35,0,0,3.1818181818181817,0.0,125,469,0,0.07630807058811961,38.06
TX_000399,STORE_05,CHK_005,3,29,1,0,9.666666666666666,0.3333333333333333,84,469,0,0.07640306501575467,38.04
TX_001734,STORE_03,CHK_014,1,114,0,0,114.0,0.0,103,535,0,0.07641718272879217,38.04
TX_004540,STORE_03,CHK_045,1,96,0,0,96.0,0.0,91,535,0,0.07687898386728265,37.92
TX_002573,STORE_05,CHK_036,8,106,3,0,13.25,0.375,109,469,0,0.07705389715891675,37.88
TX_002998,STORE_06,CHK_033,4,57,2,0,14.25,0.5,121,489,0,0.07707271658438197,37.88
TX_004996,STORE_03,CHK_001,14,16,0,1,1.1428571428571428,0.0,116,535,0,0.07719584333145213,37.85
TX_003796,STORE_01,CHK_044,5,79,2,0,15.8,0.4,125,509,0,0.0776024078353501,37.75
TX_000057,STORE_07,CHK_012,1,120,0,0,120.0,0.0,87,492,0,0.0778566142267646,37.69
TX_001178,STORE_10,CHK_050,1,133,0,0,133.0,0.0,102,505,0,0.07790988725198789,37.67
TX_004414,STORE_10,CHK_002,1,130,0,0,130.0,0.0,105,505,0,0.07801878683798424,37.65
TX_002493,STORE_05,CHK_040,2,72,1,0,36.0,0.5,114,469,0,0.07814414712648232,37.62
TX_003514,STORE_03,CHK_013,14,94,3,0,6.714285714285714,0.21428571428571427,110,535,0,0.07817614663633443,37.61
TX_003225,STORE_09,CHK_050,8,166,3,0,20.75,0.375,102,524,0,0.07815549533374488,37.61
TX_004419,STORE_01,CHK_018,7,96,4,0,13.714285714285714,0.5714285714285714,97,509,0,0.07824281503111463,37.59
TX_004985,STORE_03,CHK_005,1,17,0,0,17.0,0.0,84,535,0,0.0785970441293341,37.51
TX_001398,STORE_05,CHK_008,6,120,2,0,20.0,0.3333333333333333,85,469,0,0.07878062657729346,37.46
TX_002214,STORE_10,CHK_033,9,97,3,0,10.777777777777779,0.3333333333333333,121,505,0,0.0789899999440754,37.41
TX_001961,STORE_03,CHK_049,2,37,1,0,18.5,0.5,91,535,0,0.0790791896364319,37.39
TX_003532,STORE_09,CHK_010,6,91,3,0,15.166666666666666,0.5,90,524,0,0.07924428021364982,37.35
TX_001939,STORE_03,CHK_029,2,147,0,0,73.5,0.0,90,535,0,0.08002525245339753,37.16
TX_000375,STORE_05,CHK_036,2,150,0,0,75.0,0.0,109,469,0,0.08010349370992842,37.14
TX_001976,STORE_05,CHK_030,6,15,1,0,2.5,0.16666666666666666,84,469,0,0.08043049483394027,37.06
TX_000702,STORE_03,CHK_033,18,120,0,0,6.666666666666667,0.0,121,535,0,0.08105021553110348,36.91
TX_002734,STORE_09,CHK_006,22,15,0,1,0.6818181818181818,0.0,102,524,0,0.08105136192481721,36.91
TX_001258,STORE_05,CHK_012,2,128,0,0,64.0,0.0,87,469,0,0.08119692656832123,36.87
TX_003569,STORE_01,CHK_031,27,37,0,1,1.3703703703703705,0.0,113,509,0,0.0813302411945428,36.84
TX_001085,STORE_07,CHK_041,1,132,0,0,132.0,0.0,105,492,0,0.08155244857289756,36.79
TX_000612,STORE_04,CHK_027,4,92,2,0,23.0,0.5,86,478,0,0.08173301625652785,36.74
TX_004342,STORE_03,CHK_001,2,138,0,0,69.0,0.0,116,535,0,0.08176503552736325,36.74
TX_000943,STORE_02,CHK_019,2,146,1,0,73.0,0.5,90,490,0,0.0819199929046377,36.7
TX_002184,STORE_03,CHK_044,13,77,1,0,5.923076923076923,0.07692307692307693,125,535,0,0.08232322162377681,36.6
TX_001112,STORE_05,CHK_046,1,102,0,0,102.0,0.0,104,469,0,0.0823215251179904,36.6
TX_001201,STORE_04,CHK_021,16,19,2,1,1.1875,0.125,101,478,0,0.08251623027828303,36.55
TX_002731,STORE_08,CHK_044,1,33,0,0,33.0,0.0,125,509,0,0.08254283433405041,36.55
TX_000396,STORE_10,CHK_005,19,30,1,0,1.5789473684210527,0.05263157894736842,84,505,0,0.08253642170627418,36.55
TX_001678,STORE_09,CHK_044,4,58,1,0,14.5,0.25,125,524,0,0.08260349382684018,36.53
TX_001616,STORE_04,CHK_030,5,118,2,0,23.6,0.4,84,478,0,0.08263923398744488,36.52
TX_000731,STORE_03,CHK_030,16,140,1,0,8.75,0.0625,84,535,0,0.08282188044495908,36.48
TX_003916,STORE_03,CHK_025,9,41,1,0,4.555555555555555,0.1111111111111111,80,535,0,0.08289949206340663,36.46
TX_002880,STORE_06,CHK_023,4,92,3,0,23.0,0.75,98,489,0,0.0832982646042516,36.36
TX_002761,STORE_03,CHK_011,1,89,0,0,89.0,0.0,111,535,0,0.08348832230505898,36.32
TX_000711,STORE_02,CHK_024,2,152,1,0,76.0,0.5,92,490,0,0.08384422198690522,36.23
TX_004255,STORE_04,CHK_044,11,104,2,0,9.454545454545455,0.18181818181818182,125,478,0,0.08424025277003222,36.14
TX_003448,STORE_04,CHK_021,5,93,3,0,18.6,0.6,101,478,0,0.08453250101358967,36.06
TX_001986,STORE_05,CHK_035,1,66,0,0,66.0,0.0,114,469,0,0.08458660360616976,36.05
TX_003542,STORE_02,CHK_040,3,41,2,0,13.666666666666666,0.6666666666666666,114,490,0,0.08466884235428629,36.03
TX_002036,STORE_06,CHK_033,20,57,1,0,2.85,0.05,121,489,0,0.08476829709392242,36.01
TX_004483,STORE_05,CHK_023,1,95,0,0,95.0,0.0,98,469,0,0.08496069373632287,35.96
TX_000301,STORE_03,CHK_034,7,35,2,0,5.0,0.2857142857142857,89,535,0,0.08514278559848998,35.92
TX_003361,STORE_05,CHK_044,9,132,0,0,14.666666666666666,0.0,125,469,0,0.0851487690310141,35.91
TX_002721,STORE_02,CHK_004,1,126,0,0,126.0,0.0,95,490,0,0.08515200115677168,35.91
TX_003697,STORE_03,CHK_028,1,105,0,0,105.0,0.0,102,535,0,0.08559677039552538,35.81
TX_000333,STORE_03,CHK_016,11,144,3,0,13.090909090909092,0.2727272727272727,104,535,0,0.08564060512718441,35.79
TX_002620,STORE_05,CHK_037,8,85,3,0,10.625,0.375,99,469,0,0.0856930343702188,35.78
TX_001913,STORE_07,CHK_050,24,43,2,1,1.7916666666666667,0.08333333333333333,102,492,0,0.08621473346561592,35.66
TX_003527,STORE_05,CHK_005,13,100,2,0,7.6923076923076925,0.15384615384615385,84,469,0,0.08625989711310866,35.64
TX_004163,STORE_03,CHK_025,3,118,0,0,39.333333333333336,0.0,80,535,0,0.08642612338963596,35.6
TX_003186,STORE_03,CHK_044,3,94,0,0,31.333333333333332,0.0,125,535,0,0.08651669063089529,35.58
TX_002791,STORE_04,CHK_031,22,31,0,1,1.4090909090909092,0.0,113,478,0,0.08658483696440178,35.57
TX_004701,STORE_03,CHK_030,14,38,1,1,2.7142857142857144,0.07142857142857142,84,535,0,0.08677988812028647,35.52
TX_004994,STORE_05,CHK_044,6,79,1,0,13.166666666666666,0.16666666666666666,125,469,0,0.08696031940640037,35.47
TX_000077,STORE_09,CHK_031,2,38,1,0,19.0,0.5,113,524,0,0.0870586662528231,35.45
TX_000851,STORE_08,CHK_033,5,178,1,0,35.6,0.2,121,509,0,0.08732768423111015,35.39
TX_001951,STORE_10,CHK_024,6,47,3,0,7.833333333333333,0.5,92,505,0,0.08734354524242183,35.38
TX_003343,STORE_04,CHK_006,3,42,2,0,14.0,0.6666666666666666,102,478,0,0.08737857319931153,35.37
TX_003236,STORE_04,CHK_005,5,105,2,0,21.0,0.4,84,478,0,0.08745817943979517,35.35
TX_003019,STORE_03,CHK_041,13,165,2,0,12.692307692307692,0.15384615384615385,105,535,0,0.08767965526732624,35.3
TX_001230,STORE_09,CHK_033,8,62,2,0,7.75,0.25,121,524,0,0.08771150053707422,35.29
TX_003265,STORE_02,CHK_030,2,115,1,0,57.5,0.5,84,490,0,0.08770346033175136,35.29
TX_003036,STORE_10,CHK_025,9,15,1,0,1.6666666666666667,0.1111111111111111,80,505,0,0.08777894037172262,35.28
TX_003447,STORE_02,CHK_001,3,167,1,0,55.666666666666664,0.3333333333333333,116,490,0,0.0882787479298236,35.15
TX_003501,STORE_03,CHK_014,3,15,1,0,5.0,0.3333333333333333,103,535,0,0.08872858519975702,35.04
TX_004439,STORE_05,CHK_028,1,95,0,0,95.0,0.0,102,469,0,0.0888279216277873,35.02
TX_001129,STORE_08,CHK_044,13,25,0,0,1.9230769230769231,0.0,125,509,0,0.08907655554698024,34.96
TX_001122,STORE_05,CHK_005,2,115,0,0,57.5,0.0,84,469,0,0.08912441236406277,34.95
TX_001316,STORE_04,CHK_033,6,98,2,0,16.333333333333332,0.3333333333333333,121,478,0,0.08924726037271458,34.92
TX_003955,STORE_04,CHK_007,4,142,2,0,35.5,0.5,95,478,0,0.08949589412213355,34.86
TX_004897,STORE_06,CHK_004,25,25,0,1,1.0,0.0,95,489,0,0.08978041748084764,34.79
TX_002854,STORE_09,CHK_036,2,112,1,0,56.0,0.5,109,524,0,0.0899060771518585,34.76
TX_003660,STORE_05,CHK_031,3,136,1,0,45.333333333333336,0.3333333333333333,113,469,0,0.09011063677147801,34.71
TX_003111,STORE_05,CHK_025,13,105,1,0,8.076923076923077,0.07692307692307693,80,469,0,0.0902632212577047,34.67
TX_003735,STORE_06,CHK_040,2,163,0,0,81.5,0.0,114,489,0,0.09047076146196797,34.62
TX_004559,STORE_05,CHK_020,4,90,2,0,22.5,0.5,94,469,0,0.09086650905249583,34.53
TX_000952,STORE_05,CHK_009,2,103,1,0,51.5,0.5,98,469,0,0.09086455267598759,34.53
TX_000278,STORE_08,CHK_001,1,111,0,0,111.0,0.0,116,509,0,0.09083944434178515,34.53
TX_004896,STORE_05,CHK_031,16,89,2,0,5.5625,0.125,113,469,0,0.09091064765156054,34.51
TX_000026,STORE_03,CHK_002,2,54,1,0,27.0,0.5,105,535,0,0.09103868627664469,34.48
TX_000807,STORE_09,CHK_025,7,32,1,0,4.571428571428571,0.14285714285714285,80,524,0,0.09108264967045954,34.47
TX_000439,STORE_09,CHK_027,1,71,0,0,71.0,0.0,86,524,0,0.09117844890798987,34.45
TX_000570,STORE_06,CHK_005,8,109,3,0,13.625,0.375,84,489,0,0.09129996239325344,34.42
TX_002302,STORE_05,CHK_018,14,39,2,0,2.7857142857142856,0.14285714285714285,97,469,0,0.09128288706104248,34.42
TX_001952,STORE_01,CHK_020,11,108,4,0,9.818181818181818,0.36363636363636365,94,509,0,0.09144025053404659,34.39
TX_000743,STORE_04,CHK_027,13,47,2,0,3.6153846153846154,0.15384615384615385,86,478,0,0.09142291921109946,34.39
TX_001815,STORE_05,CHK_005,3,99,1,0,33.0,0.3333333333333333,84,469,0,0.09169125769916275,34.32
TX_004534,STORE_05,CHK_004,1,81,0,0,81.0,0.0,95,469,0,0.0917672445065486,34.31
TX_004728,STORE_05,CHK_010,2,61,1,0,30.5,0.5,90,469,0,0.09186188176359944,34.28
TX_004722,STORE_10,CHK_044,5,15,0,0,3.0,0.0,125,505,0,0.09195202647860368,34.26
TX_003440,STORE_03,CHK_002,16,15,0,0,0.9375,0.0,105,535,0,0.09203836350032069,34.24
TX_002725,STORE_03,CHK_010,6,151,2,0,25.166666666666668,0.3333333333333333,90,535,0,0.0920751035382994,34.23
TX_000108,STORE_09,CHK_032,12,81,3,0,6.75,0.25,111,524,0,0.09217368962226191,34.21
TX_002526,STORE_07,CHK_025,1,15,0,0,15.0,0.0,80,492,0,0.09246094548536166,34.14
TX_001038,STORE_05,CHK_008,4,153,0,0,38.25,0.0,85,469,0,0.09248550449653503,34.13
TX_003530,STORE_03,CHK_031,4,152,1,0,38.0,0.25,113,535,0,0.09249262315149598,34.13
TX_004398,STORE_10,CHK_038,2,140,1,0,70.0,0.5,92,505,0,0.09258998431757126,34.11
TX_003207,STORE_04,CHK_044,13,43,0,0,3.3076923076923075,0.0,125,478,0,0.09298556674564173,34.01
TX_004707,STORE_08,CHK_044,7,65,2,0,9.285714285714286,0.2857142857142857,125,509,0,0.09306152115814748,33.99
TX_002496,STORE_04,CHK_025,6,157,0,0,26.166666666666668,0.0,80,478,0,0.09314634275937073,33.97
TX_003966,STORE_03,CHK_026,2,85,1,0,42.5,0.5,103,535,0,0.09327611217107579,33.94
TX_000855,STORE_05,CHK_041,1,83,0,0,83.0,0.0,105,469,0,0.09333467003500362,33.93
TX_002685,STORE_03,CHK_033,12,139,1,0,11.583333333333334,0.08333333333333333,121,535,0,0.09349663243638362,33.89
TX_001392,STORE_09,CHK_032,3,154,1,0,51.333333333333336,0.3333333333333333,111,524,0,0.09365909817852891,33.85
TX_004990,STORE_07,CHK_033,6,41,2,0,6.833333333333333,0.3333333333333333,121,492,0,0.09368556025578001,33.84
TX_002503,STORE_03,CHK_002,16,143,2,0,8.9375,0.125,105,535,0,0.0937417229213292,33.83
TX_003331,STORE_09,CHK_008,5,98,2,0,19.6,0.4,85,524,0,0.09374312174702581,33.83
TX_002122,STORE_05,CHK_036,1,66,0,0,66.0,0.0,109,469,0,0.09378794366063758,33.82
TX_002019,STORE_05,CHK_003,4,163,1,0,40.75,0.25,97,469,0,0.09385653952550754,33.8
TX_001334,STORE_06,CHK_025,12,56,2,0,4.666666666666667,0.16666666666666666,80,489,0,0.09398815896964408,33.77
TX_001792,STORE_08,CHK_032,24,39,1,1,1.625,0.041666666666666664,111,509,0,0.09398789818031594,33.77
TX_001228,STORE_04,CHK_029,2,146,0,0,73.0,0.0,90,478,0,0.09397556314553035,33.77
TX_001423,STORE_08,CHK_001,7,81,3,0,11.571428571428571,0.42857142857142855,116,509,0,0.09407105408960514,33.75
TX_004785,STORE_05,CHK_044,13,95,0,0,7.3076923076923075,0.0,125,469,0,0.09409808791699414,33.74
TX_001503,STORE_03,CHK_015,2,68,1,0,34.0,0.5,104,535,0,0.09412792793596969,33.73
TX_003073,STORE_05,CHK_014,1,86,0,0,86.0,0.0,103,469,0,0.09416297507553228,33.72
TX_004511,STORE_09,CHK_040,13,38,2,0,2.923076923076923,0.15384615384615385,114,524,0,0.0942189543195342,33.71
TX_001197,STORE_03,CHK_032,2,139,0,0,69.5,0.0,111,535,0,0.09424252160321911,33.71
TX_001690,STORE_02,CHK_008,13,203,0,0,15.615384615384615,0.0,85,490,0,0.09425053544585427,33.7
TX_004039,STORE_05,CHK_044,5,105,0,0,21.0,0.0,125,469,0,0.09438668129120664,33.67
TX_004504,STORE_05,CHK_049,13,21,1,0,1.6153846153846154,0.07692307692307693,91,469,0,0.09475831697214754,33.58
TX_002233,STORE_05,CHK_026,1,85,0,0,85.0,0.0,103,469,0,0.09483341946977253,33.56
TX_004942,STORE_04,CHK_047,1,96,0,0,96.0,0.0,95,478,0,0.0950446715825285,33.51
TX_000451,STORE_08,CHK_032,6,74,3,0,12.333333333333334,0.5,111,509,0,0.09505828052404364,33.51
TX_000859,STORE_03,CHK_021,4,109,2,0,27.25,0.5,101,535,0,0.09518815999220276,33.48
TX_002383,STORE_03,CHK_005,2,119,0,0,59.5,0.0,84,535,0,0.0952012532439016,33.47
TX_001683,STORE_05,CHK_011,1,74,0,0,74.0,0.0,111,469,0,0.0952378389133387,33.46
TX_003833,STORE_09,CHK_040,5,52,2,0,10.4,0.4,114,524,0,0.09534601857746627,33.44
TX_000727,STORE_05,CHK_033,2,61,0,0,30.5,0.0,121,469,0,0.0954294880996579,33.42
TX_004724,STORE_06,CHK_010,9,145,3,0,16.11111111111111,0.3333333333333333,90,489,0,0.09576925394747027,33.33
TX_000309,STORE_05,CHK_039,17,29,0,0,1.7058823529411764,0.0,103,469,0,0.09588771335037383,33.31
TX_000465,STORE_09,CHK_012,9,31,2,0,3.4444444444444446,0.2222222222222222,87,524,0,0.09595046370324256,33.29
TX_000699,STORE_09,CHK_044,16,83,0,0,5.1875,0.0,125,524,0,0.09612483754073975,33.25
TX_000054,STORE_07,CHK_005,11,105,3,0,9.545454545454545,0.2727272727272727,84,492,0,0.09611071751873945,33.25
TX_003070,STORE_07,CHK_044,6,112,2,0,18.666666666666668,0.3333333333333333,125,492,0,0.09616106226297838,33.24
TX_004748,STORE_04,CHK_013,1,96,0,0,96.0,0.0,110,478,0,0.09661807651001131,33.13
TX_003942,STORE_01,CHK_044,2,113,0,0,56.5,0.0,125,509,0,0.09667479814929547,33.11
TX_000703,STORE_09,CHK_010,2,77,1,0,38.5,0.5,90,524,0,0.09679436580939971,33.09
TX_003074,STORE_05,CHK_048,6,124,2,0,20.666666666666668,0.3333333333333333,113,469,0,0.09695310567942267,33.05
TX_004273,STORE_02,CHK_029,2,131,1,0,65.5,0.5,90,490,0,0.09711235335264373,33.01
TX_000471,STORE_03,CHK_044,11,92,1,0,8.363636363636363,0.09090909090909091,125,535,0,0.09711293995196774,33.01
TX_002719,STORE_01,CHK_005,4,101,2,0,25.25,0.5,84,509,0,0.09730246066953502,32.96
TX_003841,STORE_03,CHK_033,13,50,0,0,3.8461538461538463,0.0,121,535,0,0.09734271300035668,32.95
TX_003166,STORE_03,CHK_024,1,62,0,0,62.0,0.0,92,535,0,0.09752478896385242,32.91
TX_000619,STORE_05,CHK_016,1,62,0,0,62.0,0.0,104,469,0,0.09755438908332759,32.9
TX_001686,STORE_03,CHK_026,4,81,2,0,20.25,0.5,103,535,0,0.09757281386025402,32.9
TX_003290,STORE_03,CHK_007,9,95,3,0,10.555555555555555,0.3333333333333333,95,535,0,0.09761874084955846,32.88
TX_000249,STORE_06,CHK_015,3,136,2,0,45.333333333333336,0.6666666666666666,104,489,0,0.0976604708636083,32.87
TX_002336,STORE_08,CHK_044,6,33,1,0,5.5,0.16666666666666666,125,509,0,0.09802647093152317,32.79
TX_004689,STORE_03,CHK_002,1,80,0,0,80.0,0.0,105,535,0,0.09802890784705581,32.79
TX_004956,STORE_05,CHK_044,5,91,0,0,18.2,0.0,125,469,0,0.09799964975732206,32.79
TX_001308,STORE_09,CHK_044,9,41,0,0,4.555555555555555,0.0,125,524,0,0.0983298728181185,32.71
TX_000154,STORE_10,CHK_029,3,76,2,0,25.333333333333332,0.6666666666666666,90,505,0,0.09860519373351834,32.65
TX_003737,STORE_03,CHK_033,14,136,0,0,9.714285714285714,0.0,121,535,0,0.09866863838459305,32.63
TX_004447,STORE_03,CHK_001,3,22,0,0,7.333333333333333,0.0,116,535,0,0.09872194894185676,32.62
TX_001533,STORE_04,CHK_044,9,136,1,0,15.11111111111111,0.1111111111111111,125,478,0,0.09874420513354643,32.61
TX_004803,STORE_01,CHK_029,1,110,0,0,110.0,0.0,90,509,0,0.098840616075141,32.59
TX_002139,STORE_04,CHK_041,1,99,0,0,99.0,0.0,105,478,0,0.09893355132952125,32.57
TX_000236,STORE_03,CHK_049,1,66,0,0,66.0,0.0,91,535,0,0.09902482485572461,32.54
TX_002283,STORE_08,CHK_008,1,89,0,0,89.0,0.0,85,509,0,0.09913030323952476,32.52
TX_004403,STORE_05,CHK_014,13,37,2,0,2.8461538461538463,0.15384615384615385,103,469,0,0.09917875798112658,32.51
TX_003119,STORE_09,CHK_008,1,51,0,0,51.0,0.0,85,524,0,0.09920550985146903,32.5
TX_004817,STORE_07,CHK_034,12,58,3,0,4.833333333333333,0.25,89,492,0,0.09920853167166932,32.5
TX_004656,STORE_09,CHK_018,2,113,1,0,56.5,0.5,97,524,0,0.0994895710429537,32.43
TX_002815,STORE_08,CHK_001,2,111,1,0,55.5,0.5,116,509,0,0.10002963035594359,32.3
TX_002712,STORE_03,CHK_005,14,138,1,0,9.857142857142858,0.07142857142857142,84,535,0,0.10019332070008591,32.26
TX_003676,STORE_09,CHK_008,6,63,2,0,10.5,0.3333333333333333,85,524,0,0.10047937672890023,32.19
TX_000383,STORE_05,CHK_039,1,65,0,0,65.0,0.0,103,469,0,0.10073623636988399,32.13
TX_003632,STORE_05,CHK_043,19,55,1,0,2.8947368421052633,0.05263157894736842,98,469,0,0.10079537882980177,32.11
TX_003123,STORE_09,CHK_033,6,38,1,0,6.333333333333333,0.16666666666666666,121,524,0,0.10082515747265491,32.11
TX_004200,STORE_01,CHK_001,22,38,0,1,1.7272727272727273,0.0,116,509,0,0.10099428990849635,32.06
TX_001387,STORE_03,CHK_001,13,89,2,0,6.846153846153846,0.15384615384615385,116,535,0,0.1011051949637441,32.04
TX_000427,STORE_04,CHK_038,1,83,0,0,83.0,0.0,92,478,0,0.1010799290273594,32.04
TX_004477,STORE_09,CHK_018,1,102,0,0,102.0,0.0,97,524,0,0.10114390743734963,32.03
TX_004929,STORE_04,CHK_027,11,15,1,0,1.3636363636363635,0.09090909090909091,86,478,0,0.10118584936607061,32.02
TX_001655,STORE_05,CHK_046,15,64,2,0,4.266666666666667,0.13333333333333333,104,469,0,0.10127690428224723,32.0
TX_000252,STORE_09,CHK_020,1,93,0,0,93.0,0.0,94,524,0,0.1013204150871454,31.99
TX_004796,STORE_05,CHK_021,1,66,0,0,66.0,0.0,101,469,0,0.10128505927518794,31.99
TX_002960,STORE_05,CHK_026,1,70,0,0,70.0,0.0,103,469,0,0.10136492288790544,31.97
TX_001919,STORE_04,CHK_011,1,92,0,0,92.0,0.0,111,478,0,0.10139671379409143,31.97
TX_003150,STORE_07,CHK_037,1,120,0,0,120.0,0.0,99,492,0,0.10185296406506544,31.86
TX_002695,STORE_02,CHK_033,3,152,0,0,50.666666666666664,0.0,121,490,0,0.10185495335176509,31.86
TX_004762,STORE_04,CHK_049,2,30,1,0,15.0,0.5,91,478,0,0.10192762087454227,31.84
TX_001628,STORE_10,CHK_031,6,24,2,0,4.0,0.3333333333333333,113,505,0,0.10236991479813085,31.73
TX_001767,STORE_06,CHK_016,2,137,1,0,68.5,0.5,104,489,0,0.10248421108419098,31.7
TX_000441,STORE_03,CHK_017,10,15,1,0,1.5,0.1,107,535,0,0.1027509880024906,31.64
TX_002559,STORE_10,CHK_035,1,99,0,0,99.0,0.0,114,505,0,0.10287357574036593,31.61
TX_003941,STORE_07,CHK_047,1,116,0,0,116.0,0.0,95,492,0,0.10315857615808721,31.54
TX_004639,STORE_03,CHK_027,8,15,0,0,1.875,0.0,86,535,0,0.10319502740966013,31.53
TX_004064,STORE_03,CHK_045,5,77,2,0,15.4,0.4,91,535,0,0.10318676908393742,31.53
TX_002087,STORE_08,CHK_033,1,55,0,0,55.0,0.0,121,509,0,0.10325676636868059,31.52
TX_002754,STORE_05,CHK_048,13,117,2,0,9.0,0.15384615384615385,113,469,0,0.10331765202857857,31.5
TX_004710,STORE_09,CHK_037,5,190,1,0,38.0,0.2,99,524,0,0.10339497738486902,31.48
TX_000786,STORE_07,CHK_010,4,195,0,0,48.75,0.0,90,492,0,0.10366852007585048,31.42
TX_000648,STORE_05,CHK_030,3,126,0,0,42.0,0.0,84,469,0,0.1038485984406366,31.37
TX_001322,STORE_03,CHK_037,1,77,0,0,77.0,0.0,99,535,0,0.1039332385574796,31.35
TX_004886,STORE_02,CHK_028,1,118,0,0,118.0,0.0,102,490,0,0.10401484450801196,31.33
TX_000845,STORE_04,CHK_044,4,48,0,0,12.0,0.0,125,478,0,0.10416097165121041,31.3
TX_000212,STORE_05,CHK_033,6,37,0,0,6.166666666666667,0.0,121,469,0,0.1042498151346406,31.27
TX_001995,STORE_05,CHK_009,15,21,0,0,1.4,0.0,98,469,0,0.1042950718651513,31.26
TX_001553,STORE_05,CHK_011,16,142,0,0,8.875,0.0,111,469,0,0.10472878785544504,31.16
TX_001722,STORE_01,CHK_026,3,44,2,0,14.666666666666666,0.6666666666666666,103,509,0,0.10484351923202889,31.13
TX_001332,STORE_04,CHK_025,15,106,0,0,7.066666666666666,0.0,80,478,0,0.10519450871495484,31.04
TX_003860,STORE_03,CHK_012,8,122,2,0,15.25,0.25,87,535,0,0.1052226468899522,31.04
TX_000242,STORE_10,CHK_027,1,85,0,0,85.0,0.0,86,505,0,0.10521771645595007,31.04
TX_000665,STORE_03,CHK_046,2,139,0,0,69.5,0.0,104,535,0,0.10534715744210121,31.01
TX_002474,STORE_01,CHK_037,1,119,0,0,119.0,0.0,99,509,0,0.1053320340940711,31.01
TX_001266,STORE_10,CHK_017,16,32,2,0,2.0,0.125,107,505,0,0.10544898727574653,30.98
TX_002128,STORE_03,CHK_027,6,162,0,0,27.0,0.0,86,535,0,0.10559462005479392,30.95
TX_001343,STORE_01,CHK_044,6,159,0,0,26.5,0.0,125,509,0,0.10565882630717544,30.93
TX_001301,STORE_04,CHK_033,12,43,1,0,3.5833333333333335,0.08333333333333333,121,478,0,0.10582513089109352,30.89
TX_003659,STORE_03,CHK_002,12,152,2,0,12.666666666666666,0.16666666666666666,105,535,0,0.10598302198905801,30.85
TX_002908,STORE_10,CHK_048,8,118,3,0,14.75,0.375,113,505,0,0.10614613683419266,30.81
TX_004776,STORE_06,CHK_005,4,15,1,0,3.75,0.25,84,489,0,0.1062926655992707,30.78
TX_004324,STORE_04,CHK_033,6,157,0,0,26.166666666666668,0.0,121,478,0,0.10635157490260466,30.76
TX_004084,STORE_04,CHK_033,7,159,0,0,22.714285714285715,0.0,121,478,0,0.10644171747159725,30.74
TX_004433,STORE_03,CHK_033,14,80,0,0,5.714285714285714,0.0,121,535,0,0.10649684582201635,30.73
TX_002074,STORE_03,CHK_049,2,127,0,0,63.5,0.0,91,535,0,0.10652035877212473,30.72
TX_000707,STORE_05,CHK_025,6,50,0,0,8.333333333333334,0.0,80,469,0,0.10658969652283445,30.71
TX_004813,STORE_10,CHK_033,16,58,1,0,3.625,0.0625,121,505,0,0.1065806100707381,30.71
TX_004069,STORE_07,CHK_044,4,126,1,0,31.5,0.25,125,492,0,0.10663372640131297,30.69
TX_004050,STORE_10,CHK_006,1,116,0,0,116.0,0.0,102,505,0,0.10674897603655642,30.67
TX_002968,STORE_08,CHK_022,3,177,1,0,59.0,0.3333333333333333,106,509,0,0.10671950244015177,30.67
TX_000326,STORE_10,CHK_049,1,100,0,0,100.0,0.0,91,505,0,0.10687417065491733,30.64
TX_001380,STORE_03,CHK_003,9,199,0,0,22.11111111111111,0.0,97,535,0,0.10684641567225706,30.64
TX_003384,STORE_08,CHK_008,14,22,1,0,1.5714285714285714,0.07142857142857142,85,509,0,0.10700587133034195,30.6
TX_001330,STORE_05,CHK_018,13,53,2,0,4.076923076923077,0.15384615384615385,97,469,0,0.10720080564597989,30.56
TX_000634,STORE_01,CHK_040,2,111,1,0,55.5,0.5,114,509,0,0.107240233636409,30.55
TX_000902,STORE_05,CHK_008,4,84,1,0,21.0,0.25,85,469,0,0.10726430924312591,30.54
TX_000926,STORE_03,CHK_035,12,73,2,0,6.083333333333333,0.16666666666666666,114,535,0,0.10733008107925801,30.53
TX_002614,STORE_05,CHK_033,12,94,1,0,7.833333333333333,0.08333333333333333,121,469,0,0.10741452424640213,30.5
TX_000588,STORE_03,CHK_025,13,92,0,0,7.076923076923077,0.0,80,535,0,0.1075105675305203,30.48
TX_000643,STORE_03,CHK_013,4,144,1,0,36.0,0.25,110,535,0,0.10763749055184701,30.45
TX_002860,STORE_09,CHK_032,6,49,2,0,8.166666666666666,0.3333333333333333,111,524,0,0.10784936775497639,30.4
TX_003421,STORE_04,CHK_044,7,113,1,0,16.142857142857142,0.14285714285714285,125,478,0,0.10801023766179318,30.36
TX_003312,STORE_03,CHK_033,15,109,0,0,7.266666666666667,0.0,121,535,0,0.10800280844496424,30.36
TX_001269,STORE_10,CHK_033,2,118,0,0,59.0,0.0,121,505,0,0.10804117977813854,30.35
TX_002554,STORE_03,CHK_044,6,95,0,0,15.833333333333334,0.0,125,535,0,0.10806573781460382,30.35
TX_004568,STORE_07,CHK_008,2,84,1,0,42.0,0.5,85,492,0,0.10810615677551755,30.34
TX_004818,STORE_07,CHK_047,8,45,3,0,5.625,0.375,95,492,0,0.10808403329670524,30.34
TX_004939,STORE_08,CHK_020,2,131,1,0,65.5,0.5,94,509,0,0.10828283336900268,30.29
TX_003045,STORE_07,CHK_001,17,30,1,1,1.7647058823529411,0.058823529411764705,116,492,0,0.10831649752392458,30.29
TX_000257,STORE_08,CHK_011,6,168,2,0,28.0,0.3333333333333333,111,509,0,0.10855088006689684,30.23
TX_000793,STORE_07,CHK_008,2,54,1,0,27.0,0.5,85,492,0,0.10853261746961718,30.23
TX_004513,STORE_06,CHK_047,3,73,2,0,24.333333333333332,0.6666666666666666,95,489,0,0.10858206792285852,30.22
TX_002257,STORE_03,CHK_007,8,15,1,0,1.875,0.125,95,535,0,0.10881393316889931,30.16
TX_002126,STORE_08,CHK_020,3,108,2,0,36.0,0.6666666666666666,94,509,0,0.10884917016855711,30.16
TX_004387,STORE_05,CHK_004,9,188,0,0,20.88888888888889,0.0,95,469,0,0.10890935375164773,30.14
TX_001636,STORE_04,CHK_025,10,31,0,0,3.1,0.0,80,478,0,0.10900807075977265,30.12
TX_004372,STORE_03,CHK_025,10,52,0,0,5.2,0.0,80,535,0,0.10899446793256051,30.12
TX_003232,STORE_08,CHK_035,1,95,0,0,95.0,0.0,114,509,0,0.10902249004258036,30.11
TX_003568,STORE_03,CHK_002,1,46,0,0,46.0,0.0,105,535,0,0.10909667899888092,30.1
TX_003905,STORE_01,CHK_049,18,20,0,1,1.1111111111111112,0.0,91,509,0,0.1090780780481711,30.1
TX_002420,STORE_05,CHK_009,6,135,2,0,22.5,0.3333333333333333,98,469,0,0.10910626464244938,30.09
TX_001716,STORE_03,CHK_035,8,179,0,0,22.375,0.0,114,535,0,0.10922337015983624,30.07
TX_004747,STORE_09,CHK_044,10,144,0,0,14.4,0.0,125,524,0,0.10925722037769964,30.06
TX_000080,STORE_09,CHK_037,4,77,2,0,19.25,0.5,99,524,0,0.10939943178035083,30.02
TX_000500,STORE_05,CHK_030,4,27,0,0,6.75,0.0,84,469,0,0.10942903037829982,30.02
TX_000997,STORE_03,CHK_029,10,25,1,0,2.5,0.1,90,535,0,0.10942676567896714,30.02
TX_001048,STORE_03,CHK_012,11,26,0,0,2.3636363636363638,0.0,87,535,0,0.109391214247058,30.02
TX_003295,STORE_03,CHK_019,4,141,1,0,35.25,0.25,90,535,0,0.10948081421139477,30.0
TX_002535,STORE_06,CHK_008,5,115,2,0,23.0,0.4,85,489,0,0.10949169616155946,30.0
TX_000126,STORE_02,CHK_008,17,104,2,0,6.117647058823529,0.11764705882352941,85,490,0,0.10961589538517635,29.97
TX_004293,STORE_10,CHK_027,1,78,0,0,78.0,0.0,86,505,0,0.10967567278966234,29.96
TX_001502,STORE_07,CHK_015,3,44,2,0,14.666666666666666,0.6666666666666666,104,492,0,0.10972426601054941,29.94
TX_002828,STORE_04,CHK_050,1,92,0,0,92.0,0.0,102,478,0,0.10981336517117601,29.92
TX_002743,STORE_06,CHK_044,9,99,2,0,11.0,0.2222222222222222,125,489,0,0.10984303445768057,29.91
TX_001492,STORE_02,CHK_034,1,91,0,0,91.0,0.0,89,490,0,0.10989050635179554,29.9
TX_003964,STORE_05,CHK_035,13,145,1,0,11.153846153846153,0.07692307692307693,114,469,0,0.11025324771875322,29.82
TX_000538,STORE_05,CHK_012,6,15,0,0,2.5,0.0,87,469,0,0.11032166173444319,29.8
TX_002696,STORE_09,CHK_011,14,26,1,0,1.8571428571428572,0.07142857142857142,111,524,0,0.1103473462679328,29.79
TX_001775,STORE_09,CHK_025,11,71,1,0,6.454545454545454,0.09090909090909091,80,524,0,0.11048600697893618,29.76
TX_000712,STORE_09,CHK_017,1,81,0,0,81.0,0.0,107,524,0,0.1105380017239056,29.75
TX_004274,STORE_04,CHK_044,8,48,0,0,6.0,0.0,125,478,0,0.1105425742703402,29.75
TX_003752,STORE_09,CHK_032,7,40,2,0,5.714285714285714,0.2857142857142857,111,524,0,0.11054341096378095,29.74
TX_003565,STORE_03,CHK_034,8,26,1,0,3.25,0.125,89,535,0,0.11065849837865299,29.72
TX_000955,STORE_05,CHK_038,6,102,2,0,17.0,0.3333333333333333,92,469,0,0.11063156961685516,29.72
TX_000800,STORE_01,CHK_018,3,57,2,0,19.0,0.6666666666666666,97,509,0,0.11062915789891814,29.72
TX_001157,STORE_03,CHK_022,15,158,1,0,10.533333333333333,0.06666666666666667,106,535,0,0.11065701908526782,29.72
TX_001240,STORE_10,CHK_025,10,162,0,0,16.2,0.0,80,505,0,0.11066882822925006,29.71
TX_003449,STORE_03,CHK_027,6,35,1,0,5.833333333333333,0.16666666666666666,86,535,0,0.11069518350009311,29.71
TX_004647,STORE_03,CHK_044,11,103,0,0,9.363636363636363,0.0,125,535,0,0.11069520036135705,29.71
TX_000299,STORE_01,CHK_042,1,112,0,0,112.0,0.0,95,509,0,0.1107058089032808,29.71
TX_002788,STORE_06,CHK_032,8,92,3,0,11.5,0.375,111,489,0,0.11086533957682582,29.67
TX_002497,STORE_01,CHK_012,19,41,0,1,2.1578947368421053,0.0,87,509,0,0.1110005019643433,29.63
TX_000664,STORE_08,CHK_040,2,35,1,0,17.5,0.5,114,509,0,0.11112487836172957,29.6
TX_001999,STORE_09,CHK_039,1,83,0,0,83.0,0.0,103,524,0,0.11119956673116166,29.59
TX_001194,STORE_01,CHK_042,3,59,2,0,19.666666666666668,0.6666666666666666,95,509,0,0.11116748230317625,29.59
TX_004533,STORE_04,CHK_012,9,133,2,0,14.777777777777779,0.2222222222222222,87,478,0,0.11121279986894844,29.58
TX_001698,STORE_05,CHK_037,1,50,0,0,50.0,0.0,99,469,0,0.11124624942958877,29.57
TX_000951,STORE_03,CHK_047,3,32,1,0,10.666666666666666,0.3333333333333333,95,535,0,0.11125406158195922,29.57
TX_004789,STORE_07,CHK_012,4,67,2,0,16.75,0.5,87,492,0,0.11137691226950053,29.54
TX_002064,STORE_10,CHK_017,7,15,2,0,2.142857142857143,0.2857142857142857,107,505,0,0.1114666255352354,29.52
TX_000343,STORE_05,CHK_036,8,19,1,0,2.375,0.125,109,469,0,0.11155475768324985,29.5
TX_004801,STORE_09,CHK_001,9,15,0,0,1.6666666666666667,0.0,116,524,0,0.1115909910472011,29.49
TX_003699,STORE_09,CHK_041,4,91,2,0,22.75,0.5,105,524,0,0.11165348895983657,29.48
TX_004613,STORE_03,CHK_041,1,39,0,0,39.0,0.0,105,535,0,0.11168933690953298,29.47
TX_000745,STORE_08,CHK_007,4,29,2,0,7.25,0.5,95,509,0,0.11169933261964926,29.46
TX_002032,STORE_03,CHK_036,6,164,1,0,27.333333333333332,0.16666666666666666,109,535,0,0.11178177141825713,29.44
TX_001579,STORE_01,CHK_030,11,150,2,0,13.636363636363637,0.18181818181818182,84,509,0,0.11189274126369347,29.42
TX_002590,STORE_01,CHK_025,7,158,1,0,22.571428571428573,0.14285714285714285,80,509,0,0.11200814144542115,29.39
TX_000483,STORE_06,CHK_033,17,52,0,0,3.0588235294117645,0.0,121,489,0,0.11202053491619013,29.39
TX_002953,STORE_03,CHK_043,2,135,0,0,67.5,0.0,98,535,0,0.11206817601503255,29.37
TX_004781,STORE_05,CHK_020,18,57,0,0,3.1666666666666665,0.0,94,469,0,0.11227001127365965,29.33
TX_004603,STORE_04,CHK_046,2,100,1,0,50.0,0.5,104,478,0,0.1122722274641183,29.32
TX_000322,STORE_05,CHK_005,11,57,1,0,5.181818181818182,0.09090909090909091,84,469,0,0.11230227467533505,29.32
TX_001582,STORE_10,CHK_043,1,112,0,0,112.0,0.0,98,505,0,0.11245809705244797,29.28
TX_000753,STORE_05,CHK_013,3,68,1,0,22.666666666666668,0.3333333333333333,110,469,0,0.1124590741631219,29.28
TX_003325,STORE_04,CHK_020,1,78,0,0,78.0,0.0,94,478,0,0.11263540784347692,29.24
TX_001908,STORE_04,CHK_044,4,99,0,0,24.75,0.0,125,478,0,0.11265616547035723,29.23
TX_004079,STORE_03,CHK_016,2,130,0,0,65.0,0.0,104,535,0,0.11294952317363449,29.16
TX_003671,STORE_08,CHK_032,1,97,0,0,97.0,0.0,111,509,0,0.1129507375634789,29.16
TX_002203,STORE_05,CHK_008,10,49,1,0,4.9,0.1,85,469,0,0.11300026096779525,29.15
TX_004156,STORE_09,CHK_044,8,70,1,0,8.75,0.125,125,524,0,0.11307882824927096,29.13
TX_002637,STORE_09,CHK_001,5,15,0,0,3.0,0.0,116,524,0,0.11318143098920913,29.1
TX_004332,STORE_05,CHK_046,7,61,2,0,8.714285714285714,0.2857142857142857,104,469,0,0.11329050921809336,29.08
TX_004470,STORE_04,CHK_044,7,123,0,0,17.571428571428573,0.0,125,478,0,0.11328875208237771,29.08
TX_000635,STORE_07,CHK_026,6,121,3,0,20.166666666666668,0.5,103,492,0,0.1134340140031524,29.04
TX_000779,STORE_08,CHK_017,4,139,2,0,34.75,0.5,107,509,0,0.1137813693860526,28.96
TX_004365,STORE_04,CHK_035,14,23,0,0,1.6428571428571428,0.0,114,478,0,0.11389328349744665,28.93
TX_000722,STORE_07,CHK_013,8,19,2,0,2.375,0.25,110,492,0,0.11388754973369558,28.93
TX_001661,STORE_09,CHK_019,1,47,0,0,47.0,0.0,90,524,0,0.11392972075978924,28.92
TX_001126,STORE_05,CHK_043,16,31,0,0,1.9375,0.0,98,469,0,0.11400364965286713,28.9
TX_003446,STORE_05,CHK_030,12,134,0,0,11.166666666666666,0.0,84,469,0,0.11404333593580679,28.89
TX_004136,STORE_03,CHK_050,7,15,1,0,2.142857142857143,0.14285714285714285,102,535,0,0.11418333613961756,28.86
TX_004305,STORE_05,CHK_018,5,19,1,0,3.8,0.2,97,469,0,0.11423239039735994,28.85
TX_004606,STORE_02,CHK_016,3,114,2,0,38.0,0.6666666666666666,104,490,0,0.11426142889381757,28.84
TX_002276,STORE_05,CHK_047,9,183,0,0,20.333333333333332,0.0,95,469,0,0.11435623692172803,28.82
TX_000833,STORE_08,CHK_044,4,105,1,0,26.25,0.25,125,509,0,0.11435874360400022,28.82
TX_001116,STORE_02,CHK_011,5,150,2,0,30.0,0.4,111,490,0,0.11438098540379132,28.81
TX_000870,STORE_09,CHK_020,1,78,0,0,78.0,0.0,94,524,0,0.11444066834527955,28.8
TX_000101,STORE_10,CHK_030,1,62,0,0,62.0,0.0,84,505,0,0.11448211987209223,28.79
TX_001772,STORE_03,CHK_044,10,99,0,0,9.9,0.0,125,535,0,0.11455065423324584,28.77
TX_001947,STORE_09,CHK_033,15,128,0,0,8.533333333333333,0.0,121,524,0,0.11459774118632421,28.76
TX_004678,STORE_03,CHK_030,4,64,1,0,16.0,0.25,84,535,0,0.1148405222576987,28.7
TX_001255,STORE_03,CHK_030,7,44,1,0,6.285714285714286,0.14285714285714285,84,535,0,0.11492162947890627,28.68
TX_004029,STORE_09,CHK_044,8,132,0,0,16.5,0.0,125,524,0,0.11506746051492112,28.65
TX_004222,STORE_03,CHK_029,5,151,1,0,30.2,0.2,90,535,0,0.11503006883230998,28.65
TX_003624,STORE_10,CHK_030,5,86,2,0,17.2,0.4,84,505,0,0.11518602837435732,28.62
TX_001159,STORE_05,CHK_002,18,85,1,0,4.722222222222222,0.05555555555555555,105,469,0,0.11530281343548354,28.59
TX_000690,STORE_01,CHK_013,1,103,0,0,103.0,0.0,110,509,0,0.11531618473266897,28.59
TX_002208,STORE_02,CHK_004,1,97,0,0,97.0,0.0,95,490,0,0.11553889267826511,28.53
TX_000192,STORE_03,CHK_039,17,41,0,0,2.411764705882353,0.0,103,535,0,0.11568453544945423,28.5
TX_002401,STORE_04,CHK_017,1,79,0,0,79.0,0.0,107,478,0,0.11564837778864229,28.5
TX_001803,STORE_05,CHK_015,14,162,0,0,11.571428571428571,0.0,104,469,0,0.11572042158158491,28.49
TX_001264,STORE_05,CHK_050,13,64,2,0,4.923076923076923,0.15384615384615385,102,469,0,0.1156939911813113,28.49
TX_003101,STORE_03,CHK_025,5,63,0,0,12.6,0.0,80,535,0,0.11569480587713327,28.49
TX_001171,STORE_04,CHK_013,1,71,0,0,71.0,0.0,110,478,0,0.11581082790210451,28.47
TX_004682,STORE_07,CHK_033,2,114,0,0,57.0,0.0,121,492,0,0.11588406012459085,28.45
TX_002022,STORE_03,CHK_010,3,99,1,0,33.0,0.3333333333333333,90,535,0,0.11592801517120194,28.44
TX_000675,STORE_03,CHK_047,5,84,2,0,16.8,0.4,95,535,0,0.11594683347091966,28.43
TX_000330,STORE_05,CHK_043,1,20,0,0,20.0,0.0,98,469,0,0.11600713754964398,28.42
TX_002127,STORE_05,CHK_032,8,96,2,0,12.0,0.25,111,469,0,0.11604588535682153,28.41
TX_004847,STORE_05,CHK_046,5,23,1,0,4.6,0.2,104,469,0,0.11614633441928696,28.38
TX_002070,STORE_04,CHK_008,6,156,1,0,26.0,0.16666666666666666,85,478,0,0.11625565867649973,28.36
TX_003341,STORE_03,CHK_035,4,120,1,0,30.0,0.25,114,535,0,0.11638492496279546,28.33
TX_001016,STORE_06,CHK_043,14,177,2,0,12.642857142857142,0.14285714285714285,98,489,0,0.116425983337346,28.32
TX_001835,STORE_08,CHK_048,4,108,2,0,27.0,0.5,113,509,0,0.11643543164485604,28.31
TX_001984,STORE_03,CHK_049,6,72,2,0,12.0,0.3333333333333333,91,535,0,0.11646864772395432,28.31
TX_003672,STORE_05,CHK_012,15,106,1,0,7.066666666666666,0.06666666666666667,87,469,0,0.11649621291652879,28.3
TX_000048,STORE_05,CHK_030,9,150,0,0,16.666666666666668,0.0,84,469,0,0.1165138070616733,28.29
TX_004007,STORE_08,CHK_001,9,35,2,0,3.888888888888889,0.2222222222222222,116,509,0,0.1165339654265361,28.29
TX_002224,STORE_03,CHK_013,11,22,0,0,2.0,0.0,110,535,0,0.11665480155040775,28.26
TX_002694,STORE_03,CHK_032,7,15,0,0,2.142857142857143,0.0,111,535,0,0.1166500158849667,28.26
TX_001431,STORE_03,CHK_048,6,162,0,0,27.0,0.0,113,535,0,0.11673567268828577,28.24
TX_000609,STORE_09,CHK_026,1,76,0,0,76.0,0.0,103,524,0,0.11679456029102209,28.23
TX_003698,STORE_02,CHK_013,6,165,2,0,27.5,0.3333333333333333,110,490,0,0.11678509115975733,28.23
TX_003220,STORE_09,CHK_014,1,76,0,0,76.0,0.0,103,524,0,0.11679456029102209,28.23
TX_002829,STORE_10,CHK_033,13,158,0,0,12.153846153846153,0.0,121,505,0,0.11695331793329039,28.19
TX_004718,STORE_09,CHK_027,7,112,2,0,16.0,0.2857142857142857,86,524,0,0.11700100235664324,28.18
TX_001361,STORE_09,CHK_041,5,137,2,0,27.4,0.4,105,524,0,0.1170595726190668,28.16
TX_004637,STORE_10,CHK_019,2,144,0,0,72.0,0.0,90,505,0,0.11707920964340429,28.16
TX_001640,STORE_03,CHK_038,3,50,1,0,16.666666666666668,0.3333333333333333,92,535,0,0.11712409381942362,28.15
TX_004401,STORE_05,CHK_012,8,35,1,0,4.375,0.125,87,469,0,0.11728437307272577,28.11
TX_000924,STORE_05,CHK_033,8,91,1,0,11.375,0.125,121,469,0,0.11728296682074874,28.11
TX_004341,STORE_09,CHK_029,8,15,1,0,1.875,0.125,90,524,0,0.11729448618198113,28.1
TX_001992,STORE_09,CHK_001,4,152,0,0,38.0,0.0,116,524,0,0.11736400195237817,28.09
TX_004695,STORE_01,CHK_044,6,52,1,0,8.666666666666666,0.16666666666666666,125,509,0,0.11766153207531815,28.02
TX_000484,STORE_01,CHK_044,4,89,1,0,22.25,0.25,125,509,0,0.1177749678923351,27.99
TX_003790,STORE_05,CHK_005,5,82,1,0,16.4,0.2,84,469,0,0.11786544006424854,27.97
TX_001328,STORE_05,CHK_010,2,104,0,0,52.0,0.0,90,469,0,0.1179365500038988,27.95
TX_004498,STORE_09,CHK_027,3,85,1,0,28.333333333333332,0.3333333333333333,86,524,0,0.11793895297512691,27.95
TX_000059,STORE_05,CHK_027,14,105,1,0,7.5,0.07142857142857142,86,469,0,0.1179546158421611,27.94
TX_002801,STORE_07,CHK_022,2,157,0,0,78.5,0.0,106,492,0,0.11801787419389298,27.93
TX_003420,STORE_05,CHK_012,14,126,0,0,9.0,0.0,87,469,0,0.11802289208008926,27.93
TX_002630,STORE_06,CHK_040,2,85,1,0,42.5,0.5,114,489,0,0.11809917523250135,27.91
TX_003930,STORE_01,CHK_013,4,119,2,0,29.75,0.5,110,509,0,0.11815514876618172,27.9
TX_004479,STORE_04,CHK_025,9,139,0,0,15.444444444444445,0.0,80,478,0,0.11814881594447635,27.9
TX_001063,STORE_05,CHK_034,2,95,0,0,47.5,0.0,89,469,0,0.11823004393855224,27.88
TX_001283,STORE_04,CHK_035,1,34,0,0,34.0,0.0,114,478,0,0.11828225403950393,27.86
TX_003849,STORE_06,CHK_010,1,78,0,0,78.0,0.0,90,489,0,0.11837794095275178,27.84
TX_004194,STORE_08,CHK_035,2,144,0,0,72.0,0.0,114,509,0,0.11840400648889293,27.84
TX_003923,STORE_09,CHK_040,19,81,0,0,4.2631578947368425,0.0,114,524,0,0.1183814981145585,27.84
TX_002970,STORE_03,CHK_041,16,143,1,0,8.9375,0.0625,105,535,0,0.11848609146622457,27.82
TX_000945,STORE_10,CHK_030,4,162,0,0,40.5,0.0,84,505,0,0.1184738133283027,27.82
TX_000355,STORE_09,CHK_017,4,160,1,0,40.0,0.25,107,524,0,0.11849240489336904,27.81
TX_002146,STORE_09,CHK_044,7,105,1,0,15.0,0.14285714285714285,125,524,0,0.11856677845738456,27.8
TX_000110,STORE_05,CHK_049,3,98,1,0,32.666666666666664,0.3333333333333333,91,469,0,0.11863177970812822,27.78
TX_001408,STORE_05,CHK_033,5,82,0,0,16.4,0.0,121,469,0,0.11862505193086409,27.78
TX_003861,STORE_04,CHK_025,9,136,0,0,15.11111111111111,0.0,80,478,0,0.11872024330183334,27.76
TX_004797,STORE_03,CHK_037,6,59,2,0,9.833333333333334,0.3333333333333333,99,535,0,0.11874450422189842,27.75
TX_001689,STORE_06,CHK_011,10,24,2,0,2.4,0.2,111,489,0,0.11887128547469467,27.72
TX_004193,STORE_05,CHK_048,10,97,2,0,9.7,0.2,113,469,0,0.11906024441574675,27.68
TX_000087,STORE_09,CHK_011,1,50,0,0,50.0,0.0,111,524,0,0.11906070036436706,27.68
TX_001471,STORE_04,CHK_027,11,17,0,0,1.5454545454545454,0.0,86,478,0,0.11917126197304828,27.65
TX_001499,STORE_05,CHK_004,12,67,2,0,5.583333333333333,0.16666666666666666,95,469,0,0.11917949743935158,27.65
TX_000169,STORE_04,CHK_013,6,59,2,0,9.833333333333334,0.3333333333333333,110,478,0,0.11915707073688558,27.65
TX_001806,STORE_03,CHK_001,10,158,0,0,15.8,0.0,116,535,0,0.11923386839993971,27.63
TX_001800,STORE_06,CHK_032,1,92,0,0,92.0,0.0,111,489,0,0.11923100718260254,27.63
TX_001810,STORE_05,CHK_021,4,32,1,0,8.0,0.25,101,469,0,0.1192760494873158,27.62
TX_000950,STORE_09,CHK_044,5,82,0,0,16.4,0.0,125,524,0,0.11939684634091324,27.59
TX_001994,STORE_08,CHK_034,2,92,1,0,46.0,0.5,89,509,0,0.11947168532646452,27.58
TX_003060,STORE_09,CHK_044,13,88,0,0,6.769230769230769,0.0,125,524,0,0.11943871808638035,27.58
TX_000307,STORE_09,CHK_044,8,85,1,0,10.625,0.125,125,524,0,0.1194759139937775,27.57
TX_003050,STORE_06,CHK_044,12,65,1,0,5.416666666666667,0.08333333333333333,125,489,0,0.11959574091945219,27.55
TX_002886,STORE_07,CHK_003,1,100,0,0,100.0,0.0,97,492,0,0.1196228473804582,27.54
TX_004198,STORE_05,CHK_009,18,103,1,0,5.722222222222222,0.05555555555555555,98,469,0,0.11975706271373382,27.51
TX_002533,STORE_03,CHK_025,6,71,0,0,11.833333333333334,0.0,80,535,0,0.11976022833495542,27.51
TX_003606,STORE_09,CHK_031,13,168,1,0,12.923076923076923,0.07692307692307693,113,524,0,0.11972470739724617,27.51
TX_000304,STORE_07,CHK_020,1,94,0,0,94.0,0.0,94,492,0,0.12000251710864801,27.45
TX_002570,STORE_08,CHK_036,2,108,1,0,54.0,0.5,109,509,0,0.12001546735674623,27.44
TX_003322,STORE_06,CHK_041,2,113,1,0,56.5,0.5,105,489,0,0.12003741091520681,27.44
TX_004543,STORE_05,CHK_001,5,127,1,0,25.4,0.2,116,469,0,0.12004818702487546,27.44
TX_004072,STORE_07,CHK_042,8,62,3,0,7.75,0.375,95,492,0,0.12005712792911982,27.43
TX_001893,STORE_02,CHK_044,7,145,0,0,20.714285714285715,0.0,125,490,0,0.12013067402543748,27.42
TX_002272,STORE_07,CHK_044,9,150,0,0,16.666666666666668,0.0,125,492,0,0.12010236993716339,27.42
TX_003743,STORE_03,CHK_043,11,52,2,0,4.7272727272727275,0.18181818181818182,98,535,0,0.12009304938844445,27.42
TX_004872,STORE_05,CHK_033,6,65,0,0,10.833333333333334,0.0,121,469,0,0.12019390252766537,27.4
TX_001272,STORE_06,CHK_044,11,138,0,0,12.545454545454545,0.0,125,489,0,0.120278347899539,27.38
TX_004376,STORE_10,CHK_008,1,22,0,0,22.0,0.0,85,505,0,0.12035915081014431,27.36
TX_001270,STORE_06,CHK_030,6,64,2,0,10.666666666666666,0.3333333333333333,84,489,0,0.12045896356832742,27.34
TX_000993,STORE_03,CHK_009,3,125,1,0,41.666666666666664,0.3333333333333333,98,535,0,0.12046703083284893,27.33
TX_003273,STORE_05,CHK_001,9,27,0,0,3.0,0.0,116,469,0,0.12054162586942585,27.32
TX_001110,STORE_05,CHK_023,2,117,0,0,58.5,0.0,98,469,0,0.12055150948929078,27.31
TX_002669,STORE_10,CHK_037,1,103,0,0,103.0,0.0,99,505,0,0.12062300892655997,27.3
TX_000784,STORE_07,CHK_003,1,101,0,0,101.0,0.0,97,492,0,0.12065847525772622,27.29
TX_003824,STORE_02,CHK_033,4,20,0,0,5.0,0.0,121,490,0,0.12073167312417227,27.27
TX_003534,STORE_08,CHK_044,8,141,1,0,17.625,0.125,125,509,0,0.12073617446281554,27.27
TX_004654,STORE_04,CHK_031,15,91,2,0,6.066666666666666,0.13333333333333333,113,478,0,0.12081469925353544,27.25
TX_000754,STORE_06,CHK_009,7,210,1,0,30.0,0.14285714285714285,98,489,0,0.12084986672434633,27.24
TX_000726,STORE_05,CHK_033,10,117,0,0,11.7,0.0,121,469,0,0.12101204789519865,27.2
TX_004017,STORE_09,CHK_044,5,88,0,0,17.6,0.0,125,524,0,0.12124552233075492,27.14
TX_004659,STORE_08,CHK_011,14,15,1,1,1.0714285714285714,0.07142857142857142,111,509,0,0.12127368072208333,27.14
TX_003488,STORE_02,CHK_006,11,64,3,0,5.818181818181818,0.2727272727272727,102,490,0,0.12135052466835161,27.12
TX_003724,STORE_02,CHK_001,4,24,1,0,6.0,0.25,116,490,0,0.12157014813983347,27.07
TX_000656,STORE_03,CHK_014,6,177,0,0,29.5,0.0,103,535,0,0.12153839439004838,27.07
TX_004326,STORE_07,CHK_022,8,128,3,0,16.0,0.375,106,492,0,0.12160856539293646,27.06
TX_002711,STORE_09,CHK_038,2,127,0,0,63.5,0.0,92,524,0,0.12173379301778736,27.03
TX_000537,STORE_05,CHK_039,14,104,2,0,7.428571428571429,0.14285714285714285,103,469,0,0.12177984436479927,27.01
TX_002163,STORE_09,CHK_005,2,99,0,0,49.5,0.0,84,524,0,0.1219630684959861,26.97
TX_002370,STORE_08,CHK_016,1,97,0,0,97.0,0.0,104,509,0,0.12196220915183792,26.97
TX_004527,STORE_05,CHK_020,18,95,0,0,5.277777777777778,0.0,94,469,0,0.12200368218549895,26.96
TX_000565,STORE_09,CHK_031,13,67,2,0,5.153846153846154,0.15384615384615385,113,524,0,0.12200368961583291,26.96
TX_000882,STORE_07,CHK_012,1,64,0,0,64.0,0.0,87,492,0,0.12201850547865539,26.96
TX_000310,STORE_05,CHK_036,8,15,0,0,1.875,0.0,109,469,0,0.12214481900904117,26.93
TX_001897,STORE_03,CHK_032,8,117,2,0,14.625,0.25,111,535,0,0.1221901018798967,26.92
TX_000940,STORE_08,CHK_017,1,93,0,0,93.0,0.0,107,509,0,0.12217384429914047,26.92
TX_002339,STORE_02,CHK_019,20,141,0,0,7.05,0.0,90,490,0,0.12219964241542258,26.91
TX_003473,STORE_10,CHK_005,1,39,0,0,39.0,0.0,84,505,0,0.12231129392650053,26.89
TX_001684,STORE_03,CHK_035,12,40,0,0,3.3333333333333335,0.0,114,535,0,0.12236685383715246,26.87
TX_004980,STORE_07,CHK_007,16,184,0,0,11.5,0.0,95,492,0,0.12238019576856074,26.87
TX_002195,STORE_10,CHK_044,3,98,0,0,32.666666666666664,0.0,125,505,0,0.12244977528430817,26.85
TX_001799,STORE_08,CHK_009,1,105,0,0,105.0,0.0,98,509,0,0.12248921470674695,26.84
TX_001509,STORE_03,CHK_049,7,71,2,0,10.142857142857142,0.2857142857142857,91,535,0,0.1225113278065676,26.84
TX_002313,STORE_03,CHK_040,6,144,1,0,24.0,0.16666666666666666,114,535,0,0.12253925628594009,26.83
TX_004456,STORE_09,CHK_020,5,71,2,0,14.2,0.4,94,524,0,0.12253943797683631,26.83
TX_003601,STORE_02,CHK_049,3,152,1,0,50.666666666666664,0.3333333333333333,91,490,0,0.12271257512235995,26.79
TX_003711,STORE_05,CHK_045,2,101,0,0,50.5,0.0,91,469,0,0.1228347234563612,26.76
TX_004195,STORE_07,CHK_008,10,43,2,0,4.3,0.2,85,492,0,0.12282279179756556,26.76
TX_003388,STORE_01,CHK_024,2,99,1,0,49.5,0.5,92,509,0,0.12281082103365365,26.76
TX_002534,STORE_01,CHK_025,2,54,0,0,27.0,0.0,80,509,0,0.12298603777483091,26.72
TX_001526,STORE_03,CHK_040,2,98,0,0,49.0,0.0,114,535,0,0.12303348348581383,26.71
TX_002611,STORE_04,CHK_038,19,108,1,0,5.684210526315789,0.05263157894736842,92,478,0,0.12308302592976306,26.7
TX_000234,STORE_05,CHK_001,9,43,1,0,4.777777777777778,0.1111111111111111,116,469,0,0.12315376409971568,26.68
TX_001135,STORE_09,CHK_025,4,63,0,0,15.75,0.0,80,524,0,0.12320762410741531,26.67
TX_003367,STORE_01,CHK_025,16,87,0,0,5.4375,0.0,80,509,0,0.1232521845529595,26.66
TX_003630,STORE_03,CHK_007,4,142,1,0,35.5,0.25,95,535,0,0.12333581030044055,26.64
TX_001359,STORE_05,CHK_045,2,97,0,0,48.5,0.0,91,469,0,0.12344190226807383,26.61
TX_001765,STORE_06,CHK_033,4,123,1,0,30.75,0.25,121,489,0,0.12345010216107954,26.61
TX_001973,STORE_05,CHK_006,3,57,1,0,19.0,0.3333333333333333,102,469,0,0.12342909967639298,26.61
TX_003896,STORE_01,CHK_040,4,18,1,0,4.5,0.25,114,509,0,0.12346684223668503,26.61
TX_003903,STORE_03,CHK_033,9,97,1,0,10.777777777777779,0.1111111111111111,121,535,0,0.12343676096923034,26.61
TX_000440,STORE_02,CHK_012,2,128,0,0,64.0,0.0,87,490,0,0.12353150569693505,26.59
TX_004089,STORE_01,CHK_043,11,15,2,0,1.3636363636363635,0.18181818181818182,98,509,0,0.1236236378318093,26.57
TX_001086,STORE_07,CHK_004,12,202,1,0,16.833333333333332,0.08333333333333333,95,492,0,0.12360569667007076,26.57
TX_003472,STORE_07,CHK_035,7,198,0,0,28.285714285714285,0.0,114,492,0,0.12365119887380749,26.56
TX_003598,STORE_09,CHK_035,14,43,1,0,3.0714285714285716,0.07142857142857142,114,524,0,0.12369392611336932,26.55
TX_000047,STORE_06,CHK_013,2,51,1,0,25.5,0.5,110,489,0,0.12376590048313801,26.53
TX_000084,STORE_03,CHK_033,12,103,0,0,8.583333333333334,0.0,121,535,0,0.12383074600888266,26.52
TX_002975,STORE_02,CHK_031,2,65,1,0,32.5,0.5,113,490,0,0.12395576742861975,26.49
TX_002399,STORE_01,CHK_049,4,120,2,0,30.0,0.5,91,509,0,0.12395015361071132,26.49
TX_001549,STORE_07,CHK_035,8,32,2,0,4.0,0.25,114,492,0,0.12400433523981913,26.47
TX_004663,STORE_06,CHK_020,2,106,1,0,53.0,0.5,94,489,0,0.12402291272189614,26.47
TX_002320,STORE_10,CHK_040,1,77,0,0,77.0,0.0,114,505,0,0.12406060713262762,26.46
TX_001326,STORE_07,CHK_033,12,148,1,0,12.333333333333334,0.08333333333333333,121,492,0,0.12408270959082301,26.46
TX_004418,STORE_08,CHK_017,1,92,0,0,92.0,0.0,107,509,0,0.12410363693616339,26.45
TX_003647,STORE_09,CHK_003,18,43,0,0,2.388888888888889,0.0,97,524,0,0.1241139941965394,26.45
TX_003319,STORE_06,CHK_021,22,44,1,1,2.0,0.045454545454545456,101,489,0,0.12414508624002057,26.44
TX_002361,STORE_09,CHK_034,10,15,0,0,1.5,0.0,89,524,0,0.12419138124795054,26.43
TX_003782,STORE_01,CHK_021,1,95,0,0,95.0,0.0,101,509,0,0.12421417186053196,26.42
TX_002433,STORE_09,CHK_005,15,84,1,0,5.6,0.06666666666666667,84,524,0,0.12437902550128321,26.38
TX_004271,STORE_06,CHK_033,13,46,1,0,3.5384615384615383,0.07692307692307693,121,489,0,0.12454276891559352,26.34
TX_002082,STORE_10,CHK_023,4,49,2,0,12.25,0.5,98,505,0,0.12456419898447613,26.34
TX_002432,STORE_09,CHK_046,11,16,1,0,1.4545454545454546,0.09090909090909091,104,524,0,0.1246510801540337,26.32
TX_004392,STORE_06,CHK_044,5,104,1,0,20.8,0.2,125,489,0,0.12486348534458025,26.27
TX_004402,STORE_05,CHK_004,7,95,2,0,13.571428571428571,0.2857142857142857,95,469,0,0.12493949361776685,26.25
TX_002410,STORE_02,CHK_027,14,125,2,0,8.928571428571429,0.14285714285714285,86,490,0,0.12498233110593815,26.24
TX_001385,STORE_06,CHK_043,18,28,1,1,1.5555555555555556,0.05555555555555555,98,489,0,0.12497102127888016,26.24
TX_004782,STORE_04,CHK_033,3,100,0,0,33.333333333333336,0.0,121,478,0,0.12501029219326654,26.23
TX_003494,STORE_09,CHK_022,2,129,0,0,64.5,0.0,106,524,0,0.12506905309057814,26.22
TX_002861,STORE_07,CHK_050,14,99,3,0,7.071428571428571,0.21428571428571427,102,492,0,0.12503587753463563,26.22
TX_000585,STORE_05,CHK_027,12,105,1,0,8.75,0.08333333333333333,86,469,0,0.1251030896086996,26.21
TX_003010,STORE_05,CHK_035,2,81,0,0,40.5,0.0,114,469,0,0.1251737449378979,26.19
TX_000655,STORE_09,CHK_031,8,62,2,0,7.75,0.25,113,524,0,0.1252299303391154,26.18
TX_000218,STORE_05,CHK_030,3,57,0,0,19.0,0.0,84,469,0,0.12525747549001526,26.17
TX_000930,STORE_08,CHK_046,17,17,0,1,1.0,0.0,104,509,0,0.12527520096347783,26.17
TX_002774,STORE_09,CHK_033,5,82,1,0,16.4,0.2,121,524,0,0.12530145071787502,26.16
TX_002400,STORE_06,CHK_035,1,60,0,0,60.0,0.0,114,489,0,0.1253973370806583,26.14
TX_004775,STORE_09,CHK_021,13,183,1,0,14.076923076923077,0.07692307692307693,101,524,0,0.12543567580974863,26.13
TX_002681,STORE_05,CHK_036,8,29,1,0,3.625,0.125,109,469,0,0.125429153290111,26.13
TX_002434,STORE_10,CHK_040,19,64,1,0,3.3684210526315788,0.05263157894736842,114,505,0,0.12546319378267595,26.12
TX_003412,STORE_09,CHK_038,7,148,2,0,21.142857142857142,0.2857142857142857,92,524,0,0.1254730227575817,26.12
TX_003117,STORE_05,CHK_015,7,177,0,0,25.285714285714285,0.0,104,469,0,0.12551765830119727,26.11
TX_001980,STORE_08,CHK_026,2,114,1,0,57.0,0.5,103,509,0,0.12551936176636275,26.11
TX_004758,STORE_05,CHK_022,12,110,2,0,9.166666666666666,0.16666666666666666,106,469,0,0.12563118464770268,26.08
TX_000998,STORE_03,CHK_030,7,52,1,0,7.428571428571429,0.14285714285714285,84,535,0,0.1256199235778661,26.08
TX_003749,STORE_04,CHK_031,4,31,1,0,7.75,0.25,113,478,0,0.1256873284323416,26.07
TX_004132,STORE_09,CHK_025,12,119,0,0,9.916666666666666,0.0,80,524,0,0.12577421657260907,26.04
TX_000968,STORE_02,CHK_033,4,61,1,0,15.25,0.25,121,490,0,0.12583927682770896,26.03
TX_001256,STORE_03,CHK_011,16,106,1,0,6.625,0.0625,111,535,0,0.12596001391638806,26.0
TX_001132,STORE_06,CHK_036,2,98,1,0,49.0,0.5,109,489,0,0.12600861928253893,25.99
TX_000960,STORE_03,CHK_011,2,107,0,0,53.5,0.0,111,535,0,0.12605700336679732,25.98
TX_004404,STORE_05,CHK_023,9,62,2,0,6.888888888888889,0.2222222222222222,98,469,0,0.1260343479800103,25.98
TX_004489,STORE_04,CHK_012,10,108,2,0,10.8,0.2,87,478,0,0.12627559617771167,25.92
TX_004048,STORE_09,CHK_025,7,128,0,0,18.285714285714285,0.0,80,524,0,0.12626958804144556,25.92
TX_004448,STORE_05,CHK_048,4,104,1,0,26.0,0.25,113,469,0,0.12633227979257994,25.91
TX_000798,STORE_04,CHK_044,9,106,0,0,11.777777777777779,0.0,125,478,0,0.12634638181315017,25.91
TX_001161,STORE_03,CHK_030,9,42,0,0,4.666666666666667,0.0,84,535,0,0.1264444812375884,25.88
TX_004548,STORE_09,CHK_044,12,98,0,0,8.166666666666666,0.0,125,524,0,0.12670746182643883,25.82
TX_002660,STORE_08,CHK_033,15,76,1,0,5.066666666666666,0.06666666666666667,121,509,0,0.1267002031784854,25.82
TX_002192,STORE_02,CHK_011,2,96,1,0,48.0,0.5,111,490,0,0.12689021487842017,25.77
TX_001040,STORE_10,CHK_044,6,130,0,0,21.666666666666668,0.0,125,505,0,0.12698658363670556,25.75
TX_004681,STORE_03,CHK_012,4,82,1,0,20.5,0.25,87,535,0,0.12702833118303414,25.74
TX_004628,STORE_10,CHK_044,8,137,0,0,17.125,0.0,125,505,0,0.12705009202339101,25.73
TX_000159,STORE_08,CHK_013,2,87,1,0,43.5,0.5,110,509,0,0.12717370498032743,25.7
TX_003248,STORE_05,CHK_020,15,54,1,0,3.6,0.06666666666666667,94,469,0,0.1272253647894282,25.69
TX_003020,STORE_05,CHK_008,6,136,0,0,22.666666666666668,0.0,85,469,0,0.12726950944497123,25.68
TX_001410,STORE_09,CHK_016,5,126,2,0,25.2,0.4,104,524,0,0.12726596356905,25.68
TX_000357,STORE_03,CHK_033,5,95,0,0,19.0,0.0,121,535,0,0.12730875548276016,25.67
TX_004235,STORE_09,CHK_010,4,15,0,0,3.75,0.0,90,524,0,0.12735165576239665,25.66
TX_001676,STORE_09,CHK_045,5,172,0,0,34.4,0.0,91,524,0,0.12752746214728555,25.62
TX_000710,STORE_01,CHK_030,2,15,0,0,7.5,0.0,84,509,0,0.12751858807689065,25.62
TX_001878,STORE_09,CHK_033,13,95,1,0,7.3076923076923075,0.07692307692307693,121,524,0,0.12750093479885843,25.62
TX_003214,STORE_09,CHK_030,4,75,1,0,18.75,0.25,84,524,0,0.12758295226862243,25.61
TX_002047,STORE_10,CHK_035,5,78,2,0,15.6,0.4,114,505,0,0.12762145353472032,25.6
TX_000147,STORE_05,CHK_030,10,103,1,0,10.3,0.1,84,469,0,0.12760453189168153,25.6
TX_001144,STORE_02,CHK_001,6,132,2,0,22.0,0.3333333333333333,116,490,0,0.12763520295704578,25.59
TX_004430,STORE_04,CHK_010,12,15,0,0,1.25,0.0,90,478,0,0.1277429009563819,25.57
TX_001609,STORE_09,CHK_035,7,77,2,0,11.0,0.2857142857142857,114,524,0,0.12780721535900363,25.55
TX_003092,STORE_03,CHK_019,5,139,1,0,27.8,0.2,90,535,0,0.12790490910821106,25.53
TX_003058,STORE_09,CHK_044,12,103,0,0,8.583333333333334,0.0,125,524,0,0.12788159110854164,25.53
TX_000145,STORE_03,CHK_001,7,152,0,0,21.714285714285715,0.0,116,535,0,0.1279478303173313,25.52
TX_001962,STORE_01,CHK_045,3,148,1,0,49.333333333333336,0.3333333333333333,91,509,0,0.1279902710551289,25.51
TX_000535,STORE_07,CHK_030,1,28,0,0,28.0,0.0,84,492,0,0.12797723313087667,25.51
TX_003105,STORE_01,CHK_015,2,154,0,0,77.0,0.0,104,509,0,0.12802232179266632,25.5
TX_004873,STORE_03,CHK_048,2,82,0,0,41.0,0.0,113,535,0,0.1280094099027051,25.5
TX_001766,STORE_06,CHK_036,7,191,1,0,27.285714285714285,0.14285714285714285,109,489,0,0.12810924617063135,25.48
TX_001505,STORE_05,CHK_033,8,84,0,0,10.5,0.0,121,469,0,0.12817938846591725,25.46
TX_004158,STORE_02,CHK_038,2,94,1,0,47.0,0.5,92,490,0,0.12823638337914361,25.45
TX_003707,STORE_05,CHK_040,5,125,1,0,25.0,0.2,114,469,0,0.12826353842067695,25.44
TX_000320,STORE_04,CHK_028,14,169,1,0,12.071428571428571,0.07142857142857142,102,478,0,0.12836394573988802,25.42
TX_001942,STORE_08,CHK_044,13,98,1,0,7.538461538461538,0.07692307692307693,125,509,0,0.12834584062777926,25.42
TX_001443,STORE_03,CHK_006,2,117,0,0,58.5,0.0,102,535,0,0.12839197102497169,25.41
TX_000523,STORE_10,CHK_034,1,66,0,0,66.0,0.0,89,505,0,0.12843943368977329,25.4
TX_003640,STORE_09,CHK_044,8,77,0,0,9.625,0.0,125,524,0,0.1284133932425291,25.4
TX_004683,STORE_09,CHK_044,8,77,0,0,9.625,0.0,125,524,0,0.1284133932425291,25.4
TX_001152,STORE_03,CHK_035,12,56,1,0,4.666666666666667,0.08333333333333333,114,535,0,0.12844862063704438,25.39
TX_003823,STORE_09,CHK_039,1,42,0,0,42.0,0.0,103,524,0,0.12851130199505906,25.38
TX_000265,STORE_05,CHK_032,17,93,0,0,5.470588235294118,0.0,111,469,0,0.12850924089834376,25.38
TX_002189,STORE_08,CHK_044,3,79,0,0,26.333333333333332,0.0,125,509,0,0.12849027656091772,25.38
TX_004565,STORE_08,CHK_024,4,74,2,0,18.5,0.5,92,509,0,0.12853933354214708,25.37
TX_000645,STORE_09,CHK_017,2,122,0,0,61.0,0.0,107,524,0,0.12853813772760841,25.37
TX_000369,STORE_08,CHK_043,2,109,1,0,54.5,0.5,98,509,0,0.12857294616788545,25.36
TX_002752,STORE_01,CHK_045,4,99,2,0,24.75,0.5,91,509,0,0.12860386005650498,25.36
TX_000455,STORE_10,CHK_015,12,167,2,0,13.916666666666666,0.16666666666666666,104,505,0,0.12859413628127148,25.36
TX_003400,STORE_03,CHK_019,10,116,2,0,11.6,0.2,90,535,0,0.12865130491581828,25.35
TX_002482,STORE_07,CHK_018,8,121,3,0,15.125,0.375,97,492,0,0.12872466149179146,25.33
TX_000868,STORE_06,CHK_035,8,190,0,0,23.75,0.0,114,489,0,0.12875958115605363,25.32
TX_003467,STORE_03,CHK_048,2,61,0,0,30.5,0.0,113,535,0,0.12888845560982404,25.29
TX_001649,STORE_04,CHK_019,3,108,1,0,36.0,0.3333333333333333,90,478,0,0.12890078531713733,25.28
TX_002003,STORE_04,CHK_033,4,54,0,0,13.5,0.0,121,478,0,0.12896016392680415,25.27
TX_001614,STORE_03,CHK_007,3,140,0,0,46.666666666666664,0.0,95,535,0,0.12903216406916512,25.25
TX_001012,STORE_06,CHK_044,10,47,0,0,4.7,0.0,125,489,0,0.12910075753367228,25.24
TX_000669,STORE_08,CHK_026,1,90,0,0,90.0,0.0,103,509,0,0.12914340959362802,25.23
TX_003519,STORE_07,CHK_007,2,35,1,0,17.5,0.5,95,492,0,0.129140752124481,25.23
TX_004959,STORE_05,CHK_014,10,15,0,0,1.5,0.0,103,469,0,0.12929819275156507,25.19
TX_003890,STORE_06,CHK_043,14,162,2,0,11.571428571428571,0.14285714285714285,98,489,0,0.1292779104829393,25.19
TX_003775,STORE_09,CHK_023,15,31,1,0,2.066666666666667,0.06666666666666667,98,524,0,0.1292869470249473,25.19
TX_003024,STORE_02,CHK_010,15,58,2,0,3.8666666666666667,0.13333333333333333,90,490,0,0.12929819982467067,25.19
TX_003287,STORE_10,CHK_031,1,71,0,0,71.0,0.0,113,505,0,0.1293421028962522,25.18
TX_002529,STORE_03,CHK_046,3,100,1,0,33.333333333333336,0.3333333333333333,104,535,0,0.12931584176006605,25.18
TX_001562,STORE_05,CHK_021,6,166,0,0,27.666666666666668,0.0,101,469,0,0.1293935712559922,25.17
TX_000354,STORE_01,CHK_035,1,76,0,0,76.0,0.0,114,509,0,0.12942831605076105,25.16
TX_003651,STORE_05,CHK_009,12,31,1,0,2.5833333333333335,0.08333333333333333,98,469,0,0.12946494796802738,25.15
TX_003846,STORE_04,CHK_033,7,114,1,0,16.285714285714285,0.14285714285714285,121,478,0,0.1294546481527507,25.15
TX_001205,STORE_04,CHK_031,9,21,1,0,2.3333333333333335,0.1111111111111111,113,478,0,0.12951103112851675,25.14
TX_000337,STORE_03,CHK_033,6,113,0,0,18.833333333333332,0.0,121,535,0,0.1295496535581097,25.13
TX_003387,STORE_09,CHK_028,9,15,1,0,1.6666666666666667,0.1111111111111111,102,524,0,0.12961194340393278,25.11
TX_001452,STORE_05,CHK_039,2,110,0,0,55.0,0.0,103,469,0,0.12967978653796786,25.1
TX_000083,STORE_05,CHK_008,13,78,0,0,6.0,0.0,85,469,0,0.12972670302495143,25.08
TX_001453,STORE_07,CHK_017,2,147,0,0,73.5,0.0,107,492,0,0.12981774737541596,25.06
TX_004023,STORE_03,CHK_003,3,97,1,0,32.333333333333336,0.3333333333333333,97,535,0,0.12981861228589375,25.06
TX_004972,STORE_06,CHK_008,2,113,0,0,56.5,0.0,85,489,0,0.12986170578612627,25.05
TX_001219,STORE_04,CHK_033,4,51,0,0,12.75,0.0,121,478,0,0.13001101015893896,25.02
TX_003163,STORE_05,CHK_009,10,15,0,0,1.5,0.0,98,469,0,0.1300517691902503,25.01
TX_002054,STORE_10,CHK_044,6,82,1,0,13.666666666666666,0.16666666666666666,125,505,0,0.130034300671177,25.01
TX_004619,STORE_07,CHK_044,10,138,0,0,13.8,0.0,125,492,0,0.13006754730294479,25.0
TX_004592,STORE_09,CHK_012,4,117,1,0,29.25,0.25,87,524,0,0.13011451061640078,24.99
TX_000559,STORE_03,CHK_037,8,176,0,0,22.0,0.0,99,535,0,0.13016154489151122,24.98
TX_002328,STORE_05,CHK_049,6,35,1,0,5.833333333333333,0.16666666666666666,91,469,0,0.13014889741966446,24.98
TX_003453,STORE_10,CHK_044,12,97,1,0,8.083333333333334,0.08333333333333333,125,505,0,0.13027956873251928,24.95
TX_003052,STORE_05,CHK_030,6,129,0,0,21.5,0.0,84,469,0,0.13032467138538806,24.94
TX_001347,STORE_07,CHK_026,1,91,0,0,91.0,0.0,103,492,0,0.13034415423018447,24.93
TX_001971,STORE_03,CHK_029,2,80,0,0,40.0,0.0,90,535,0,0.1303751350627823,24.93
TX_001745,STORE_03,CHK_033,6,110,0,0,18.333333333333332,0.0,121,535,0,0.13040077169834996,24.92
TX_003680,STORE_01,CHK_023,14,109,3,0,7.785714285714286,0.21428571428571427,98,509,0,0.13042823964568534,24.91
TX_001933,STORE_03,CHK_039,8,28,1,0,3.5,0.125,103,535,0,0.13044273848778987,24.91
TX_003852,STORE_09,CHK_027,2,55,0,0,27.5,0.0,86,524,0,0.13045252892644205,24.91
TX_003269,STORE_05,CHK_013,12,132,1,0,11.0,0.08333333333333333,110,469,0,0.13048342262901425,24.9
TX_001106,STORE_05,CHK_040,6,48,1,0,8.0,0.16666666666666666,114,469,0,0.1304704750231171,24.9
TX_000095,STORE_06,CHK_019,5,174,1,0,34.8,0.2,90,489,0,0.13054348050411063,24.89
TX_003462,STORE_01,CHK_024,10,25,2,0,2.5,0.2,92,509,0,0.1305773383533051,24.88
TX_002985,STORE_07,CHK_048,6,144,2,0,24.0,0.3333333333333333,113,492,0,0.1305908798324038,24.87
TX_004346,STORE_07,CHK_025,11,142,0,0,12.909090909090908,0.0,80,492,0,0.13059141923273238,24.87
TX_004692,STORE_05,CHK_038,11,25,0,0,2.272727272727273,0.0,92,469,0,0.13064522418575059,24.86
TX_001454,STORE_02,CHK_042,1,85,0,0,85.0,0.0,95,490,0,0.13067783818480871,24.85
TX_003953,STORE_03,CHK_003,9,20,0,0,2.2222222222222223,0.0,97,535,0,0.1306881551187019,24.85
TX_001039,STORE_04,CHK_034,10,167,1,0,16.7,0.1,89,478,0,0.13075057058751588,24.84
TX_003285,STORE_04,CHK_020,6,128,2,0,21.333333333333332,0.3333333333333333,94,478,0,0.1307704456490119,24.83
TX_004523,STORE_02,CHK_025,3,107,0,0,35.666666666666664,0.0,80,490,0,0.13086290342948226,24.81
TX_001573,STORE_04,CHK_030,2,77,0,0,38.5,0.0,84,478,0,0.13085159203359747,24.81
TX_002372,STORE_03,CHK_016,7,15,0,0,2.142857142857143,0.0,104,535,0,0.13089596511365048,24.8
TX_002779,STORE_05,CHK_035,5,124,1,0,24.8,0.2,114,469,0,0.1309082406607514,24.8
TX_003135,STORE_06,CHK_030,6,170,0,0,28.333333333333332,0.0,84,489,0,0.13094681498618865,24.79
TX_001545,STORE_07,CHK_025,3,107,0,0,35.666666666666664,0.0,80,492,0,0.1309563339528111,24.79
TX_001811,STORE_05,CHK_018,15,57,1,0,3.8,0.06666666666666667,97,469,0,0.13092352771797416,24.79
TX_002284,STORE_08,CHK_044,11,110,1,0,10.0,0.09090909090909091,125,509,0,0.13093938824370255,24.79
TX_002197,STORE_01,CHK_025,5,121,1,0,24.2,0.2,80,509,0,0.13095057031349167,24.79
TX_003799,STORE_01,CHK_020,9,115,3,0,12.777777777777779,0.3333333333333333,94,509,0,0.13098989607332023,24.78
TX_004772,STORE_05,CHK_034,14,81,1,0,5.785714285714286,0.07142857142857142,89,469,0,0.130968137051013,24.78
TX_001143,STORE_05,CHK_040,7,43,1,0,6.142857142857143,0.14285714285714285,114,469,0,0.1309646596002091,24.78
TX_004204,STORE_02,CHK_021,4,58,2,0,14.5,0.5,101,490,0,0.1310989819353745,24.75
TX_002522,STORE_05,CHK_012,10,65,1,0,6.5,0.1,87,469,0,0.13115326522185933,24.74
TX_001138,STORE_05,CHK_045,5,132,1,0,26.4,0.2,91,469,0,0.1311329345524193,24.74
TX_003814,STORE_05,CHK_040,5,118,1,0,23.6,0.2,114,469,0,0.1312022570000589,24.73
TX_002049,STORE_09,CHK_019,8,15,0,0,1.875,0.0,90,524,0,0.13123422990027073,24.72
TX_004092,STORE_04,CHK_025,8,62,0,0,7.75,0.0,80,478,0,0.13136547082259115,24.69
TX_004831,STORE_08,CHK_031,1,70,0,0,70.0,0.0,113,509,0,0.13137478864856655,24.68
TX_003912,STORE_10,CHK_013,12,195,0,0,16.25,0.0,110,505,0,0.13152172645353888,24.65
TX_001224,STORE_04,CHK_050,1,41,0,0,41.0,0.0,102,478,0,0.13157064191800882,24.64
TX_004937,STORE_05,CHK_039,10,27,1,0,2.7,0.1,103,469,0,0.13158980726780134,24.63
TX_002035,STORE_03,CHK_038,8,94,2,0,11.75,0.25,92,535,0,0.13160238872128455,24.63
TX_001521,STORE_05,CHK_021,7,25,1,0,3.5714285714285716,0.14285714285714285,101,469,0,0.1316240115222273,24.62
TX_002706,STORE_03,CHK_010,9,39,1,0,4.333333333333333,0.1111111111111111,90,535,0,0.13188416671870973,24.56
TX_000431,STORE_10,CHK_025,13,129,0,0,9.923076923076923,0.0,80,505,0,0.13193681481050812,24.55
TX_002756,STORE_06,CHK_034,7,143,2,0,20.428571428571427,0.2857142857142857,89,489,0,0.13194040633705734,24.55
TX_001742,STORE_05,CHK_002,17,104,0,0,6.117647058823529,0.0,105,469,0,0.13198536557138207,24.54
TX_004783,STORE_09,CHK_041,6,18,1,0,3.0,0.16666666666666666,105,524,0,0.1319548785607692,24.54
TX_002429,STORE_06,CHK_040,18,131,1,0,7.277777777777778,0.05555555555555555,114,489,0,0.1319538504703866,24.54
TX_000022,STORE_06,CHK_009,2,92,1,0,46.0,0.5,98,489,0,0.13202423622883636,24.53
TX_004335,STORE_03,CHK_036,9,167,0,0,18.555555555555557,0.0,109,535,0,0.1320184616416033,24.53
TX_004169,STORE_05,CHK_001,9,139,0,0,15.444444444444445,0.0,116,469,0,0.13204053428088758,24.52
TX_003827,STORE_05,CHK_047,10,106,2,0,10.6,0.2,95,469,0,0.13204617414119413,24.52
TX_004587,STORE_03,CHK_038,8,26,0,0,3.25,0.0,92,535,0,0.13204137670730842,24.52
TX_001593,STORE_03,CHK_001,5,133,0,0,26.6,0.0,116,535,0,0.132123008918604,24.5
TX_004291,STORE_06,CHK_001,15,156,0,0,10.4,0.0,116,489,0,0.13221646186295372,24.48
TX_003528,STORE_04,CHK_033,9,77,1,0,8.555555555555555,0.1111111111111111,121,478,0,0.13222906312894755,24.48
TX_003687,STORE_07,CHK_033,2,101,0,0,50.5,0.0,121,492,0,0.1322539614459628,24.47
TX_004869,STORE_04,CHK_029,7,67,2,0,9.571428571428571,0.2857142857142857,90,478,0,0.13226971370821083,24.47
TX_001791,STORE_04,CHK_027,8,32,1,0,4.0,0.125,86,478,0,0.1323213493132102,24.45
TX_000290,STORE_08,CHK_044,7,64,1,0,9.142857142857142,0.14285714285714285,125,509,0,0.13231690448611544,24.45
TX_002938,STORE_10,CHK_040,1,42,0,0,42.0,0.0,114,505,0,0.13243287575548085,24.43
TX_002238,STORE_01,CHK_005,9,59,2,0,6.555555555555555,0.2222222222222222,84,509,0,0.13242379419968314,24.43
TX_000006,STORE_05,CHK_003,9,105,2,0,11.666666666666666,0.2222222222222222,97,469,0,0.13247863657788428,24.42
TX_004431,STORE_03,CHK_046,12,166,0,0,13.833333333333334,0.0,104,535,0,0.13248677160857392,24.41
TX_001441,STORE_06,CHK_049,2,68,1,0,34.0,0.5,91,489,0,0.13263676323950713,24.38
TX_000544,STORE_05,CHK_005,7,99,1,0,14.142857142857142,0.14285714285714285,84,469,0,0.13264457958329634,24.38
TX_004880,STORE_09,CHK_029,6,15,0,0,2.5,0.0,90,524,0,0.1327167485857182,24.36
TX_004180,STORE_10,CHK_015,2,90,1,0,45.0,0.5,104,505,0,0.13277739027698876,24.34
TX_002781,STORE_04,CHK_025,7,76,0,0,10.857142857142858,0.0,80,478,0,0.1328257562715655,24.33
TX_002778,STORE_03,CHK_003,3,137,0,0,45.666666666666664,0.0,97,535,0,0.13282306184783477,24.33
TX_003900,STORE_01,CHK_025,6,50,1,0,8.333333333333334,0.16666666666666666,80,509,0,0.13289596638195939,24.31
TX_002640,STORE_08,CHK_025,4,128,0,0,32.0,0.0,80,509,0,0.1329355028289197,24.3
TX_001349,STORE_05,CHK_027,6,133,0,0,22.166666666666668,0.0,86,469,0,0.13294723728222335,24.3
TX_001635,STORE_03,CHK_012,6,130,1,0,21.666666666666668,0.16666666666666666,87,535,0,0.13301067425665059,24.29
TX_002015,STORE_10,CHK_044,8,128,0,0,16.0,0.0,125,505,0,0.13304078040048967,24.28
TX_000090,STORE_06,CHK_032,18,97,2,0,5.388888888888889,0.1111111111111111,111,489,0,0.13307523534729143,24.27
TX_004280,STORE_05,CHK_049,3,30,0,0,10.0,0.0,91,469,0,0.1331157447619497,24.26
TX_003936,STORE_02,CHK_006,4,64,2,0,16.0,0.5,102,490,0,0.13329919107535199,24.22
TX_002263,STORE_02,CHK_024,1,74,0,0,74.0,0.0,92,490,0,0.133280439620323,24.22
TX_002705,STORE_09,CHK_013,5,15,0,0,3.0,0.0,110,524,0,0.13326596710454164,24.22
TX_001461,STORE_02,CHK_047,18,40,1,0,2.2222222222222223,0.05555555555555555,95,490,0,0.1333353340752811,24.21
TX_002722,STORE_03,CHK_016,9,179,0,0,19.88888888888889,0.0,104,535,0,0.13337171571744866,24.2
TX_003862,STORE_06,CHK_006,4,79,2,0,19.75,0.5,102,489,0,0.13341713841652808,24.19
TX_002018,STORE_09,CHK_026,20,100,0,0,5.0,0.0,103,524,0,0.13346135131554665,24.18
TX_004933,STORE_09,CHK_016,6,62,2,0,10.333333333333334,0.3333333333333333,104,524,0,0.13345486816394775,24.18
TX_003456,STORE_01,CHK_021,2,86,1,0,43.0,0.5,101,509,0,0.13353240916776404,24.16
TX_001974,STORE_09,CHK_027,15,89,1,0,5.933333333333334,0.06666666666666667,86,524,0,0.1336211076661804,24.14
TX_003407,STORE_01,CHK_033,5,128,1,0,25.6,0.2,121,509,0,0.13362425473562461,24.14
TX_001088,STORE_08,CHK_010,2,133,0,0,66.5,0.0,90,509,0,0.13361116409059903,24.14
TX_001020,STORE_03,CHK_050,3,70,1,0,23.333333333333332,0.3333333333333333,102,535,0,0.13364303115296566,24.13
TX_003267,STORE_07,CHK_022,1,82,0,0,82.0,0.0,106,492,0,0.13363835993962003,24.13
TX_000974,STORE_01,CHK_033,9,149,1,0,16.555555555555557,0.1111111111111111,121,509,0,0.13370431033524272,24.12
TX_000138,STORE_05,CHK_013,12,54,1,0,4.5,0.08333333333333333,110,469,0,0.13367563667209448,24.12
TX_002051,STORE_04,CHK_025,8,79,0,0,9.875,0.0,80,478,0,0.13372016731239073,24.11
TX_003445,STORE_09,CHK_008,14,52,0,0,3.7142857142857144,0.0,85,524,0,0.13374036497604735,24.11
TX_002530,STORE_05,CHK_037,5,142,1,0,28.4,0.2,99,469,0,0.13376535465345496,24.1
TX_003888,STORE_03,CHK_001,14,115,0,0,8.214285714285714,0.0,116,535,0,0.13384589283560405,24.08
TX_002934,STORE_05,CHK_015,9,17,0,0,1.8888888888888888,0.0,104,469,0,0.13390348196805896,24.07
TX_000155,STORE_05,CHK_038,6,156,0,0,26.0,0.0,92,469,0,0.1339162025933528,24.07
TX_002109,STORE_07,CHK_044,6,109,1,0,18.166666666666668,0.16666666666666666,125,492,0,0.13397314839476682,24.05
TX_000195,STORE_05,CHK_040,13,87,1,0,6.6923076923076925,0.07692307692307693,114,469,0,0.1340718772863581,24.03
TX_004015,STORE_04,CHK_022,6,78,2,0,13.0,0.3333333333333333,106,478,0,0.13410147771722086,24.02
TX_002971,STORE_09,CHK_032,3,62,1,0,20.666666666666668,0.3333333333333333,111,524,0,0.13409933845310157,24.02
TX_004763,STORE_03,CHK_030,13,113,0,0,8.692307692307692,0.0,84,535,0,0.1341555713756899,24.01
TX_002547,STORE_01,CHK_012,15,93,2,0,6.2,0.13333333333333333,87,509,0,0.1341548752398884,24.01
TX_001898,STORE_08,CHK_035,5,106,2,0,21.2,0.4,114,509,0,0.13416865152665713,24.01
TX_001657,STORE_06,CHK_048,1,58,0,0,58.0,0.0,113,489,0,0.13420978870715028,24.0
TX_003548,STORE_05,CHK_050,15,126,1,0,8.4,0.06666666666666667,102,469,0,0.13424144874755156,23.99
TX_003213,STORE_03,CHK_039,17,122,0,0,7.176470588235294,0.0,103,535,0,0.13426510789664275,23.98
TX_001525,STORE_09,CHK_038,5,26,1,0,5.2,0.2,92,524,0,0.13430596075503282,23.97
TX_003107,STORE_06,CHK_033,9,147,1,0,16.333333333333332,0.1111111111111111,121,489,0,0.1343911431097457,23.95
TX_003194,STORE_10,CHK_025,9,57,1,0,6.333333333333333,0.1111111111111111,80,505,0,0.13441121412799956,23.95
TX_003685,STORE_07,CHK_044,9,134,0,0,14.88888888888889,0.0,125,492,0,0.1344164697275121,23.94
TX_003136,STORE_09,CHK_001,16,72,0,0,4.5,0.0,116,524,0,0.13455759092403657,23.91
TX_004841,STORE_10,CHK_032,1,65,0,0,65.0,0.0,111,505,0,0.13456072360829285,23.91
TX_001290,STORE_03,CHK_011,16,75,0,0,4.6875,0.0,111,535,0,0.13466783959081108,23.88
TX_004000,STORE_04,CHK_001,15,88,1,0,5.866666666666666,0.06666666666666667,116,478,0,0.13476898982165925,23.86
TX_001002,STORE_05,CHK_032,13,118,1,0,9.076923076923077,0.07692307692307693,111,469,0,0.13494580269255851,23.82
TX_000037,STORE_09,CHK_008,6,141,1,0,23.5,0.16666666666666666,85,524,0,0.1350032098086575,23.8
TX_003416,STORE_06,CHK_040,1,47,0,0,47.0,0.0,114,489,0,0.13507608250945863,23.78
TX_000415,STORE_08,CHK_005,8,15,0,0,1.875,0.0,84,509,0,0.13522686965241626,23.75
TX_003684,STORE_02,CHK_017,2,86,1,0,43.0,0.5,107,490,0,0.13521806207542458,23.75
TX_001187,STORE_08,CHK_032,1,70,0,0,70.0,0.0,111,509,0,0.13527440732869817,23.74
TX_002253,STORE_09,CHK_015,13,64,2,0,4.923076923076923,0.15384615384615385,104,524,0,0.13529328157362813,23.73
TX_004115,STORE_03,CHK_033,7,99,0,0,14.142857142857142,0.0,121,535,0,0.1353049795861545,23.73
TX_003626,STORE_04,CHK_043,15,28,0,0,1.8666666666666667,0.0,98,478,0,0.13539646252948145,23.71
TX_004859,STORE_09,CHK_027,4,98,1,0,24.5,0.25,86,524,0,0.13540090071480454,23.71
TX_000863,STORE_01,CHK_011,1,76,0,0,76.0,0.0,111,509,0,0.1353690057468815,23.71
TX_001044,STORE_10,CHK_013,20,95,1,0,4.75,0.05,110,505,0,0.13547860675607298,23.69
TX_003656,STORE_06,CHK_024,13,43,2,0,3.3076923076923075,0.15384615384615385,92,489,0,0.1355943608771346,23.66
TX_002693,STORE_06,CHK_029,17,147,1,0,8.647058823529411,0.058823529411764705,90,489,0,0.13560147787328652,23.66
TX_004190,STORE_03,CHK_030,10,134,0,0,13.4,0.0,84,535,0,0.13561282614177422,23.65
TX_002157,STORE_04,CHK_025,8,87,0,0,10.875,0.0,80,478,0,0.1357144335589867,23.63
TX_002394,STORE_02,CHK_024,1,62,0,0,62.0,0.0,92,490,0,0.13574843616709986,23.62
TX_001731,STORE_04,CHK_004,18,117,0,0,6.5,0.0,95,478,0,0.1357793421012755,23.61
TX_001523,STORE_01,CHK_037,16,168,1,0,10.5,0.0625,99,509,0,0.13590037594475968,23.58
TX_003734,STORE_05,CHK_048,6,143,0,0,23.833333333333332,0.0,113,469,0,0.13596256621118447,23.57
TX_000409,STORE_08,CHK_039,4,79,2,0,19.75,0.5,103,509,0,0.13600534469322795,23.56
TX_001037,STORE_04,CHK_018,6,59,2,0,9.833333333333334,0.3333333333333333,97,478,0,0.13604568480693002,23.55
TX_002440,STORE_06,CHK_048,14,18,0,0,1.2857142857142858,0.0,113,489,0,0.13604623658169945,23.55
TX_001567,STORE_02,CHK_040,1,54,0,0,54.0,0.0,114,490,0,0.1361011426581321,23.54
TX_003768,STORE_03,CHK_014,11,27,0,0,2.4545454545454546,0.0,103,535,0,0.1360732907263928,23.54
TX_001901,STORE_02,CHK_024,7,32,2,0,4.571428571428571,0.2857142857142857,92,490,0,0.13612010581283585,23.53
TX_003152,STORE_10,CHK_014,18,39,1,0,2.1666666666666665,0.05555555555555555,103,505,0,0.1361256343726065,23.53
TX_000657,STORE_08,CHK_025,13,123,0,0,9.461538461538462,0.0,80,509,0,0.13611547264038104,23.53
TX_004596,STORE_03,CHK_033,10,100,0,0,10.0,0.0,121,535,0,0.13617954119234,23.52
TX_003971,STORE_09,CHK_037,3,150,0,0,50.0,0.0,99,524,0,0.1361875040940287,23.51
TX_002631,STORE_09,CHK_041,10,52,2,0,5.2,0.2,105,524,0,0.13623202506911175,23.5
TX_001794,STORE_05,CHK_049,7,40,1,0,5.714285714285714,0.14285714285714285,91,469,0,0.13633839652287438,23.48
TX_000414,STORE_09,CHK_025,6,104,0,0,17.333333333333332,0.0,80,524,0,0.13643092145532038,23.46
TX_004277,STORE_04,CHK_008,15,101,0,0,6.733333333333333,0.0,85,478,0,0.13647624417890375,23.44
TX_004987,STORE_05,CHK_011,7,151,0,0,21.571428571428573,0.0,111,469,0,0.13651089400022237,23.44
TX_000820,STORE_02,CHK_044,10,54,0,0,5.4,0.0,125,490,0,0.1365136913484581,23.44
TX_001703,STORE_09,CHK_018,11,24,1,0,2.1818181818181817,0.09090909090909091,97,524,0,0.13670780014885398,23.39
TX_003294,STORE_05,CHK_012,9,118,1,0,13.11111111111111,0.1111111111111111,87,469,0,0.13679807938085226,23.37
TX_003610,STORE_05,CHK_023,15,119,1,0,7.933333333333334,0.06666666666666667,98,469,0,0.1368187167656975,23.36
TX_002851,STORE_07,CHK_025,13,53,0,0,4.076923076923077,0.0,80,492,0,0.13681173142804998,23.36
TX_002642,STORE_03,CHK_001,5,94,1,0,18.8,0.2,116,535,0,0.13684965783453396,23.35
TX_002230,STORE_06,CHK_011,1,67,0,0,67.0,0.0,111,489,0,0.1368673307553514,23.35
TX_001213,STORE_08,CHK_038,3,139,1,0,46.333333333333336,0.3333333333333333,92,509,0,0.13696416322506916,23.33
TX_002961,STORE_05,CHK_036,4,134,0,0,33.5,0.0,109,469,0,0.13697164170614107,23.32
TX_003313,STORE_04,CHK_039,3,151,0,0,50.333333333333336,0.0,103,478,0,0.13707482584806224,23.3
TX_001996,STORE_09,CHK_009,2,124,0,0,62.0,0.0,98,524,0,0.13710460447989886,23.29
TX_003583,STORE_03,CHK_004,11,118,2,0,10.727272727272727,0.18181818181818182,95,535,0,0.13710914112163392,23.29
TX_000313,STORE_03,CHK_011,12,41,0,0,3.4166666666666665,0.0,111,535,0,0.13713464689562677,23.28
TX_004702,STORE_04,CHK_001,4,105,1,0,26.25,0.25,116,478,0,0.13726275961530593,23.25
TX_003477,STORE_07,CHK_050,2,102,1,0,51.0,0.5,102,492,0,0.13732375163275906,23.24
TX_002524,STORE_04,CHK_033,9,55,0,0,6.111111111111111,0.0,121,478,0,0.13733931154906803,23.23
TX_000312,STORE_02,CHK_008,3,94,1,0,31.333333333333332,0.3333333333333333,85,490,0,0.13741147933197256,23.22
TX_002549,STORE_05,CHK_035,13,102,1,0,7.846153846153846,0.07692307692307693,114,469,0,0.13743143927608525,23.21
TX_003895,STORE_06,CHK_035,7,15,1,0,2.142857142857143,0.14285714285714285,114,489,0,0.13744918142697304,23.21
TX_004329,STORE_06,CHK_005,16,58,0,0,3.625,0.0,84,489,0,0.13742117116715763,23.21
TX_000291,STORE_03,CHK_047,14,52,1,0,3.7142857142857144,0.07142857142857142,95,535,0,0.1375892641076097,23.17
TX_003875,STORE_09,CHK_025,10,84,0,0,8.4,0.0,80,524,0,0.13765385002953634,23.16
TX_001081,STORE_10,CHK_021,14,184,0,0,13.142857142857142,0.0,101,505,0,0.1376280691879493,23.16
TX_004093,STORE_09,CHK_033,8,107,1,0,13.375,0.125,121,524,0,0.13768188322057884,23.15
TX_004870,STORE_03,CHK_045,4,59,1,0,14.75,0.25,91,535,0,0.13770658048345674,23.15
TX_003549,STORE_10,CHK_022,1,75,0,0,75.0,0.0,106,505,0,0.13776729348218664,23.13
TX_004711,STORE_02,CHK_025,3,93,0,0,31.0,0.0,80,490,0,0.1377791241348051,23.13
TX_004838,STORE_05,CHK_029,6,145,0,0,24.166666666666668,0.0,90,469,0,0.13780986960111274,23.12
TX_004421,STORE_04,CHK_036,17,88,1,0,5.176470588235294,0.058823529411764705,109,478,0,0.13795206505995838,23.09
TX_003306,STORE_03,CHK_036,15,109,1,0,7.266666666666667,0.06666666666666667,109,535,0,0.13795601409137842,23.08
TX_003839,STORE_03,CHK_008,7,120,1,0,17.142857142857142,0.14285714285714285,85,535,0,0.13810075925234994,23.05
TX_000118,STORE_10,CHK_015,1,79,0,0,79.0,0.0,104,505,0,0.1381589305540999,23.04
TX_000258,STORE_05,CHK_012,11,123,0,0,11.181818181818182,0.0,87,469,0,0.13820994686112242,23.02
TX_001356,STORE_01,CHK_008,14,38,0,0,2.7142857142857144,0.0,85,509,0,0.1382451243280124,23.01
TX_004352,STORE_06,CHK_015,17,67,2,0,3.9411764705882355,0.11764705882352941,104,489,0,0.13828075104932785,23.01
TX_001329,STORE_10,CHK_042,19,44,0,1,2.3157894736842106,0.0,95,505,0,0.1383017208811621,23.0
TX_002379,STORE_07,CHK_003,4,96,2,0,24.0,0.5,97,492,0,0.13838979911780092,22.98
TX_000520,STORE_09,CHK_013,13,98,2,0,7.538461538461538,0.15384615384615385,110,524,0,0.1384183489190861,22.97
TX_003822,STORE_06,CHK_041,1,65,0,0,65.0,0.0,105,489,0,0.13847431965890467,22.96
TX_004206,STORE_09,CHK_030,13,57,0,0,4.384615384615385,0.0,84,524,0,0.13852523145416284,22.95
TX_000671,STORE_05,CHK_017,15,53,0,0,3.533333333333333,0.0,107,469,0,0.13857991977051626,22.93
TX_002871,STORE_06,CHK_044,9,122,0,0,13.555555555555555,0.0,125,489,0,0.13859506430656615,22.93
TX_000959,STORE_01,CHK_033,4,86,1,0,21.5,0.25,121,509,0,0.13861898706493148,22.92
TX_004306,STORE_04,CHK_037,12,24,1,0,2.0,0.08333333333333333,99,478,0,0.13863431285930117,22.92
TX_003234,STORE_03,CHK_001,10,122,1,0,12.2,0.1,116,535,0,0.13866851444234313,22.91
TX_000601,STORE_09,CHK_030,12,75,1,0,6.25,0.08333333333333333,84,524,0,0.13876662236836668,22.89
TX_000243,STORE_02,CHK_005,11,99,2,0,9.0,0.18181818181818182,84,490,0,0.13878217641763002,22.88
TX_000748,STORE_07,CHK_011,11,15,1,0,1.3636363636363635,0.09090909090909091,111,492,0,0.13894006844448958,22.85
TX_003757,STORE_09,CHK_033,5,65,0,0,13.0,0.0,121,524,0,0.13892848304219785,22.85
TX_000522,STORE_04,CHK_035,2,107,0,0,53.5,0.0,114,478,0,0.1390648423809056,22.82
TX_003201,STORE_02,CHK_001,17,71,1,0,4.176470588235294,0.058823529411764705,116,490,0,0.1390666951347846,22.82
TX_000296,STORE_04,CHK_046,12,15,0,0,1.25,0.0,104,478,0,0.13907198233376777,22.81
TX_001782,STORE_04,CHK_015,12,15,0,0,1.25,0.0,104,478,0,0.13907198233376777,22.81
TX_003301,STORE_09,CHK_038,10,29,1,0,2.9,0.1,92,524,0,0.1391136632113958,22.8
TX_002532,STORE_03,CHK_042,7,163,0,0,23.285714285714285,0.0,95,535,0,0.13915626107292045,22.79
TX_001738,STORE_03,CHK_033,8,93,0,0,11.625,0.0,121,535,0,0.1391623781650258,22.79
TX_004732,STORE_04,CHK_040,17,91,0,0,5.352941176470588,0.0,114,478,0,0.13928028251494312,22.76
TX_002676,STORE_03,CHK_039,4,118,1,0,29.5,0.25,103,535,0,0.13931254509134933,22.76
TX_004497,STORE_07,CHK_044,6,59,0,0,9.833333333333334,0.0,125,492,0,0.13927440885475956,22.76
TX_000769,STORE_10,CHK_028,21,48,0,0,2.2857142857142856,0.0,102,505,0,0.13934518214479558,22.75
TX_003350,STORE_05,CHK_035,7,54,1,0,7.714285714285714,0.14285714285714285,114,469,0,0.13931848990635576,22.75
TX_002173,STORE_07,CHK_047,15,19,0,1,1.2666666666666666,0.0,95,492,0,0.1393881845889936,22.74
TX_000129,STORE_02,CHK_002,1,61,0,0,61.0,0.0,105,490,0,0.1393817743304937,22.74
TX_000846,STORE_02,CHK_025,3,73,0,0,24.333333333333332,0.0,80,490,0,0.1394712188862159,22.72
TX_003816,STORE_04,CHK_048,12,37,1,0,3.0833333333333335,0.08333333333333333,113,478,0,0.1394467948045523,22.72
TX_004254,STORE_06,CHK_027,8,168,0,0,21.0,0.0,86,489,0,0.13944234014693924,22.72
TX_002826,STORE_02,CHK_010,1,47,0,0,47.0,0.0,90,490,0,0.13949168203245216,22.71
TX_001420,STORE_05,CHK_006,2,98,0,0,49.0,0.0,102,469,0,0.13951499862676392,22.71
TX_001275,STORE_09,CHK_008,9,141,1,0,15.666666666666666,0.1111111111111111,85,524,0,0.1395123541894599,22.71
TX_001232,STORE_08,CHK_011,9,15,1,0,1.6666666666666667,0.1111111111111111,111,509,0,0.1394932765664914,22.71
TX_003587,STORE_03,CHK_035,8,148,0,0,18.5,0.0,114,535,0,0.13954420770307358,22.7
TX_001051,STORE_03,CHK_006,17,109,0,0,6.411764705882353,0.0,102,535,0,0.13952370372296957,22.7
TX_001119,STORE_05,CHK_002,6,159,0,0,26.5,0.0,105,469,0,0.13959845427175654,22.69
TX_004802,STORE_03,CHK_043,4,123,1,0,30.75,0.25,98,535,0,0.13976522615957365,22.65
TX_000599,STORE_01,CHK_017,1,63,0,0,63.0,0.0,107,509,0,0.13973662047547292,22.65
TX_000411,STORE_04,CHK_038,10,15,0,0,1.5,0.0,92,478,0,0.13980927192910653,22.63
TX_002213,STORE_03,CHK_020,4,30,0,0,7.5,0.0,94,535,0,0.1398868243237011,22.62
TX_002104,STORE_08,CHK_031,8,51,2,0,6.375,0.25,113,509,0,0.13991287852126638,22.61
TX_000806,STORE_10,CHK_035,3,115,1,0,38.333333333333336,0.3333333333333333,114,505,0,0.13992388815643247,22.61
TX_002977,STORE_08,CHK_044,5,73,0,0,14.6,0.0,125,509,0,0.13994733234869805,22.6
TX_000536,STORE_07,CHK_030,14,134,1,0,9.571428571428571,0.07142857142857142,84,492,0,0.13998912365369565,22.59
TX_004617,STORE_09,CHK_007,13,76,2,0,5.846153846153846,0.15384615384615385,95,524,0,0.13999433793832206,22.59
TX_004909,STORE_05,CHK_005,7,118,0,0,16.857142857142858,0.0,84,469,0,0.14004948859687738,22.58
TX_004771,STORE_09,CHK_047,8,15,0,0,1.875,0.0,95,524,0,0.1401118781095942,22.56
TX_000810,STORE_05,CHK_035,8,139,0,0,17.375,0.0,114,469,0,0.14012112832683332,22.56
TX_003176,STORE_04,CHK_009,10,45,2,0,4.5,0.2,98,478,0,0.14010822645739246,22.56
TX_000944,STORE_06,CHK_031,3,125,1,0,41.666666666666664,0.3333333333333333,113,489,0,0.14018285779264245,22.54
TX_003575,STORE_04,CHK_002,6,102,2,0,17.0,0.3333333333333333,105,478,0,0.1401816876800157,22.54
TX_004407,STORE_05,CHK_020,14,65,1,0,4.642857142857143,0.07142857142857142,94,469,0,0.14027642416107017,22.52
TX_000566,STORE_02,CHK_044,12,87,0,0,7.25,0.0,125,490,0,0.14034005406515943,22.51
TX_000829,STORE_05,CHK_008,5,102,0,0,20.4,0.0,85,469,0,0.14034821007818798,22.5
TX_001825,STORE_05,CHK_027,8,129,0,0,16.125,0.0,86,469,0,0.1404025815317761,22.49
TX_003513,STORE_09,CHK_017,5,15,0,0,3.0,0.0,107,524,0,0.14040142218933388,22.49
TX_003221,STORE_03,CHK_004,11,107,2,0,9.727272727272727,0.18181818181818182,95,535,0,0.14046233707821726,22.48
TX_003755,STORE_09,CHK_013,12,85,2,0,7.083333333333333,0.16666666666666666,110,524,0,0.14044968141672826,22.48
TX_001642,STORE_03,CHK_008,9,134,0,0,14.88888888888889,0.0,85,535,0,0.1404581100991863,22.48
TX_003397,STORE_03,CHK_017,3,121,0,0,40.333333333333336,0.0,107,535,0,0.14047534658108274,22.47
TX_002252,STORE_04,CHK_030,11,42,0,0,3.8181818181818183,0.0,84,478,0,0.14054277264982873,22.46
TX_004889,STORE_07,CHK_012,2,15,0,0,7.5,0.0,87,492,0,0.140525135889507,22.46
TX_002141,STORE_01,CHK_039,2,142,0,0,71.0,0.0,103,509,0,0.14052574669786938,22.46
TX_003621,STORE_03,CHK_009,7,33,1,0,4.714285714285714,0.14285714285714285,98,535,0,0.14062439727497106,22.44
TX_002073,STORE_08,CHK_008,3,87,1,0,29.0,0.3333333333333333,85,509,0,0.1406394298331229,22.43
TX_004232,STORE_10,CHK_044,6,68,0,0,11.333333333333334,0.0,125,505,0,0.14064287195980008,22.43
TX_001099,STORE_03,CHK_001,4,55,0,0,13.75,0.0,116,535,0,0.14072387655504853,22.41
TX_000412,STORE_08,CHK_027,8,127,2,0,15.875,0.25,86,509,0,0.14080317507109452,22.39
TX_003124,STORE_05,CHK_011,12,67,1,0,5.583333333333333,0.08333333333333333,111,469,0,0.14084481116580727,22.38
TX_004883,STORE_01,CHK_023,2,64,1,0,32.0,0.5,98,509,0,0.14086661626217228,22.38
TX_004272,STORE_03,CHK_032,15,67,0,0,4.466666666666667,0.0,111,535,0,0.1409147729452202,22.37
TX_004819,STORE_05,CHK_031,9,31,0,0,3.4444444444444446,0.0,113,469,0,0.1408921809199452,22.37
TX_001174,STORE_08,CHK_029,8,41,2,0,5.125,0.25,90,509,0,0.14088880753999633,22.37
TX_000093,STORE_05,CHK_009,11,25,0,0,2.272727272727273,0.0,98,469,0,0.14094156316469364,22.36
TX_001720,STORE_04,CHK_033,7,114,0,0,16.285714285714285,0.0,121,478,0,0.14104900991683883,22.33
TX_001737,STORE_08,CHK_050,15,25,1,1,1.6666666666666667,0.06666666666666667,102,509,0,0.14115525331991008,22.31
TX_004086,STORE_07,CHK_025,13,114,0,0,8.76923076923077,0.0,80,492,0,0.1411811316513356,22.3
TX_004434,STORE_05,CHK_012,4,60,0,0,15.0,0.0,87,469,0,0.1412011735634568,22.3
TX_004461,STORE_09,CHK_028,19,109,0,0,5.7368421052631575,0.0,102,524,0,0.14123582767388304,22.29
TX_003524,STORE_03,CHK_001,5,123,0,0,24.6,0.0,116,535,0,0.14129237294732244,22.27
TX_002958,STORE_04,CHK_001,10,28,0,0,2.8,0.0,116,478,0,0.14141043147941673,22.25
TX_003452,STORE_03,CHK_029,11,132,1,0,12.0,0.09090909090909091,90,535,0,0.1413814102925895,22.25
TX_002083,STORE_04,CHK_030,10,60,1,0,6.0,0.1,84,478,0,0.14140671513694736,22.25
TX_001790,STORE_09,CHK_037,9,24,1,0,2.6666666666666665,0.1111111111111111,99,524,0,0.14137861316835493,22.25
TX_001935,STORE_03,CHK_022,12,50,1,0,4.166666666666667,0.08333333333333333,106,535,0,0.14147112159276037,22.23
TX_003104,STORE_09,CHK_041,16,134,1,0,8.375,0.0625,105,524,0,0.14151953621905927,22.22
TX_002451,STORE_03,CHK_008,6,91,1,0,15.166666666666666,0.16666666666666666,85,535,0,0.14156762645095522,22.21
TX_004203,STORE_04,CHK_033,11,72,0,0,6.545454545454546,0.0,121,478,0,0.1415766042907609,22.21
TX_002587,STORE_03,CHK_026,4,115,1,0,28.75,0.25,103,535,0,0.1415718628972456,22.21
TX_000673,STORE_05,CHK_035,3,104,0,0,34.666666666666664,0.0,114,469,0,0.14159466194651615,22.2
TX_002222,STORE_10,CHK_044,8,62,0,0,7.75,0.0,125,505,0,0.14161330397050076,22.2
TX_001249,STORE_01,CHK_013,5,85,2,0,17.0,0.4,110,509,0,0.14163697397295633,22.19
TX_002553,STORE_04,CHK_006,3,44,1,0,14.666666666666666,0.3333333333333333,102,478,0,0.14165994554235128,22.19
TX_001089,STORE_03,CHK_049,7,156,0,0,22.285714285714285,0.0,91,535,0,0.14174239817328238,22.17
TX_004826,STORE_09,CHK_041,6,106,2,0,17.666666666666668,0.3333333333333333,105,524,0,0.1417802545212128,22.16
TX_001445,STORE_03,CHK_047,10,40,1,0,4.0,0.1,95,535,0,0.14178960469689128,22.15
TX_001876,STORE_05,CHK_046,5,129,1,0,25.8,0.2,104,469,0,0.14186064421755967,22.14
TX_004699,STORE_09,CHK_019,2,94,0,0,47.0,0.0,90,524,0,0.14190491635095742,22.13
TX_004720,STORE_09,CHK_013,17,67,0,0,3.9411764705882355,0.0,110,524,0,0.141949561576321,22.11
TX_000584,STORE_04,CHK_030,7,125,1,0,17.857142857142858,0.14285714285714285,84,478,0,0.14196083801678028,22.11
TX_004623,STORE_03,CHK_032,15,120,0,0,8.0,0.0,111,535,0,0.14208581333361003,22.08
TX_002656,STORE_05,CHK_035,10,121,1,0,12.1,0.1,114,469,0,0.14212417898294138,22.07
TX_001527,STORE_09,CHK_037,4,15,0,0,3.75,0.0,99,524,0,0.1421438278972595,22.07
TX_004108,STORE_05,CHK_043,7,35,1,0,5.0,0.14285714285714285,98,469,0,0.14222630862389507,22.05
TX_003499,STORE_06,CHK_047,16,79,2,0,4.9375,0.125,95,489,0,0.1423325415219273,22.02
TX_002932,STORE_10,CHK_025,7,71,1,0,10.142857142857142,0.14285714285714285,80,505,0,0.14231915533331857,22.02
TX_001570,STORE_06,CHK_028,1,63,0,0,63.0,0.0,102,489,0,0.14239253040659194,22.01
TX_001837,STORE_05,CHK_034,9,61,1,0,6.777777777777778,0.1111111111111111,89,469,0,0.14242045579707013,22.0
TX_001400,STORE_10,CHK_044,7,112,0,0,16.0,0.0,125,505,0,0.14245948624300453,21.99
TX_003478,STORE_10,CHK_033,3,55,0,0,18.333333333333332,0.0,121,505,0,0.14244422112988592,21.99
TX_003973,STORE_09,CHK_005,5,70,1,0,14.0,0.2,84,524,0,0.14259288615018323,21.96
TX_000700,STORE_03,CHK_027,10,85,1,0,8.5,0.1,86,535,0,0.14270659271060943,21.93
TX_002665,STORE_05,CHK_005,9,69,0,0,7.666666666666667,0.0,84,469,0,0.1427164234360721,21.93
TX_004034,STORE_03,CHK_041,2,82,0,0,41.0,0.0,105,535,0,0.14275392819526567,21.92
TX_004574,STORE_04,CHK_024,3,67,1,0,22.333333333333332,0.3333333333333333,92,478,0,0.14273068227526098,21.92
TX_003297,STORE_03,CHK_001,6,96,1,0,16.0,0.16666666666666666,116,535,0,0.14280006384894584,21.91
TX_004492,STORE_09,CHK_010,8,107,2,0,13.375,0.25,90,524,0,0.1428048256221957,21.91
TX_003911,STORE_09,CHK_028,11,19,0,0,1.7272727272727273,0.0,102,524,0,0.14290315160334577,21.88
TX_001946,STORE_02,CHK_049,11,15,1,0,1.3636363636363635,0.09090909090909091,91,490,0,0.14290464039965128,21.88
TX_001196,STORE_08,CHK_018,1,79,0,0,79.0,0.0,97,509,0,0.14298755345706793,21.86
TX_004892,STORE_01,CHK_027,17,125,0,0,7.352941176470588,0.0,86,509,0,0.14309211369782843,21.84
TX_000435,STORE_05,CHK_022,7,21,0,0,3.0,0.0,106,469,0,0.14319816578966688,21.81
TX_004435,STORE_08,CHK_045,14,27,1,0,1.9285714285714286,0.07142857142857142,91,509,0,0.14323980495522654,21.8
TX_003785,STORE_03,CHK_040,12,85,1,0,7.083333333333333,0.08333333333333333,114,535,0,0.14324101536968248,21.8
TX_003049,STORE_02,CHK_036,10,15,1,0,1.5,0.1,109,490,0,0.14335966874725525,21.77
TX_000552,STORE_03,CHK_005,7,90,1,0,12.857142857142858,0.14285714285714285,84,535,0,0.14339910018681407,21.76
TX_001153,STORE_10,CHK_025,8,70,1,0,8.75,0.125,80,505,0,0.14349000580220223,21.74
TX_004496,STORE_01,CHK_011,18,130,0,0,7.222222222222222,0.0,111,509,0,0.14363408104346587,21.71
TX_003172,STORE_07,CHK_025,13,82,0,0,6.3076923076923075,0.0,80,492,0,0.14364547145685486,21.7
TX_004858,STORE_05,CHK_035,13,105,0,0,8.076923076923077,0.0,114,469,0,0.1437414008200803,21.68
TX_004610,STORE_09,CHK_021,16,45,0,0,2.8125,0.0,101,524,0,0.1437289206691867,21.68
TX_003180,STORE_03,CHK_021,2,72,0,0,36.0,0.0,101,535,0,0.1437326396354235,21.68
TX_002749,STORE_07,CHK_036,10,189,0,0,18.9,0.0,109,492,0,0.14373564181627502,21.68
TX_000736,STORE_07,CHK_008,10,110,2,0,11.0,0.2,85,492,0,0.14376784800429182,21.67
TX_000097,STORE_08,CHK_027,10,65,2,0,6.5,0.2,86,509,0,0.14377760722261412,21.67
TX_002183,STORE_02,CHK_039,6,190,0,0,31.666666666666668,0.0,103,490,0,0.14396144112786752,21.63
TX_002845,STORE_02,CHK_038,15,33,1,0,2.2,0.06666666666666667,92,490,0,0.144075201537466,21.6
TX_003834,STORE_09,CHK_013,7,23,0,0,3.2857142857142856,0.0,110,524,0,0.14406842799664316,21.6
TX_001422,STORE_09,CHK_005,3,87,0,0,29.0,0.0,84,524,0,0.14412932224034364,21.59
TX_001701,STORE_10,CHK_005,2,92,0,0,46.0,0.0,84,505,0,0.14412230737843762,21.59
TX_004303,STORE_09,CHK_013,8,90,2,0,11.25,0.25,110,524,0,0.14416838563557122,21.58
TX_003661,STORE_09,CHK_026,3,97,1,0,32.333333333333336,0.3333333333333333,103,524,0,0.1442063975166965,21.57
TX_004966,STORE_05,CHK_027,10,64,0,0,6.4,0.0,86,469,0,0.14424959254656222,21.56
TX_001173,STORE_05,CHK_018,2,54,0,0,27.0,0.0,97,469,0,0.14428217708618118,21.55
TX_001611,STORE_03,CHK_027,7,46,0,0,6.571428571428571,0.0,86,535,0,0.14449433806458323,21.5
TX_002923,STORE_02,CHK_033,13,114,1,0,8.76923076923077,0.07692307692307693,121,490,0,0.1444671971767077,21.5
TX_003535,STORE_05,CHK_038,11,138,0,0,12.545454545454545,0.0,92,469,0,0.14450733825496603,21.49
TX_000543,STORE_03,CHK_049,4,85,1,0,21.25,0.25,91,535,0,0.14455308586748722,21.48
TX_002423,STORE_05,CHK_019,5,130,0,0,26.0,0.0,90,469,0,0.14458000122496917,21.48
TX_001735,STORE_09,CHK_050,3,19,0,0,6.333333333333333,0.0,102,524,0,0.14455791385865108,21.48
TX_000861,STORE_01,CHK_044,6,98,0,0,16.333333333333332,0.0,125,509,0,0.14454588247646316,21.48
TX_003087,STORE_09,CHK_020,7,128,2,0,18.285714285714285,0.2857142857142857,94,524,0,0.14462404794149103,21.46
TX_000681,STORE_01,CHK_014,10,189,1,0,18.9,0.1,103,509,0,0.1446566986759299,21.46
TX_004832,STORE_04,CHK_007,11,15,0,0,1.3636363636363635,0.0,95,478,0,0.14468628188192612,21.45
TX_003140,STORE_10,CHK_028,1,69,0,0,69.0,0.0,102,505,0,0.14468452294058104,21.45
TX_003160,STORE_09,CHK_012,14,136,0,0,9.714285714285714,0.0,87,524,0,0.1447188780680727,21.44
TX_003131,STORE_04,CHK_020,8,172,0,0,21.5,0.0,94,478,0,0.1447328061189586,21.44
TX_000153,STORE_07,CHK_044,8,85,1,0,10.625,0.125,125,492,0,0.14472000037201277,21.44
TX_001102,STORE_08,CHK_022,11,15,1,0,1.3636363636363635,0.09090909090909091,106,509,0,0.14483740656200733,21.41
TX_000372,STORE_05,CHK_018,15,63,0,0,4.2,0.0,97,469,0,0.14487015423795357,21.41
TX_004013,STORE_09,CHK_031,15,52,0,0,3.466666666666667,0.0,113,524,0,0.1448616665277893,21.41
TX_001140,STORE_02,CHK_044,6,90,0,0,15.0,0.0,125,490,0,0.14494223571426879,21.39
TX_001097,STORE_08,CHK_017,10,15,1,0,1.5,0.1,107,509,0,0.1450531909406897,21.36
TX_004243,STORE_03,CHK_001,12,84,0,0,7.0,0.0,116,535,0,0.1450863038267688,21.35
TX_001350,STORE_06,CHK_034,9,137,2,0,15.222222222222221,0.2222222222222222,89,489,0,0.1450778309775121,21.35
TX_004325,STORE_08,CHK_030,11,45,1,0,4.090909090909091,0.09090909090909091,84,509,0,0.14510011634499598,21.35
TX_001488,STORE_10,CHK_005,4,112,1,0,28.0,0.25,84,505,0,0.14516695712675765,21.33
TX_000262,STORE_01,CHK_025,12,66,0,0,5.5,0.0,80,509,0,0.14519458732654078,21.33
TX_004970,STORE_08,CHK_025,13,98,0,0,7.538461538461538,0.0,80,509,0,0.1451678769525544,21.33
TX_002509,STORE_04,CHK_016,9,127,2,0,14.11111111111111,0.2222222222222222,104,478,0,0.14522858032041752,21.32
TX_001478,STORE_09,CHK_022,17,64,0,0,3.764705882352941,0.0,106,524,0,0.14528015591231674,21.31
TX_000717,STORE_10,CHK_005,2,39,0,0,19.5,0.0,84,505,0,0.14526112412864806,21.31
TX_000021,STORE_05,CHK_046,11,29,0,0,2.6363636363636362,0.0,104,469,0,0.1452647910525166,21.31
TX_003260,STORE_02,CHK_024,1,49,0,0,49.0,0.0,92,490,0,0.14535505230399126,21.29
TX_003874,STORE_10,CHK_025,7,107,1,0,15.285714285714286,0.14285714285714285,80,505,0,0.14546970635673206,21.26
TX_001542,STORE_03,CHK_003,3,124,0,0,41.333333333333336,0.0,97,535,0,0.14546564475962154,21.26
TX_000818,STORE_10,CHK_017,9,41,2,0,4.555555555555555,0.2222222222222222,107,505,0,0.14555068824480827,21.24
TX_004716,STORE_05,CHK_027,10,71,0,0,7.1,0.0,86,469,0,0.14559139447675223,21.23
TX_001530,STORE_03,CHK_027,6,94,1,0,15.666666666666666,0.16666666666666666,86,535,0,0.14560095446507743,21.23
TX_002492,STORE_10,CHK_045,7,15,1,0,2.142857142857143,0.14285714285714285,91,505,0,0.14558503879919632,21.23
TX_002322,STORE_09,CHK_050,8,180,0,0,22.5,0.0,102,524,0,0.1456277457191919,21.22
TX_003369,STORE_07,CHK_031,8,15,1,0,1.875,0.125,113,492,0,0.14568260199544242,21.21
TX_002116,STORE_05,CHK_001,8,89,1,0,11.125,0.125,116,469,0,0.14581814232756773,21.17
TX_004248,STORE_03,CHK_040,5,89,1,0,17.8,0.2,114,535,0,0.14588117586204202,21.16
TX_004011,STORE_07,CHK_025,13,88,0,0,6.769230769230769,0.0,80,492,0,0.14589122470065646,21.16
TX_000149,STORE_08,CHK_034,13,128,2,0,9.846153846153847,0.15384615384615385,89,509,0,0.14585871688616053,21.16
TX_001561,STORE_09,CHK_029,9,119,2,0,13.222222222222221,0.2222222222222222,90,524,0,0.14586755463110385,21.16
TX_002686,STORE_01,CHK_043,15,62,2,0,4.133333333333334,0.13333333333333333,98,509,0,0.145938238187574,21.15
TX_002130,STORE_08,CHK_043,15,139,2,0,9.266666666666667,0.13333333333333333,98,509,0,0.14593785497368844,21.15
TX_002319,STORE_03,CHK_018,2,69,0,0,34.5,0.0,97,535,0,0.14593185060348085,21.15
TX_002069,STORE_03,CHK_027,9,101,1,0,11.222222222222221,0.1111111111111111,86,535,0,0.14590410427369316,21.15
TX_001854,STORE_07,CHK_033,12,134,0,0,11.166666666666666,0.0,121,492,0,0.14594098215416257,21.14
TX_000045,STORE_09,CHK_001,12,64,1,0,5.333333333333333,0.08333333333333333,116,524,0,0.14595898097574972,21.14
TX_004197,STORE_06,CHK_044,7,89,0,0,12.714285714285714,0.0,125,489,0,0.14609950026464158,21.11
TX_000936,STORE_09,CHK_033,7,72,0,0,10.285714285714286,0.0,121,524,0,0.14607618116676824,21.11
TX_002498,STORE_09,CHK_041,7,128,2,0,18.285714285714285,0.2857142857142857,105,524,0,0.14608911040169087,21.11
TX_003340,STORE_01,CHK_045,5,94,2,0,18.8,0.4,91,509,0,0.14606739928259754,21.11
TX_003729,STORE_07,CHK_041,12,41,2,0,3.4166666666666665,0.16666666666666666,105,492,0,0.14611477898543268,21.1
TX_002943,STORE_05,CHK_013,14,107,0,0,7.642857142857143,0.0,110,469,0,0.14615033893409518,21.09
TX_004643,STORE_10,CHK_030,15,59,0,0,3.933333333333333,0.0,84,505,0,0.14624936769417535,21.07
TX_001773,STORE_04,CHK_036,6,31,1,0,5.166666666666667,0.16666666666666666,109,478,0,0.14623876889519116,21.07
TX_004922,STORE_07,CHK_011,3,149,0,0,49.666666666666664,0.0,111,492,0,0.1462764890282402,21.06
TX_000279,STORE_08,CHK_028,3,160,0,0,53.333333333333336,0.0,102,509,0,0.1462964622280401,21.06
TX_001243,STORE_10,CHK_028,1,67,0,0,67.0,0.0,102,505,0,0.14632453653150984,21.05
TX_002883,STORE_03,CHK_004,12,54,1,0,4.5,0.08333333333333333,95,535,0,0.14631995212708854,21.05
TX_001694,STORE_10,CHK_033,7,60,1,0,8.571428571428571,0.14285714285714285,121,505,0,0.14643472834156068,21.03
TX_003286,STORE_09,CHK_032,2,101,0,0,50.5,0.0,111,524,0,0.14641142521763267,21.03
TX_003392,STORE_03,CHK_024,4,85,1,0,21.25,0.25,92,535,0,0.1465067088228888,21.01
TX_000607,STORE_09,CHK_047,11,33,1,0,3.0,0.09090909090909091,95,524,0,0.14649761804335754,21.01
TX_003067,STORE_04,CHK_033,6,99,0,0,16.5,0.0,121,478,0,0.14648931551538552,21.01
TX_004878,STORE_09,CHK_036,4,121,1,0,30.25,0.25,109,524,0,0.14658647757000365,20.99
TX_002674,STORE_08,CHK_033,11,68,1,0,6.181818181818182,0.09090909090909091,121,509,0,0.14664336925251314,20.97
TX_001094,STORE_04,CHK_033,6,96,0,0,16.0,0.0,121,478,0,0.14664856478826077,20.97
TX_000437,STORE_09,CHK_030,10,74,1,0,7.4,0.1,84,524,0,0.14675362979331946,20.95
TX_000446,STORE_07,CHK_011,11,181,0,0,16.454545454545453,0.0,111,492,0,0.14679431678784804,20.94
TX_003264,STORE_03,CHK_014,6,26,0,0,4.333333333333333,0.0,103,535,0,0.14681799314346888,20.93
TX_002644,STORE_09,CHK_003,3,91,1,0,30.333333333333332,0.3333333333333333,97,524,0,0.14691268752714798,20.91
TX_003884,STORE_07,CHK_038,16,152,0,0,9.5,0.0,92,492,0,0.14701582793536677,20.88
TX_003645,STORE_09,CHK_046,8,68,2,0,8.5,0.25,104,524,0,0.14707141625222053,20.87
TX_003137,STORE_09,CHK_021,8,66,2,0,8.25,0.25,101,524,0,0.14709051446279703,20.87
TX_002343,STORE_09,CHK_032,11,41,1,0,3.727272727272727,0.09090909090909091,111,524,0,0.14708940983107982,20.87
TX_002896,STORE_06,CHK_044,7,96,0,0,13.714285714285714,0.0,125,489,0,0.1470630605760384,20.87
TX_002913,STORE_04,CHK_045,7,15,0,0,2.142857142857143,0.0,91,478,0,0.14710069378180135,20.86
TX_003943,STORE_03,CHK_015,15,107,1,0,7.133333333333334,0.06666666666666667,104,535,0,0.14710677365436864,20.86
TX_000203,STORE_03,CHK_038,6,49,1,0,8.166666666666666,0.16666666666666666,92,535,0,0.14718553569458964,20.84
TX_002646,STORE_07,CHK_044,10,78,0,0,7.8,0.0,125,492,0,0.1472084898361128,20.84
TX_002303,STORE_03,CHK_039,2,53,0,0,26.5,0.0,103,535,0,0.14724262968153579,20.83
TX_001664,STORE_02,CHK_005,2,96,0,0,48.0,0.0,84,490,0,0.14721922771232304,20.83
TX_003994,STORE_08,CHK_044,9,111,0,0,12.333333333333334,0.0,125,509,0,0.14729411411649368,20.82
TX_002415,STORE_02,CHK_043,1,63,0,0,63.0,0.0,98,490,0,0.14737224864936466,20.8
TX_002360,STORE_03,CHK_010,5,57,1,0,11.4,0.2,90,535,0,0.14746253633561812,20.78
TX_003803,STORE_03,CHK_035,4,52,0,0,13.0,0.0,114,535,0,0.1474916832900432,20.77
TX_002740,STORE_08,CHK_024,5,86,2,0,17.2,0.4,92,509,0,0.14755499143919126,20.75
TX_003511,STORE_09,CHK_001,12,141,0,0,11.75,0.0,116,524,0,0.14766160468078676,20.73
TX_003516,STORE_08,CHK_033,11,73,1,0,6.636363636363637,0.09090909090909091,121,509,0,0.1476610727136038,20.73
TX_002605,STORE_02,CHK_023,6,143,2,0,23.833333333333332,0.3333333333333333,98,490,0,0.14767622786530676,20.72
TX_000432,STORE_09,CHK_047,3,81,1,0,27.0,0.3333333333333333,95,524,0,0.14770731125179826,20.72
TX_002484,STORE_05,CHK_020,15,96,0,0,6.4,0.0,94,469,0,0.14770472026574744,20.72
TX_004098,STORE_10,CHK_044,10,94,0,0,9.4,0.0,125,505,0,0.14773354174920145,20.71
TX_002458,STORE_02,CHK_044,9,69,0,0,7.666666666666667,0.0,125,490,0,0.14772214429760316,20.71
TX_004958,STORE_03,CHK_029,12,118,1,0,9.833333333333334,0.08333333333333333,90,535,0,0.1478127732348769,20.69
TX_002364,STORE_04,CHK_034,2,67,0,0,33.5,0.0,89,478,0,0.14785538493069184,20.68
TX_000796,STORE_01,CHK_003,1,69,0,0,69.0,0.0,97,509,0,0.14794347245876188,20.66
TX_004614,STORE_02,CHK_042,6,48,2,0,8.0,0.3333333333333333,95,490,0,0.14794972862465705,20.66
TX_003293,STORE_06,CHK_043,6,45,2,0,7.5,0.3333333333333333,98,489,0,0.14799014001546812,20.65
TX_003284,STORE_04,CHK_035,6,41,1,0,6.833333333333333,0.16666666666666666,114,478,0,0.14806291476724714,20.63
TX_000443,STORE_04,CHK_026,15,36,0,0,2.4,0.0,103,478,0,0.14810124167578492,20.62
TX_003944,STORE_01,CHK_008,13,134,1,0,10.307692307692308,0.07692307692307693,85,509,0,0.1480833812272972,20.62
TX_003733,STORE_03,CHK_031,3,62,0,0,20.666666666666668,0.0,113,535,0,0.1481088715275124,20.62
TX_000240,STORE_08,CHK_044,7,103,0,0,14.714285714285714,0.0,125,509,0,0.14818847941216945,20.6
TX_002952,STORE_09,CHK_011,12,147,1,0,12.25,0.08333333333333333,111,524,0,0.14828413087340603,20.58
TX_003744,STORE_06,CHK_027,9,100,2,0,11.11111111111111,0.2222222222222222,86,489,0,0.14825464665243032,20.58
TX_000962,STORE_03,CHK_029,7,37,0,0,5.285714285714286,0.0,90,535,0,0.14828618275520972,20.58
TX_001669,STORE_04,CHK_042,3,83,1,0,27.666666666666668,0.3333333333333333,95,478,0,0.148298902889532,20.57
TX_002149,STORE_03,CHK_005,5,69,0,0,13.8,0.0,84,535,0,0.14829898724624413,20.57
TX_000200,STORE_08,CHK_033,5,132,0,0,26.4,0.0,121,509,0,0.1484336972278485,20.54
TX_003436,STORE_09,CHK_002,13,42,1,0,3.230769230769231,0.07692307692307693,105,524,0,0.14850658814281048,20.52
TX_003336,STORE_07,CHK_022,5,126,2,0,25.2,0.4,106,492,0,0.14849528152448976,20.52
TX_003808,STORE_05,CHK_019,7,121,1,0,17.285714285714285,0.14285714285714285,90,469,0,0.14849547237317284,20.52
TX_000994,STORE_06,CHK_044,9,106,0,0,11.777777777777779,0.0,125,489,0,0.1485452124906837,20.51
TX_004944,STORE_04,CHK_021,12,69,2,0,5.75,0.16666666666666666,101,478,0,0.1485536820403724,20.51
TX_002733,STORE_03,CHK_031,5,69,1,0,13.8,0.2,113,535,0,0.14863116290689588,20.49
TX_003641,STORE_10,CHK_044,9,88,0,0,9.777777777777779,0.0,125,505,0,0.14868237479788854,20.48
TX_003643,STORE_09,CHK_009,10,20,0,0,2.0,0.0,98,524,0,0.14866757366191846,20.48
TX_002241,STORE_06,CHK_014,13,25,1,0,1.9230769230769231,0.07692307692307693,103,489,0,0.14866917712468852,20.48
TX_004301,STORE_01,CHK_008,15,116,1,0,7.733333333333333,0.06666666666666667,85,509,0,0.14885736121353943,20.44
TX_003016,STORE_03,CHK_022,7,144,1,0,20.571428571428573,0.14285714285714285,106,535,0,0.14887942424428002,20.43
TX_002607,STORE_04,CHK_028,3,97,1,0,32.333333333333336,0.3333333333333333,102,478,0,0.14891879858094853,20.42
TX_001873,STORE_09,CHK_034,7,159,0,0,22.714285714285715,0.0,89,524,0,0.14890510628184667,20.42
TX_000228,STORE_03,CHK_023,14,62,1,0,4.428571428571429,0.07142857142857142,98,535,0,0.14899076607744993,20.4
TX_001032,STORE_02,CHK_035,7,21,1,0,3.0,0.14285714285714285,114,490,0,0.14902610695457646,20.4
TX_004854,STORE_05,CHK_031,3,100,0,0,33.333333333333336,0.0,113,469,0,0.149007773208792,20.4
TX_002766,STORE_10,CHK_005,13,141,0,0,10.846153846153847,0.0,84,505,0,0.14904764574613272,20.39
TX_000143,STORE_09,CHK_036,14,137,1,0,9.785714285714286,0.07142857142857142,109,524,0,0.1491034763315735,20.38
TX_001998,STORE_04,CHK_008,14,91,0,0,6.5,0.0,85,478,0,0.14910962818193502,20.38
TX_001117,STORE_10,CHK_025,5,80,0,0,16.0,0.0,80,505,0,0.14911068205426325,20.37
TX_001375,STORE_03,CHK_030,5,62,0,0,12.4,0.0,84,535,0,0.1491631381919286,20.36
TX_002813,STORE_03,CHK_043,10,158,0,0,15.8,0.0,98,535,0,0.14916738021154974,20.36
TX_001890,STORE_01,CHK_023,1,71,0,0,71.0,0.0,98,509,0,0.14918214401528734,20.36
TX_003664,STORE_04,CHK_048,2,43,0,0,21.5,0.0,113,478,0,0.14920135889988717,20.35
TX_003563,STORE_08,CHK_033,3,103,0,0,34.333333333333336,0.0,121,509,0,0.1492121188707639,20.35
TX_004129,STORE_04,CHK_047,9,15,0,0,1.6666666666666667,0.0,95,478,0,0.14928988019221812,20.33
TX_004153,STORE_01,CHK_043,1,63,0,0,63.0,0.0,98,509,0,0.14934465740885994,20.32
TX_004874,STORE_09,CHK_026,13,40,1,0,3.076923076923077,0.07692307692307693,103,524,0,0.14936356510034937,20.31
TX_004350,STORE_04,CHK_016,12,34,1,0,2.8333333333333335,0.08333333333333333,104,478,0,0.1493851573753554,20.31
TX_003951,STORE_05,CHK_002,6,50,1,0,8.333333333333334,0.16666666666666666,105,469,0,0.14937234860144305,20.31
TX_001437,STORE_04,CHK_016,3,88,1,0,29.333333333333332,0.3333333333333333,104,478,0,0.1494045480071437,20.3
TX_002827,STORE_02,CHK_041,7,151,2,0,21.571428571428573,0.2857142857142857,105,490,0,0.1494581557449064,20.29
TX_004766,STORE_02,CHK_036,8,15,1,0,1.875,0.125,109,490,0,0.14947414310062002,20.29
TX_004042,STORE_06,CHK_025,8,98,1,0,12.25,0.125,80,489,0,0.14949652800453517,20.28
TX_000991,STORE_04,CHK_018,3,83,1,0,27.666666666666668,0.3333333333333333,97,478,0,0.14956336646000018,20.26
TX_000268,STORE_04,CHK_007,12,89,2,0,7.416666666666667,0.16666666666666666,95,478,0,0.1496400888232129,20.25
TX_002750,STORE_09,CHK_022,2,34,0,0,17.0,0.0,106,524,0,0.14960784187723153,20.25
TX_003693,STORE_03,CHK_035,12,75,0,0,6.25,0.0,114,535,0,0.14967109241438248,20.24
TX_004649,STORE_03,CHK_012,8,133,0,0,16.625,0.0,87,535,0,0.14976753736195608,20.22
TX_004127,STORE_08,CHK_001,15,137,0,0,9.133333333333333,0.0,116,509,0,0.14984383947052027,20.2
TX_002371,STORE_09,CHK_048,9,33,0,0,3.6666666666666665,0.0,113,524,0,0.14983937194506747,20.2
TX_004428,STORE_09,CHK_029,2,52,0,0,26.0,0.0,90,524,0,0.14981406532471042,20.2
TX_004660,STORE_06,CHK_001,6,161,0,0,26.833333333333332,0.0,116,489,0,0.14981900033420448,20.2
TX_004545,STORE_02,CHK_029,10,23,1,0,2.3,0.1,90,490,0,0.14989128035051247,20.19
TX_004609,STORE_04,CHK_032,5,41,1,0,8.2,0.2,111,478,0,0.1499287696759135,20.18
TX_003883,STORE_05,CHK_017,11,126,1,0,11.454545454545455,0.09090909090909091,107,469,0,0.14993638780951757,20.17
TX_001540,STORE_04,CHK_001,8,150,0,0,18.75,0.0,116,478,0,0.1499371951522454,20.17
TX_002672,STORE_05,CHK_049,3,56,0,0,18.666666666666668,0.0,91,469,0,0.14995455822012266,20.17
TX_003199,STORE_04,CHK_021,3,139,0,0,46.333333333333336,0.0,101,478,0,0.1499435875756433,20.17
TX_004085,STORE_05,CHK_020,9,133,1,0,14.777777777777779,0.1111111111111111,94,469,0,0.15001559725429214,20.16
TX_004221,STORE_04,CHK_037,9,170,0,0,18.88888888888889,0.0,99,478,0,0.14999405735071702,20.16
TX_000509,STORE_03,CHK_047,5,128,1,0,25.6,0.2,95,535,0,0.15004784360775725,20.15
TX_001491,STORE_05,CHK_045,5,128,0,0,25.6,0.0,91,469,0,0.15017161910669335,20.12
TX_003094,STORE_03,CHK_019,15,99,0,0,6.6,0.0,90,535,0,0.15019283298652236,20.11
TX_002264,STORE_03,CHK_016,10,33,0,0,3.3,0.0,104,535,0,0.15020616989596053,20.11
TX_000125,STORE_03,CHK_030,9,65,0,0,7.222222222222222,0.0,84,535,0,0.15020719677563316,20.11
TX_003937,STORE_10,CHK_040,11,76,2,0,6.909090909090909,0.18181818181818182,114,505,0,0.1502123612198843,20.11
TX_004648,STORE_03,CHK_019,10,144,0,0,14.4,0.0,90,535,0,0.15021438586659575,20.11
TX_003712,STORE_01,CHK_033,6,119,1,0,19.833333333333332,0.16666666666666666,121,509,0,0.1502249622232409,20.1
TX_001953,STORE_04,CHK_050,12,71,2,0,5.916666666666667,0.16666666666666666,102,478,0,0.15022411347091952,20.1
TX_000775,STORE_07,CHK_038,14,77,2,0,5.5,0.14285714285714285,92,492,0,0.15030631920086912,20.08
TX_001713,STORE_03,CHK_032,15,98,0,0,6.533333333333333,0.0,111,535,0,0.15031380673975758,20.08
TX_002059,STORE_10,CHK_036,10,140,2,0,14.0,0.2,109,505,0,0.1503348960687485,20.08
TX_001070,STORE_08,CHK_030,13,131,1,0,10.076923076923077,0.07692307692307693,84,509,0,0.1503603102774932,20.07
TX_000329,STORE_04,CHK_021,8,22,1,0,2.75,0.125,101,478,0,0.15042407945669006,20.06
TX_000024,STORE_02,CHK_025,11,102,0,0,9.272727272727273,0.0,80,490,0,0.15042379260954525,20.06
TX_001358,STORE_06,CHK_036,6,122,2,0,20.333333333333332,0.3333333333333333,109,489,0,0.1504238817103098,20.06
TX_004229,STORE_10,CHK_043,15,22,0,0,1.4666666666666666,0.0,98,505,0,0.15048221898550945,20.04
TX_004005,STORE_07,CHK_025,8,88,1,0,11.0,0.125,80,492,0,0.15052796213154157,20.03
TX_004110,STORE_08,CHK_009,16,37,1,0,2.3125,0.0625,98,509,0,0.15060424365892505,20.01
TX_001870,STORE_09,CHK_033,7,85,0,0,12.142857142857142,0.0,121,524,0,0.15060218885050725,20.01
TX_002450,STORE_06,CHK_008,14,122,1,0,8.714285714285714,0.07142857142857142,85,489,0,0.15073617164882813,19.98
TX_002787,STORE_03,CHK_002,11,140,1,0,12.727272727272727,0.09090909090909091,105,535,0,0.15072022628226078,19.98
TX_002595,STORE_03,CHK_015,5,145,0,0,29.0,0.0,104,535,0,0.15077835191083588,19.97
TX_004172,STORE_09,CHK_011,14,47,0,0,3.357142857142857,0.0,111,524,0,0.1508617246231032,19.95
TX_002814,STORE_06,CHK_001,6,20,0,0,3.3333333333333335,0.0,116,489,0,0.15086605297506872,19.95
TX_003893,STORE_03,CHK_013,14,76,0,0,5.428571428571429,0.0,110,535,0,0.1508643063057063,19.95
TX_001311,STORE_05,CHK_019,11,97,1,0,8.818181818181818,0.09090909090909091,90,469,0,0.15089563897226238,19.94
TX_001167,STORE_03,CHK_014,14,54,0,0,3.857142857142857,0.0,103,535,0,0.15094615242966958,19.93
TX_000027,STORE_07,CHK_025,9,55,0,0,6.111111111111111,0.0,80,492,0,0.15094645882814278,19.93
TX_001076,STORE_05,CHK_046,10,148,0,0,14.8,0.0,104,469,0,0.1510013603339782,19.92
TX_001207,STORE_03,CHK_045,9,150,0,0,16.666666666666668,0.0,91,535,0,0.15096643279233746,19.92
TX_000170,STORE_05,CHK_027,9,81,0,0,9.0,0.0,86,469,0,0.1510323648393847,19.91
TX_000163,STORE_10,CHK_016,6,15,1,0,2.5,0.16666666666666666,104,505,0,0.15107051047495296,19.9
TX_002849,STORE_04,CHK_005,7,78,1,0,11.142857142857142,0.14285714285714285,84,478,0,0.15108314162000608,19.9
TX_001338,STORE_01,CHK_028,14,18,0,1,1.2857142857142858,0.0,102,509,0,0.1511106203968508,19.89
TX_000458,STORE_05,CHK_003,14,97,1,0,6.928571428571429,0.07142857142857142,97,469,0,0.15108848429876576,19.89
TX_001118,STORE_05,CHK_036,9,140,0,0,15.555555555555555,0.0,109,469,0,0.1511245904739209,19.89
TX_000742,STORE_04,CHK_020,7,15,0,0,2.142857142857143,0.0,94,478,0,0.1511610682724545,19.88
TX_002859,STORE_01,CHK_049,2,121,0,0,60.5,0.0,91,509,0,0.151229081495257,19.86
TX_000759,STORE_10,CHK_035,7,107,2,0,15.285714285714286,0.2857142857142857,114,505,0,0.15123963717083821,19.86
TX_004644,STORE_04,CHK_005,7,77,1,0,11.0,0.14285714285714285,84,478,0,0.1512314384812975,19.86
TX_002107,STORE_08,CHK_015,2,130,0,0,65.0,0.0,104,509,0,0.15121814346840962,19.86
TX_004835,STORE_02,CHK_042,3,152,0,0,50.666666666666664,0.0,95,490,0,0.15126024870932375,19.85
TX_000468,STORE_04,CHK_018,9,169,0,0,18.77777777777778,0.0,97,478,0,0.15128436579859644,19.85
TX_002521,STORE_06,CHK_012,8,157,1,0,19.625,0.125,87,489,0,0.15127638931111448,19.85
TX_002515,STORE_08,CHK_025,5,113,0,0,22.6,0.0,80,509,0,0.15129369132704057,19.84
TX_004016,STORE_05,CHK_031,6,76,1,0,12.666666666666666,0.16666666666666666,113,469,0,0.15136369097379254,19.83
TX_002234,STORE_03,CHK_011,6,124,1,0,20.666666666666668,0.16666666666666666,111,535,0,0.15136383359477784,19.83
TX_001547,STORE_03,CHK_030,6,115,0,0,19.166666666666668,0.0,84,535,0,0.1513589334869615,19.83
TX_004703,STORE_01,CHK_033,4,50,0,0,12.5,0.0,121,509,0,0.1514487131150581,19.81
TX_002033,STORE_03,CHK_009,14,71,1,0,5.071428571428571,0.07142857142857142,98,535,0,0.15144395656644932,19.81
TX_000724,STORE_05,CHK_049,3,68,0,0,22.666666666666668,0.0,91,469,0,0.15148897860577476,19.8
TX_001618,STORE_04,CHK_010,2,49,0,0,24.5,0.0,90,478,0,0.15150264397841684,19.79
TX_004006,STORE_08,CHK_012,16,106,1,0,6.625,0.0625,87,509,0,0.15156865873981,19.78
TX_000920,STORE_01,CHK_016,1,50,0,0,50.0,0.0,104,509,0,0.1516049632844888,19.77
TX_002057,STORE_04,CHK_022,13,149,1,0,11.461538461538462,0.07692307692307693,106,478,0,0.15162871138729533,19.76
TX_000018,STORE_03,CHK_016,7,30,0,0,4.285714285714286,0.0,104,535,0,0.1516417363597793,19.76
TX_002690,STORE_08,CHK_032,3,15,0,0,5.0,0.0,111,509,0,0.15162362059722756,19.76
TX_004424,STORE_04,CHK_017,14,151,0,0,10.785714285714286,0.0,107,478,0,0.1516670052408023,19.75
TX_004111,STORE_09,CHK_029,12,38,0,0,3.1666666666666665,0.0,90,524,0,0.15170243993050347,19.75
TX_003432,STORE_09,CHK_036,2,70,0,0,35.0,0.0,109,524,0,0.15182406932165204,19.72
TX_002972,STORE_02,CHK_034,12,30,1,0,2.5,0.08333333333333333,89,490,0,0.1518110667280978,19.72
TX_004388,STORE_10,CHK_033,6,134,0,0,22.333333333333332,0.0,121,505,0,0.15185768655396037,19.71
TX_004553,STORE_09,CHK_014,11,35,1,0,3.1818181818181817,0.09090909090909091,103,524,0,0.1518576907477937,19.71
TX_002682,STORE_09,CHK_024,4,57,1,0,14.25,0.25,92,524,0,0.1518650993413721,19.71
TX_003552,STORE_10,CHK_032,10,15,0,0,1.5,0.0,111,505,0,0.15182694806580416,19.71
TX_001008,STORE_09,CHK_005,6,75,1,0,12.5,0.16666666666666666,84,524,0,0.15192830126567564,19.69
TX_000123,STORE_10,CHK_032,12,78,2,0,6.5,0.16666666666666666,111,505,0,0.15192278391790398,19.69
TX_002612,STORE_07,CHK_024,14,113,2,0,8.071428571428571,0.14285714285714285,92,492,0,0.1519967331809518,19.67
TX_000445,STORE_10,CHK_048,9,124,2,0,13.777777777777779,0.2222222222222222,113,505,0,0.1520554615631559,19.66
TX_002312,STORE_09,CHK_016,7,113,2,0,16.142857142857142,0.2857142857142857,104,524,0,0.15208072291612712,19.65
TX_000358,STORE_03,CHK_008,5,106,0,0,21.2,0.0,85,535,0,0.15213396914666277,19.64
TX_003496,STORE_09,CHK_008,6,139,0,0,23.166666666666668,0.0,85,524,0,0.1521317449580613,19.64
TX_004666,STORE_04,CHK_020,15,46,0,0,3.066666666666667,0.0,94,478,0,0.1521442947665767,19.64
TX_003540,STORE_03,CHK_026,7,149,1,0,21.285714285714285,0.14285714285714285,103,535,0,0.15213858702139732,19.64
TX_003577,STORE_08,CHK_023,11,16,1,0,1.4545454545454546,0.09090909090909091,98,509,0,0.152155199293029,19.64
TX_001910,STORE_05,CHK_034,12,106,0,0,8.833333333333334,0.0,89,469,0,0.152177234301972,19.63
TX_002951,STORE_05,CHK_045,6,39,0,0,6.5,0.0,91,469,0,0.1522378494096142,19.62
TX_004636,STORE_10,CHK_040,8,107,2,0,13.375,0.25,114,505,0,0.1522652417655897,19.61
TX_003251,STORE_07,CHK_033,3,102,0,0,34.0,0.0,121,492,0,0.1522874315839151,19.6
TX_003147,STORE_05,CHK_026,5,62,1,0,12.4,0.2,103,469,0,0.1523049319836149,19.6
TX_003595,STORE_06,CHK_029,7,60,2,0,8.571428571428571,0.2857142857142857,90,489,0,0.1523849095599809,19.58
TX_002864,STORE_03,CHK_023,15,62,0,0,4.133333333333334,0.0,98,535,0,0.15244005993872944,19.57
TX_000604,STORE_01,CHK_015,20,108,0,0,5.4,0.0,104,509,0,0.15247965755303355,19.56
TX_004645,STORE_04,CHK_024,2,42,0,0,21.0,0.0,92,478,0,0.15245897487085014,19.56
TX_000205,STORE_03,CHK_001,5,81,0,0,16.2,0.0,116,535,0,0.15249493419268334,19.55
TX_000548,STORE_01,CHK_041,15,35,1,0,2.3333333333333335,0.06666666666666667,105,509,0,0.15262160412871328,19.52
TX_003533,STORE_05,CHK_042,6,56,1,0,9.333333333333334,0.16666666666666666,95,469,0,0.15264295877244516,19.52
TX_003409,STORE_05,CHK_004,5,77,1,0,15.4,0.2,95,469,0,0.15265267551174666,19.51
TX_001598,STORE_01,CHK_026,1,44,0,0,44.0,0.0,103,509,0,0.15273324321570814,19.49
TX_003282,STORE_10,CHK_003,15,163,0,0,10.866666666666667,0.0,97,505,0,0.15281978699758636,19.47
TX_003403,STORE_04,CHK_012,14,106,0,0,7.571428571428571,0.0,87,478,0,0.15285985375558675,19.46
TX_004509,STORE_09,CHK_008,10,139,0,0,13.9,0.0,85,524,0,0.1528612446169656,19.46
TX_004948,STORE_04,CHK_007,2,103,0,0,51.5,0.0,95,478,0,0.15297102545416885,19.44
TX_002148,STORE_05,CHK_031,7,112,1,0,16.0,0.14285714285714285,113,469,0,0.1530126813896064,19.43
TX_002568,STORE_09,CHK_047,17,116,0,0,6.823529411764706,0.0,95,524,0,0.15307279363702891,19.41
TX_002735,STORE_10,CHK_001,14,60,1,0,4.285714285714286,0.07142857142857142,116,505,0,0.15310525432638866,19.4
TX_000152,STORE_03,CHK_009,13,49,0,0,3.769230769230769,0.0,98,535,0,0.15315791997194173,19.39
TX_003148,STORE_06,CHK_005,13,126,1,0,9.692307692307692,0.07692307692307693,84,489,0,0.1531642515663394,19.39
TX_003792,STORE_06,CHK_028,13,26,1,1,2.0,0.07692307692307693,102,489,0,0.15321927463127683,19.38
TX_000074,STORE_06,CHK_046,9,40,2,0,4.444444444444445,0.2222222222222222,104,489,0,0.15318804521845536,19.38
TX_002274,STORE_07,CHK_030,4,83,1,0,20.75,0.25,84,492,0,0.15323817456384214,19.37
TX_000501,STORE_08,CHK_010,12,29,1,1,2.4166666666666665,0.08333333333333333,90,509,0,0.15325112327934048,19.37
TX_004589,STORE_07,CHK_003,18,47,0,0,2.611111111111111,0.0,97,492,0,0.1532705433234956,19.36
TX_001604,STORE_10,CHK_042,1,29,0,0,29.0,0.0,95,505,0,0.15336329651460257,19.34
TX_001728,STORE_07,CHK_008,8,150,1,0,18.75,0.125,85,492,0,0.15336264123084353,19.34
TX_002304,STORE_03,CHK_015,4,86,1,0,21.5,0.25,104,535,0,0.1533661185690695,19.34
TX_003784,STORE_05,CHK_019,10,85,1,0,8.5,0.1,90,469,0,0.15359808141743514,19.28
TX_001069,STORE_05,CHK_035,4,80,0,0,20.0,0.0,114,469,0,0.15363341217168258,19.28
TX_003863,STORE_08,CHK_025,10,115,0,0,11.5,0.0,80,509,0,0.15362616224067926,19.28
TX_002210,STORE_04,CHK_010,4,89,1,0,22.25,0.25,90,478,0,0.1536562093793321,19.27
TX_000629,STORE_10,CHK_025,5,88,0,0,17.6,0.0,80,505,0,0.15368052586363834,19.26
TX_000996,STORE_05,CHK_035,8,83,1,0,10.375,0.125,114,469,0,0.15371970434100762,19.26
TX_001045,STORE_06,CHK_017,2,15,0,0,7.5,0.0,107,489,0,0.1537605053874873,19.25
TX_000686,STORE_09,CHK_026,2,103,0,0,51.5,0.0,103,524,0,0.15375496401424416,19.25
TX_003611,STORE_04,CHK_043,9,167,0,0,18.555555555555557,0.0,98,478,0,0.15374417774074717,19.25
TX_004562,STORE_04,CHK_027,3,61,0,0,20.333333333333332,0.0,86,478,0,0.15379434925624214,19.24
TX_001476,STORE_08,CHK_042,5,104,2,0,20.8,0.4,95,509,0,0.15379849750236751,19.24
TX_002494,STORE_02,CHK_040,8,121,2,0,15.125,0.25,114,490,0,0.1537871771256612,19.24
TX_003544,STORE_02,CHK_017,3,124,1,0,41.333333333333336,0.3333333333333333,107,490,0,0.15385417188359612,19.22
TX_002270,STORE_03,CHK_005,7,119,0,0,17.0,0.0,84,535,0,0.1538815312241673,19.22
TX_004949,STORE_10,CHK_030,12,43,0,0,3.5833333333333335,0.0,84,505,0,0.15385140057911334,19.22
TX_001295,STORE_02,CHK_044,9,97,0,0,10.777777777777779,0.0,125,490,0,0.15392425829953066,19.21
TX_001435,STORE_09,CHK_023,10,133,2,0,13.3,0.2,98,524,0,0.15394603268888335,19.2
TX_003850,STORE_02,CHK_033,3,98,0,0,32.666666666666664,0.0,121,490,0,0.15395509204155478,19.2
TX_003952,STORE_02,CHK_030,10,49,1,0,4.9,0.1,84,490,0,0.15403962538595445,19.18
TX_004285,STORE_05,CHK_011,10,107,1,0,10.7,0.1,111,469,0,0.15408683230767728,19.17
TX_001688,STORE_03,CHK_048,8,118,1,0,14.75,0.125,113,535,0,0.15405810299952089,19.17
TX_004025,STORE_02,CHK_025,6,79,0,0,13.166666666666666,0.0,80,490,0,0.1540733378061921,19.17
TX_001719,STORE_03,CHK_048,9,69,1,0,7.666666666666667,0.1111111111111111,113,535,0,0.15411976531221822,19.16
TX_002220,STORE_02,CHK_025,7,64,0,0,9.142857142857142,0.0,80,490,0,0.1541626673217809,19.15
TX_003708,STORE_03,CHK_036,5,129,0,0,25.8,0.0,109,535,0,0.15415222450201832,19.15
TX_002044,STORE_01,CHK_037,6,54,2,0,9.0,0.3333333333333333,99,509,0,0.1541873715752603,19.14
TX_004485,STORE_08,CHK_004,6,138,2,0,23.0,0.3333333333333333,95,509,0,0.15424433769557483,19.13
TX_002903,STORE_05,CHK_041,6,56,1,0,9.333333333333334,0.16666666666666666,105,469,0,0.15422737348924492,19.13
TX_004705,STORE_04,CHK_048,7,144,1,0,20.571428571428573,0.14285714285714285,113,478,0,0.15423490972486453,19.13
TX_003581,STORE_03,CHK_038,13,64,0,0,4.923076923076923,0.0,92,535,0,0.15429219949333817,19.12
TX_000729,STORE_03,CHK_027,5,111,0,0,22.2,0.0,86,535,0,0.15429939265511677,19.11
TX_000558,STORE_07,CHK_035,3,74,1,0,24.666666666666668,0.3333333333333333,114,492,0,0.15431062038239085,19.11
TX_000233,STORE_01,CHK_002,12,15,0,0,1.25,0.0,105,509,0,0.15432943767363055,19.11
TX_003993,STORE_01,CHK_041,12,15,0,0,1.25,0.0,105,509,0,0.15432943767363055,19.11
TX_001064,STORE_02,CHK_016,11,178,1,0,16.181818181818183,0.09090909090909091,104,490,0,0.15436064495662283,19.1
TX_003742,STORE_01,CHK_044,8,93,0,0,11.625,0.0,125,509,0,0.15434472830685297,19.1
TX_004268,STORE_03,CHK_011,12,96,1,0,8.0,0.08333333333333333,111,535,0,0.15443425763768898,19.08
TX_001184,STORE_06,CHK_030,13,123,1,0,9.461538461538462,0.07692307692307693,84,489,0,0.15449621364346228,19.07
TX_002520,STORE_05,CHK_013,10,107,1,0,10.7,0.1,110,469,0,0.15452062338087347,19.06
TX_004988,STORE_06,CHK_033,11,98,1,0,8.909090909090908,0.09090909090909091,121,489,0,0.1545172187414378,19.06
TX_000263,STORE_03,CHK_012,7,100,1,0,14.285714285714286,0.14285714285714285,87,535,0,0.15455686314233374,19.05
TX_002572,STORE_06,CHK_045,5,20,1,0,4.0,0.2,91,489,0,0.1545962628738371,19.04
TX_003275,STORE_03,CHK_019,14,110,0,0,7.857142857142857,0.0,90,535,0,0.15462103322924264,19.04
TX_001548,STORE_05,CHK_010,8,109,1,0,13.625,0.125,90,469,0,0.15465066707016129,19.03
TX_003039,STORE_05,CHK_038,3,78,0,0,26.0,0.0,92,469,0,0.1546492906497428,19.03
TX_001780,STORE_05,CHK_015,6,143,0,0,23.833333333333332,0.0,104,469,0,0.15476114276889136,19.0
TX_004688,STORE_04,CHK_013,13,126,1,0,9.692307692307692,0.07692307692307693,110,478,0,0.15476195547935817,19.0
TX_002770,STORE_02,CHK_048,10,60,2,0,6.0,0.2,113,490,0,0.15477063621006087,19.0
TX_001446,STORE_05,CHK_002,7,30,0,0,4.285714285714286,0.0,105,469,0,0.15479992956444993,18.99
TX_000714,STORE_05,CHK_013,6,43,0,0,7.166666666666667,0.0,110,469,0,0.15479382044156215,18.99
TX_002846,STORE_05,CHK_028,13,78,1,0,6.0,0.07692307692307693,102,469,0,0.15490684384350145,18.97
TX_003826,STORE_03,CHK_030,8,115,0,0,14.375,0.0,84,535,0,0.15490162904876864,18.97
TX_002065,STORE_09,CHK_011,8,151,1,0,18.875,0.125,111,524,0,0.15488043547985803,18.97
TX_000430,STORE_08,CHK_015,12,144,2,0,12.0,0.16666666666666666,104,509,0,0.15490774405385088,18.97
TX_001550,STORE_05,CHK_040,8,96,1,0,12.0,0.125,114,469,0,0.15491864711027759,18.96
TX_000034,STORE_10,CHK_050,8,145,2,0,18.125,0.25,102,505,0,0.15492179980927678,18.96
TX_002356,STORE_09,CHK_026,13,157,0,0,12.076923076923077,0.0,103,524,0,0.15499492248870467,18.95
TX_001918,STORE_06,CHK_024,13,118,2,0,9.076923076923077,0.15384615384615385,92,489,0,0.15499364409231142,18.95
TX_000888,STORE_03,CHK_006,8,48,1,0,6.0,0.125,102,535,0,0.15495660324671018,18.95
TX_004590,STORE_04,CHK_042,3,129,0,0,43.0,0.0,95,478,0,0.15495549020248156,18.95
TX_003428,STORE_02,CHK_003,1,52,0,0,52.0,0.0,97,490,0,0.15497417924150841,18.95
TX_002899,STORE_04,CHK_005,12,73,0,0,6.083333333333333,0.0,84,478,0,0.15502308168990914,18.94
TX_003311,STORE_03,CHK_031,5,119,0,0,23.8,0.0,113,535,0,0.155004176131456,18.94
TX_002797,STORE_10,CHK_048,3,86,1,0,28.666666666666668,0.3333333333333333,113,505,0,0.15504101645076512,18.93
TX_002179,STORE_08,CHK_022,4,28,1,0,7.0,0.25,106,509,0,0.1551999972564747,18.9
TX_003627,STORE_09,CHK_005,10,54,0,0,5.4,0.0,84,524,0,0.15516618983525254,18.9
TX_004770,STORE_09,CHK_006,10,132,2,0,13.2,0.2,102,524,0,0.1552337222192524,18.89
TX_001651,STORE_10,CHK_019,15,39,0,0,2.6,0.0,90,505,0,0.1552187896138626,18.89
TX_000179,STORE_07,CHK_016,3,128,1,0,42.666666666666664,0.3333333333333333,104,492,0,0.15523803056931695,18.89
TX_004977,STORE_08,CHK_015,5,100,2,0,20.0,0.4,104,509,0,0.15532000404210755,18.87
TX_002650,STORE_09,CHK_035,6,56,1,0,9.333333333333334,0.16666666666666666,114,524,0,0.15531706593353184,18.87
TX_004881,STORE_03,CHK_030,7,68,0,0,9.714285714285714,0.0,84,535,0,0.1552909500501965,18.87
TX_002959,STORE_01,CHK_050,5,92,2,0,18.4,0.4,102,509,0,0.1553535492586378,18.86
TX_003422,STORE_01,CHK_047,5,96,2,0,19.2,0.4,95,509,0,0.15535018624499686,18.86
TX_001677,STORE_05,CHK_043,6,125,1,0,20.833333333333332,0.16666666666666666,98,469,0,0.15538491702002188,18.85
TX_004484,STORE_07,CHK_025,10,79,0,0,7.9,0.0,80,492,0,0.15537846061945998,18.85
TX_000088,STORE_05,CHK_024,12,56,0,0,4.666666666666667,0.0,92,469,0,0.15537219007377223,18.85
TX_003605,STORE_03,CHK_021,14,114,1,0,8.142857142857142,0.07142857142857142,101,535,0,0.1553728911225093,18.85
TX_003028,STORE_05,CHK_049,8,72,1,0,9.0,0.125,91,469,0,0.1554103265385462,18.84
TX_003650,STORE_01,CHK_048,4,151,0,0,37.75,0.0,113,509,0,0.155473069462142,18.83
TX_002229,STORE_08,CHK_033,13,81,0,0,6.230769230769231,0.0,121,509,0,0.15552027585383504,18.82
TX_002417,STORE_09,CHK_006,12,160,0,0,13.333333333333334,0.0,102,524,0,0.15552328019444978,18.82
TX_004145,STORE_06,CHK_048,8,124,2,0,15.5,0.25,113,489,0,0.1556171159228953,18.79
TX_001916,STORE_09,CHK_039,7,163,1,0,23.285714285714285,0.14285714285714285,103,524,0,0.15562014912399003,18.79
TX_001022,STORE_04,CHK_015,9,83,2,0,9.222222222222221,0.2222222222222222,104,478,0,0.15564987075469777,18.79
TX_003315,STORE_04,CHK_016,6,15,0,0,2.5,0.0,104,478,0,0.1557021073489983,18.77
TX_002677,STORE_02,CHK_016,3,152,0,0,50.666666666666664,0.0,104,490,0,0.15573348595571285,18.77
TX_000688,STORE_03,CHK_011,9,122,1,0,13.555555555555555,0.1111111111111111,111,535,0,0.15574993629083672,18.76
TX_003195,STORE_08,CHK_033,8,117,1,0,14.625,0.125,121,509,0,0.15577690653543086,18.76
TX_002901,STORE_10,CHK_009,10,151,2,0,15.1,0.2,98,505,0,0.15580494810718165,18.75
TX_003705,STORE_10,CHK_032,2,115,0,0,57.5,0.0,111,505,0,0.15599114733513814,18.7
TX_002999,STORE_08,CHK_033,7,114,1,0,16.285714285714285,0.14285714285714285,121,509,0,0.15605208526643866,18.69
TX_003885,STORE_03,CHK_040,7,106,1,0,15.142857142857142,0.14285714285714285,114,535,0,0.1560917695658206,18.68
TX_003691,STORE_01,CHK_021,2,125,0,0,62.5,0.0,101,509,0,0.15610656133083806,18.68
TX_002604,STORE_05,CHK_040,10,58,0,0,5.8,0.0,114,469,0,0.1561115210921717,18.67
TX_000100,STORE_03,CHK_046,9,35,0,0,3.888888888888889,0.0,104,535,0,0.15614245341575178,18.67
TX_004230,STORE_03,CHK_034,5,125,0,0,25.0,0.0,89,535,0,0.15618445886018195,18.66
TX_002177,STORE_02,CHK_032,7,174,0,0,24.857142857142858,0.0,111,490,0,0.15617949775735818,18.66
TX_000429,STORE_03,CHK_040,7,96,1,0,13.714285714285714,0.14285714285714285,114,535,0,0.15618969295057322,18.66
TX_003821,STORE_10,CHK_047,14,71,2,0,5.071428571428571,0.14285714285714285,95,505,0,0.15625528633425817,18.64
TX_003491,STORE_04,CHK_030,8,51,0,0,6.375,0.0,84,478,0,0.15626047173486385,18.64
TX_001842,STORE_09,CHK_030,13,87,0,0,6.6923076923076925,0.0,84,524,0,0.156274485478879,18.63
TX_004181,STORE_04,CHK_038,4,66,1,0,16.5,0.25,92,478,0,0.1563264913341726,18.62
TX_002187,STORE_07,CHK_021,1,27,0,0,27.0,0.0,101,492,0,0.15635976703093624,18.61
TX_000467,STORE_04,CHK_012,12,57,0,0,4.75,0.0,87,478,0,0.15639743542628848,18.6
TX_002600,STORE_06,CHK_026,3,42,1,0,14.0,0.3333333333333333,103,489,0,0.1564297231065685,18.6
TX_000942,STORE_10,CHK_029,10,59,2,0,5.9,0.2,90,505,0,0.15646700919122125,18.59
TX_003013,STORE_09,CHK_008,11,128,0,0,11.636363636363637,0.0,85,524,0,0.15644380280794112,18.59
TX_000834,STORE_04,CHK_018,9,105,2,0,11.666666666666666,0.2222222222222222,97,478,0,0.15648285299402448,18.58
TX_001318,STORE_09,CHK_027,13,70,0,0,5.384615384615385,0.0,86,524,0,0.15649406675575,18.58
TX_002594,STORE_03,CHK_011,10,50,0,0,5.0,0.0,111,535,0,0.1565781242443714,18.56
TX_003022,STORE_07,CHK_005,2,56,0,0,28.0,0.0,84,492,0,0.15657348935426496,18.56
TX_002545,STORE_03,CHK_004,13,133,0,0,10.23076923076923,0.0,95,535,0,0.156614107214942,18.55
TX_002268,STORE_05,CHK_012,9,93,0,0,10.333333333333334,0.0,87,469,0,0.1566104347539256,18.55
TX_001785,STORE_04,CHK_008,8,49,0,0,6.125,0.0,85,478,0,0.15664302766867821,18.54
TX_002928,STORE_05,CHK_024,12,63,0,0,5.25,0.0,92,469,0,0.15669792658074494,18.53
TX_001834,STORE_02,CHK_038,14,107,2,0,7.642857142857143,0.14285714285714285,92,490,0,0.15671322885678973,18.53
TX_004426,STORE_04,CHK_008,4,63,0,0,15.75,0.0,85,478,0,0.15673003946160952,18.52
TX_004008,STORE_10,CHK_031,2,110,0,0,55.0,0.0,113,505,0,0.15678684521648273,18.51
TX_002232,STORE_03,CHK_035,8,127,0,0,15.875,0.0,114,535,0,0.1568280359242442,18.5
TX_004799,STORE_03,CHK_011,11,57,0,0,5.181818181818182,0.0,111,535,0,0.156882064880488,18.49
TX_002508,STORE_08,CHK_030,13,55,0,0,4.230769230769231,0.0,84,509,0,0.15687245123487387,18.49
TX_000136,STORE_05,CHK_003,3,105,0,0,35.0,0.0,97,469,0,0.15689596217232754,18.48
TX_003556,STORE_06,CHK_046,2,119,0,0,59.5,0.0,104,489,0,0.15693320539329542,18.47
TX_001717,STORE_02,CHK_001,14,60,1,0,4.285714285714286,0.07142857142857142,116,490,0,0.15698602896226116,18.46
TX_000838,STORE_05,CHK_009,11,120,1,0,10.909090909090908,0.09090909090909091,98,469,0,0.15698595575180735,18.46
TX_003357,STORE_09,CHK_030,6,52,0,0,8.666666666666666,0.0,84,524,0,0.15698803378160725,18.46
TX_003633,STORE_03,CHK_027,5,104,0,0,20.8,0.0,86,535,0,0.15703632072774576,18.45
TX_002156,STORE_08,CHK_031,8,179,0,0,22.375,0.0,113,509,0,0.1570563551135965,18.44
TX_003032,STORE_01,CHK_035,9,92,2,0,10.222222222222221,0.2222222222222222,114,509,0,0.15709392220283624,18.44
TX_001668,STORE_09,CHK_001,10,123,1,0,12.3,0.1,116,524,0,0.1571098837045513,18.43
TX_004453,STORE_05,CHK_031,7,89,1,0,12.714285714285714,0.14285714285714285,113,469,0,0.15714193619176037,18.42
TX_003257,STORE_03,CHK_034,4,59,0,0,14.75,0.0,89,535,0,0.15721053246862537,18.41
TX_003871,STORE_09,CHK_031,8,153,0,0,19.125,0.0,113,524,0,0.15718384007939368,18.41
TX_001589,STORE_05,CHK_046,6,118,1,0,19.666666666666668,0.16666666666666666,104,469,0,0.1571936863513249,18.41
TX_004742,STORE_10,CHK_037,3,120,1,0,40.0,0.3333333333333333,99,505,0,0.15718164130741807,18.41
TX_004632,STORE_03,CHK_020,14,99,1,0,7.071428571428571,0.07142857142857142,94,535,0,0.15723373675475294,18.4
TX_004536,STORE_04,CHK_027,12,65,0,0,5.416666666666667,0.0,86,478,0,0.1572892601522919,18.39
TX_004769,STORE_02,CHK_040,12,91,2,0,7.583333333333333,0.16666666666666666,114,490,0,0.15728429423560464,18.39
TX_000770,STORE_04,CHK_003,15,66,1,0,4.4,0.06666666666666667,97,478,0,0.15731278183402786,18.38
TX_002363,STORE_08,CHK_034,6,15,0,0,2.5,0.0,89,509,0,0.1573210750917105,18.38
TX_000832,STORE_01,CHK_034,8,15,0,0,1.875,0.0,89,509,0,0.157307752917491,18.38
TX_003807,STORE_09,CHK_046,12,161,0,0,13.416666666666666,0.0,104,524,0,0.15735190099676072,18.37
TX_000917,STORE_03,CHK_017,3,75,0,0,25.0,0.0,107,535,0,0.15742717485836177,18.35
TX_004135,STORE_09,CHK_027,10,115,1,0,11.5,0.1,86,524,0,0.1574833940219138,18.34
TX_004170,STORE_07,CHK_020,18,102,1,0,5.666666666666667,0.05555555555555555,94,492,0,0.15752159973586127,18.33
TX_000555,STORE_06,CHK_033,13,85,0,0,6.538461538461538,0.0,121,489,0,0.15750797658255444,18.33
TX_002830,STORE_02,CHK_046,13,19,0,0,1.4615384615384615,0.0,104,490,0,0.15755274246828216,18.32
TX_002506,STORE_09,CHK_019,6,31,0,0,5.166666666666667,0.0,90,524,0,0.1575969401646216,18.31
TX_002655,STORE_03,CHK_001,7,73,0,0,10.428571428571429,0.0,116,535,0,0.15762953021341064,18.31
TX_004032,STORE_03,CHK_022,12,77,1,0,6.416666666666667,0.08333333333333333,106,535,0,0.1576674004488316,18.3
TX_002504,STORE_04,CHK_023,10,30,1,0,3.0,0.1,98,478,0,0.15765667088562257,18.3
TX_002866,STORE_04,CHK_035,15,94,0,0,6.266666666666667,0.0,114,478,0,0.15766637386797216,18.3
TX_000822,STORE_03,CHK_011,11,84,1,0,7.636363636363637,0.09090909090909091,111,535,0,0.1576309818430025,18.3
TX_003404,STORE_03,CHK_015,13,140,0,0,10.76923076923077,0.0,104,535,0,0.15770117881167223,18.29
TX_004463,STORE_06,CHK_035,14,34,0,1,2.4285714285714284,0.0,114,489,0,0.15769641955338443,18.29
TX_001395,STORE_09,CHK_030,4,90,0,0,22.5,0.0,84,524,0,0.15770476771154113,18.29
TX_002842,STORE_08,CHK_012,2,84,0,0,42.0,0.0,87,509,0,0.15769385215763093,18.29
TX_000521,STORE_02,CHK_034,4,38,1,0,9.5,0.25,89,490,0,0.15771754124755655,18.28
TX_004669,STORE_08,CHK_025,10,97,0,0,9.7,0.0,80,509,0,0.1577157226911024,18.28
TX_000583,STORE_05,CHK_010,8,48,0,0,6.0,0.0,90,469,0,0.15771326286824422,18.28
TX_000981,STORE_04,CHK_013,15,116,0,0,7.733333333333333,0.0,110,478,0,0.15778462653386788,18.27
TX_001883,STORE_06,CHK_046,6,129,2,0,21.5,0.3333333333333333,104,489,0,0.15777653693977345,18.27
TX_002427,STORE_03,CHK_032,7,49,0,0,7.0,0.0,111,535,0,0.15776741307909992,18.27
TX_000625,STORE_08,CHK_025,9,103,0,0,11.444444444444445,0.0,80,509,0,0.15779586452221184,18.26
TX_003980,STORE_03,CHK_046,4,40,0,0,10.0,0.0,104,535,0,0.1578094679607463,18.26
TX_003738,STORE_05,CHK_011,7,82,1,0,11.714285714285714,0.14285714285714285,111,469,0,0.157869264964205,18.25
TX_002142,STORE_06,CHK_004,7,135,2,0,19.285714285714285,0.2857142857142857,95,489,0,0.15787291815980165,18.25
TX_003043,STORE_05,CHK_047,9,127,1,0,14.11111111111111,0.1111111111111111,95,469,0,0.1579155185656385,18.24
TX_004150,STORE_03,CHK_020,8,138,1,0,17.25,0.125,94,535,0,0.1579495267858015,18.23
TX_003009,STORE_07,CHK_033,4,110,0,0,27.5,0.0,121,492,0,0.15792976654675162,18.23
TX_003767,STORE_01,CHK_049,10,16,0,0,1.6,0.0,91,509,0,0.15796683611409884,18.22
TX_003878,STORE_09,CHK_011,5,141,0,0,28.2,0.0,111,524,0,0.15798228521628727,18.22
TX_003274,STORE_04,CHK_031,3,115,0,0,38.333333333333336,0.0,113,478,0,0.15796323141055302,18.22
TX_002591,STORE_07,CHK_032,7,122,2,0,17.428571428571427,0.2857142857142857,111,492,0,0.1579660516694204,18.22
TX_002634,STORE_04,CHK_012,12,119,0,0,9.916666666666666,0.0,87,478,0,0.15798860946794985,18.22
TX_003055,STORE_03,CHK_015,10,141,1,0,14.1,0.1,104,535,0,0.15800694494630707,18.21
TX_002707,STORE_08,CHK_020,3,116,1,0,38.666666666666664,0.3333333333333333,94,509,0,0.15801107510812457,18.21
TX_002247,STORE_09,CHK_019,8,149,1,0,18.625,0.125,90,524,0,0.1580512845407927,18.2
TX_000319,STORE_05,CHK_035,5,67,0,0,13.4,0.0,114,469,0,0.15807246784134366,18.2
TX_000406,STORE_05,CHK_038,4,51,0,0,12.75,0.0,92,469,0,0.15809477892860085,18.19
TX_003308,STORE_08,CHK_035,11,155,1,0,14.090909090909092,0.09090909090909091,114,509,0,0.1581464121281818,18.18
TX_000701,STORE_03,CHK_026,9,154,0,0,17.11111111111111,0.0,103,535,0,0.15813653857221166,18.18
TX_004405,STORE_04,CHK_034,3,105,0,0,35.0,0.0,89,478,0,0.15813193424107075,18.18
TX_002728,STORE_07,CHK_010,15,144,0,0,9.6,0.0,90,492,0,0.15820278053929854,18.17
TX_002790,STORE_05,CHK_001,9,84,0,0,9.333333333333334,0.0,116,469,0,0.15818797251034933,18.17
TX_000325,STORE_02,CHK_004,8,15,1,0,1.875,0.125,95,490,0,0.15817094517692598,18.17
TX_003279,STORE_04,CHK_016,14,36,0,0,2.5714285714285716,0.0,104,478,0,0.15819110391181818,18.17
TX_000261,STORE_06,CHK_025,8,87,0,0,10.875,0.0,80,489,0,0.158247164712849,18.16
TX_004300,STORE_01,CHK_010,12,113,2,0,9.416666666666666,0.16666666666666666,90,509,0,0.1582099461526657,18.16
TX_000140,STORE_06,CHK_023,16,152,0,0,9.5,0.0,98,489,0,0.15826214256350757,18.15
TX_002414,STORE_05,CHK_019,12,89,0,0,7.416666666666667,0.0,90,469,0,0.15835792067179283,18.13
TX_003328,STORE_02,CHK_029,16,71,1,0,4.4375,0.0625,90,490,0,0.158335492616341,18.13
TX_003648,STORE_09,CHK_042,4,116,1,0,29.0,0.25,95,524,0,0.15833066531203605,18.13
TX_004226,STORE_07,CHK_048,9,172,0,0,19.11111111111111,0.0,113,492,0,0.158415541362821,18.11
TX_004757,STORE_03,CHK_038,8,59,1,0,7.375,0.125,92,535,0,0.15846283461953153,18.1
TX_004907,STORE_07,CHK_002,5,18,1,0,3.6,0.2,105,492,0,0.1584653318867595,18.1
TX_003226,STORE_04,CHK_045,9,39,1,0,4.333333333333333,0.1111111111111111,91,478,0,0.15856288478157438,18.08
TX_000718,STORE_05,CHK_046,9,128,1,0,14.222222222222221,0.1111111111111111,104,469,0,0.1585377223421775,18.08
TX_002436,STORE_05,CHK_011,7,96,1,0,13.714285714285714,0.14285714285714285,111,469,0,0.15855149045414518,18.08
TX_001262,STORE_04,CHK_019,11,53,1,0,4.818181818181818,0.09090909090909091,90,478,0,0.1586522288802994,18.06
TX_000089,STORE_06,CHK_033,8,111,1,0,13.875,0.125,121,489,0,0.15862792314922658,18.06
TX_002330,STORE_05,CHK_013,5,114,0,0,22.8,0.0,110,469,0,0.15862958320190546,18.06
TX_003543,STORE_06,CHK_033,4,79,0,0,19.75,0.0,121,489,0,0.1586937697054694,18.05
TX_001115,STORE_03,CHK_047,4,124,0,0,31.0,0.0,95,535,0,0.1586768168158263,18.05
TX_003995,STORE_01,CHK_022,6,79,2,0,13.166666666666666,0.3333333333333333,106,509,0,0.15867236230942755,18.05
TX_004415,STORE_03,CHK_049,6,59,1,0,9.833333333333334,0.16666666666666666,91,535,0,0.15873591396453712,18.04
TX_003668,STORE_01,CHK_028,19,107,0,0,5.631578947368421,0.0,102,509,0,0.1588114592602139,18.02
TX_000349,STORE_01,CHK_043,12,15,0,0,1.25,0.0,98,509,0,0.15883016858525129,18.01
TX_004205,STORE_09,CHK_043,12,31,0,0,2.5833333333333335,0.0,98,524,0,0.15887433710518045,18.0
TX_002601,STORE_01,CHK_034,7,98,2,0,14.0,0.2857142857142857,89,509,0,0.15889587490999818,18.0
TX_000519,STORE_09,CHK_008,5,117,0,0,23.4,0.0,85,524,0,0.15890161149844623,18.0
TX_004002,STORE_09,CHK_008,10,130,0,0,13.0,0.0,85,524,0,0.15889166280091188,18.0
TX_001320,STORE_07,CHK_048,4,135,1,0,33.75,0.25,113,492,0,0.158942564339207,17.99
TX_004251,STORE_04,CHK_001,9,136,0,0,15.11111111111111,0.0,116,478,0,0.15891985665059422,17.99
TX_000877,STORE_09,CHK_011,15,68,0,0,4.533333333333333,0.0,111,524,0,0.15898412212629104,17.98
TX_000696,STORE_08,CHK_036,7,130,2,0,18.571428571428573,0.2857142857142857,109,509,0,0.15900409957690842,17.97
TX_002855,STORE_07,CHK_011,8,115,2,0,14.375,0.25,111,492,0,0.15904000709171706,17.96
TX_002030,STORE_04,CHK_008,4,81,0,0,20.25,0.0,85,478,0,0.1590838436875665,17.95
TX_001296,STORE_06,CHK_026,12,15,0,0,1.25,0.0,103,489,0,0.15914443222383595,17.94
TX_003431,STORE_06,CHK_039,12,15,0,0,1.25,0.0,103,489,0,0.15914443222383595,17.94
TX_002969,STORE_07,CHK_036,11,169,1,0,15.363636363636363,0.09090909090909091,109,492,0,0.15918982293560902,17.93
TX_000217,STORE_09,CHK_045,14,125,1,0,8.928571428571429,0.07142857142857142,91,524,0,0.15923295561187545,17.92
TX_001601,STORE_05,CHK_016,6,65,1,0,10.833333333333334,0.16666666666666666,104,469,0,0.15925840171122901,17.91
TX_002323,STORE_06,CHK_023,7,170,1,0,24.285714285714285,0.14285714285714285,98,489,0,0.1592526566326234,17.91
TX_004505,STORE_01,CHK_040,9,96,2,0,10.666666666666666,0.2222222222222222,114,509,0,0.15924794104358725,17.91
TX_004583,STORE_03,CHK_017,12,84,1,0,7.0,0.08333333333333333,107,535,0,0.15931116277241342,17.9
TX_000477,STORE_03,CHK_026,11,63,1,0,5.7272727272727275,0.09090909090909091,103,535,0,0.15943903649291302,17.87
TX_003589,STORE_08,CHK_038,18,94,0,0,5.222222222222222,0.0,92,509,0,0.15953882204926167,17.84
TX_001797,STORE_03,CHK_028,5,116,1,0,23.2,0.2,102,535,0,0.1595945321448246,17.83
TX_000971,STORE_02,CHK_041,13,22,0,0,1.6923076923076923,0.0,105,490,0,0.1595794848430953,17.83
TX_001957,STORE_04,CHK_008,7,50,0,0,7.142857142857143,0.0,85,478,0,0.15959621635603394,17.83
TX_000540,STORE_05,CHK_040,5,90,0,0,18.0,0.0,114,469,0,0.15960741562100006,17.82
TX_000161,STORE_01,CHK_025,10,92,0,0,9.2,0.0,80,509,0,0.1596385447776344,17.82
TX_004219,STORE_01,CHK_017,10,15,0,0,1.5,0.0,107,509,0,0.15967632099886436,17.81
TX_002039,STORE_03,CHK_038,10,139,0,0,13.9,0.0,92,535,0,0.1597183002185681,17.8
TX_000316,STORE_05,CHK_023,11,42,0,0,3.8181818181818183,0.0,98,469,0,0.15976074151895803,17.79
TX_000547,STORE_07,CHK_010,17,118,0,0,6.9411764705882355,0.0,90,492,0,0.15978918765801353,17.78
TX_004422,STORE_09,CHK_013,3,112,0,0,37.333333333333336,0.0,110,524,0,0.15979286705340134,17.78
TX_002887,STORE_04,CHK_029,7,28,0,0,4.0,0.0,90,478,0,0.15988650042993652,17.76
TX_002679,STORE_05,CHK_041,7,63,1,0,9.0,0.14285714285714285,105,469,0,0.15988762425233866,17.76
TX_004749,STORE_07,CHK_045,3,138,0,0,46.0,0.0,91,492,0,0.15994369949732512,17.74
TX_001771,STORE_05,CHK_026,14,71,0,0,5.071428571428571,0.0,103,469,0,0.16001167749724016,17.73
TX_001880,STORE_05,CHK_048,6,50,0,0,8.333333333333334,0.0,113,469,0,0.16001364478711982,17.73
TX_000892,STORE_07,CHK_027,2,51,0,0,25.5,0.0,86,492,0,0.16004088655853277,17.72
TX_002291,STORE_05,CHK_047,11,89,1,0,8.090909090909092,0.09090909090909091,95,469,0,0.16006732183347705,17.71
TX_001245,STORE_09,CHK_009,15,77,1,0,5.133333333333334,0.06666666666666667,98,524,0,0.16012935519154914,17.7
TX_000885,STORE_09,CHK_004,7,161,0,0,23.0,0.0,95,524,0,0.16017699599654533,17.69
TX_000760,STORE_05,CHK_024,5,52,0,0,10.4,0.0,92,469,0,0.16017976570630332,17.69
TX_003430,STORE_06,CHK_012,9,151,1,0,16.77777777777778,0.1111111111111111,87,489,0,0.16027143771922303,17.66
TX_001584,STORE_03,CHK_001,7,108,0,0,15.428571428571429,0.0,116,535,0,0.160360563006116,17.64
TX_001191,STORE_08,CHK_041,16,133,1,0,8.3125,0.0625,105,509,0,0.16039940373054673,17.63
TX_000498,STORE_08,CHK_004,3,44,1,0,14.666666666666666,0.3333333333333333,95,509,0,0.16044048960652485,17.62
TX_000032,STORE_05,CHK_041,4,122,0,0,30.5,0.0,105,469,0,0.16052881261158353,17.6
TX_001501,STORE_09,CHK_045,4,134,0,0,33.5,0.0,91,524,0,0.1605920976736665,17.59
TX_002384,STORE_07,CHK_042,9,173,1,0,19.22222222222222,0.1111111111111111,95,492,0,0.16058362847812624,17.59
TX_002654,STORE_01,CHK_035,7,165,0,0,23.571428571428573,0.0,114,509,0,0.16058965604305458,17.59
TX_000835,STORE_05,CHK_037,11,77,1,0,7.0,0.09090909090909091,99,469,0,0.1607342011141371,17.55
TX_004330,STORE_02,CHK_033,10,101,1,0,10.1,0.1,121,490,0,0.16079404943572745,17.54
TX_002428,STORE_10,CHK_033,8,99,1,0,12.375,0.125,121,505,0,0.16081590294896358,17.53
TX_001091,STORE_05,CHK_020,7,135,0,0,19.285714285714285,0.0,94,469,0,0.16082932369070968,17.53
TX_003187,STORE_10,CHK_030,10,132,1,0,13.2,0.1,84,505,0,0.16081871858907043,17.53
TX_004761,STORE_03,CHK_039,13,114,1,0,8.76923076923077,0.07692307692307693,103,535,0,0.16082507876926921,17.53
TX_001663,STORE_02,CHK_013,13,106,2,0,8.153846153846153,0.15384615384615385,110,490,0,0.16081644630571845,17.53
TX_003798,STORE_04,CHK_010,5,111,1,0,22.2,0.2,90,478,0,0.16086937932591427,17.52
TX_000546,STORE_02,CHK_013,7,173,0,0,24.714285714285715,0.0,110,490,0,0.1608883282099175,17.51
TX_003855,STORE_09,CHK_022,13,142,1,0,10.923076923076923,0.07692307692307693,106,524,0,0.16094868950202457,17.5
TX_000746,STORE_02,CHK_004,3,109,1,0,36.333333333333336,0.3333333333333333,95,490,0,0.16095436733694124,17.5
TX_002562,STORE_05,CHK_022,10,135,0,0,13.5,0.0,106,469,0,0.16092911160449036,17.5
TX_002391,STORE_03,CHK_022,13,69,0,0,5.3076923076923075,0.0,106,535,0,0.1609795363629679,17.49
TX_003120,STORE_04,CHK_013,5,122,1,0,24.4,0.2,110,478,0,0.16103008778169925,17.48
TX_000402,STORE_04,CHK_020,4,71,1,0,17.75,0.25,94,478,0,0.16106108265346758,17.47
TX_001198,STORE_05,CHK_009,6,35,0,0,5.833333333333333,0.0,98,469,0,0.16113096172523955,17.45
TX_002964,STORE_04,CHK_032,7,45,1,0,6.428571428571429,0.14285714285714285,111,478,0,0.16117579316513175,17.44
TX_003492,STORE_04,CHK_002,16,79,0,0,4.9375,0.0,105,478,0,0.1612470537756312,17.43
TX_004216,STORE_08,CHK_005,3,110,0,0,36.666666666666664,0.0,84,509,0,0.1612353443947394,17.43
TX_001861,STORE_07,CHK_015,18,75,1,0,4.166666666666667,0.05555555555555555,104,492,0,0.16124588048068633,17.43
TX_003304,STORE_02,CHK_046,12,171,0,0,14.25,0.0,104,490,0,0.1612737495143453,17.42
TX_002869,STORE_06,CHK_005,7,131,1,0,18.714285714285715,0.14285714285714285,84,489,0,0.1612818356495842,17.42
TX_002744,STORE_01,CHK_012,12,147,0,0,12.25,0.0,87,509,0,0.16132063450451944,17.41
TX_001307,STORE_06,CHK_015,6,177,0,0,29.5,0.0,104,489,0,0.16129507867081622,17.41
TX_000008,STORE_06,CHK_034,10,109,2,0,10.9,0.2,89,489,0,0.16131634879810186,17.41
TX_001265,STORE_10,CHK_032,8,171,0,0,21.375,0.0,111,505,0,0.16132816674923361,17.41
TX_000303,STORE_03,CHK_005,8,90,0,0,11.25,0.0,84,535,0,0.1613044714746763,17.41
TX_003590,STORE_08,CHK_025,7,86,0,0,12.285714285714286,0.0,80,509,0,0.16135936447091093,17.4
TX_000091,STORE_08,CHK_027,4,105,1,0,26.25,0.25,86,509,0,0.16137841159863275,17.39
TX_003278,STORE_03,CHK_016,3,51,0,0,17.0,0.0,104,535,0,0.16153950754130209,17.36
TX_004902,STORE_04,CHK_019,13,81,1,0,6.230769230769231,0.07692307692307693,90,478,0,0.16157614032545237,17.35
TX_004075,STORE_05,CHK_006,7,34,0,0,4.857142857142857,0.0,102,469,0,0.1616256373217369,17.33
TX_002726,STORE_03,CHK_041,11,125,1,0,11.363636363636363,0.09090909090909091,105,535,0,0.1616365420406763,17.33
TX_002748,STORE_06,CHK_013,4,20,0,0,5.0,0.0,110,489,0,0.1616945224247333,17.32
TX_000830,STORE_05,CHK_029,9,117,0,0,13.0,0.0,90,469,0,0.1617141777316537,17.31
TX_003536,STORE_03,CHK_014,4,44,0,0,11.0,0.0,103,535,0,0.16170735172952838,17.31
TX_001705,STORE_03,CHK_034,4,95,0,0,23.75,0.0,89,535,0,0.16170880023785428,17.31
TX_002764,STORE_07,CHK_008,13,46,0,0,3.5384615384615383,0.0,85,492,0,0.16181911687559603,17.29
TX_002671,STORE_04,CHK_027,12,101,0,0,8.416666666666666,0.0,86,478,0,0.16179222180238567,17.29
TX_000208,STORE_03,CHK_026,8,150,0,0,18.75,0.0,103,535,0,0.16184588554166995,17.28
TX_003689,STORE_08,CHK_039,11,54,2,0,4.909090909090909,0.18181818181818182,103,509,0,0.16185181547660116,17.28
TX_000788,STORE_09,CHK_046,10,28,0,0,2.8,0.0,104,524,0,0.16183225268258544,17.28
TX_001399,STORE_04,CHK_031,13,85,1,0,6.538461538461538,0.07692307692307693,113,478,0,0.16185630322558914,17.28
TX_002266,STORE_05,CHK_036,5,53,0,0,10.6,0.0,109,469,0,0.16182894132286108,17.28
TX_004054,STORE_09,CHK_023,2,70,0,0,35.0,0.0,98,524,0,0.16194293467018378,17.26
TX_001211,STORE_03,CHK_018,3,87,0,0,29.0,0.0,97,535,0,0.16191702637751493,17.26
TX_003979,STORE_04,CHK_018,2,39,0,0,19.5,0.0,97,478,0,0.16203393540289446,17.24
TX_002261,STORE_04,CHK_008,5,74,0,0,14.8,0.0,85,478,0,0.1620284668715965,17.24
TX_004594,STORE_08,CHK_041,8,140,2,0,17.5,0.25,105,509,0,0.1620375944127606,17.23
TX_000551,STORE_08,CHK_028,9,18,1,0,2.0,0.1111111111111111,102,509,0,0.16211276360353688,17.22
TX_000685,STORE_05,CHK_015,11,82,1,0,7.454545454545454,0.09090909090909091,104,469,0,0.16210312613434558,17.22
TX_004149,STORE_05,CHK_034,9,65,0,0,7.222222222222222,0.0,89,469,0,0.16211900949386243,17.21
TX_002373,STORE_07,CHK_033,6,58,0,0,9.666666666666666,0.0,121,492,0,0.16223621553079637,17.19
TX_000001,STORE_01,CHK_039,3,116,1,0,38.666666666666664,0.3333333333333333,103,509,0,0.16220870643843444,17.19
TX_002251,STORE_02,CHK_028,15,98,2,0,6.533333333333333,0.13333333333333333,102,490,0,0.16227949524423796,17.18
TX_001024,STORE_01,CHK_033,8,98,1,0,12.25,0.125,121,509,0,0.16225051154182196,17.18
TX_000267,STORE_04,CHK_026,2,42,0,0,21.0,0.0,103,478,0,0.1622667127881519,17.18
TX_004412,STORE_02,CHK_037,2,117,0,0,58.5,0.0,99,490,0,0.16231998828886152,17.17
TX_004597,STORE_03,CHK_046,7,132,1,0,18.857142857142858,0.14285714285714285,104,535,0,0.1622847965411388,17.17
TX_002246,STORE_05,CHK_024,8,102,1,0,12.75,0.125,92,469,0,0.1623077099597673,17.17
TX_004036,STORE_10,CHK_008,9,52,1,0,5.777777777777778,0.1111111111111111,85,505,0,0.16231259015265836,17.17
TX_002667,STORE_03,CHK_040,5,83,0,0,16.6,0.0,114,535,0,0.16233507769628847,17.16
TX_002452,STORE_01,CHK_012,4,27,0,0,6.75,0.0,87,509,0,0.1623639104843254,17.16
TX_001149,STORE_10,CHK_021,9,19,1,0,2.111111111111111,0.1111111111111111,101,505,0,0.16240312274051022,17.15
TX_002716,STORE_05,CHK_028,7,125,1,0,17.857142857142858,0.14285714285714285,102,469,0,0.1624702918944662,17.13
TX_004333,STORE_10,CHK_033,5,106,0,0,21.2,0.0,121,505,0,0.16248619112625506,17.13
TX_004651,STORE_05,CHK_004,3,88,0,0,29.333333333333332,0.0,95,469,0,0.16246688194940984,17.13
TX_003662,STORE_07,CHK_034,12,39,1,0,3.25,0.08333333333333333,89,492,0,0.16251963979681444,17.12
TX_001777,STORE_07,CHK_001,7,37,1,0,5.285714285714286,0.14285714285714285,116,492,0,0.16250712503130282,17.12
TX_003320,STORE_03,CHK_041,11,49,0,0,4.454545454545454,0.0,105,535,0,0.1625652240218724,17.11
TX_003218,STORE_10,CHK_005,4,122,0,0,30.5,0.0,84,505,0,0.16257650578504784,17.1
TX_000705,STORE_03,CHK_050,9,148,0,0,16.444444444444443,0.0,102,535,0,0.16259512898692607,17.1
TX_001599,STORE_03,CHK_034,9,88,1,0,9.777777777777779,0.1111111111111111,89,535,0,0.16258915832753001,17.1
TX_003356,STORE_04,CHK_032,15,106,0,0,7.066666666666666,0.0,111,478,0,0.16262221875255034,17.09
TX_002079,STORE_08,CHK_033,4,96,0,0,24.0,0.0,121,509,0,0.16264790972776555,17.09
TX_004791,STORE_03,CHK_034,5,118,0,0,23.6,0.0,89,535,0,0.16263732172044593,17.09
TX_002237,STORE_03,CHK_015,11,68,1,0,6.181818181818182,0.09090909090909091,104,535,0,0.16268307765823453,17.08
TX_000909,STORE_03,CHK_029,10,96,1,0,9.6,0.1,90,535,0,0.16272289474003,17.07
TX_000260,STORE_09,CHK_012,10,116,1,0,11.6,0.1,87,524,0,0.16275610368403026,17.06
TX_000823,STORE_03,CHK_043,3,101,0,0,33.666666666666664,0.0,98,535,0,0.1627771286250272,17.05
TX_002223,STORE_08,CHK_018,7,56,2,0,8.0,0.2857142857142857,97,509,0,0.16284488774111938,17.04
TX_004183,STORE_05,CHK_049,9,118,0,0,13.11111111111111,0.0,91,469,0,0.16285053865752303,17.04
TX_004860,STORE_06,CHK_022,7,130,2,0,18.571428571428573,0.2857142857142857,106,489,0,0.1628782036729161,17.03
TX_004806,STORE_05,CHK_003,9,68,1,0,7.555555555555555,0.1111111111111111,97,469,0,0.16289112182611548,17.03
TX_001096,STORE_08,CHK_008,14,97,1,0,6.928571428571429,0.07142857142857142,85,509,0,0.16288954527353966,17.03
TX_003910,STORE_02,CHK_040,4,124,1,0,31.0,0.25,114,490,0,0.16288541585850969,17.03
TX_001268,STORE_09,CHK_013,4,42,0,0,10.5,0.0,110,524,0,0.16292438900595246,17.02
TX_000836,STORE_03,CHK_027,9,107,0,0,11.88888888888889,0.0,86,535,0,0.1629224346885777,17.02
TX_001841,STORE_04,CHK_049,7,152,0,0,21.714285714285715,0.0,91,478,0,0.16292746112771328,17.02
TX_001600,STORE_03,CHK_036,5,120,0,0,24.0,0.0,109,535,0,0.16295777194780064,17.01
TX_002481,STORE_10,CHK_014,6,166,1,0,27.666666666666668,0.16666666666666666,103,505,0,0.16297260911262584,17.01
TX_000987,STORE_10,CHK_016,12,28,1,0,2.3333333333333335,0.08333333333333333,104,505,0,0.16298195942919852,17.0
TX_004616,STORE_09,CHK_007,15,59,0,0,3.933333333333333,0.0,95,524,0,0.163009434794046,17.0
TX_004081,STORE_09,CHK_030,9,121,0,0,13.444444444444445,0.0,84,524,0,0.16304942501230907,16.99
TX_003529,STORE_02,CHK_010,3,128,0,0,42.666666666666664,0.0,90,490,0,0.1630663603629257,16.98
TX_004842,STORE_07,CHK_024,12,24,0,0,2.0,0.0,92,492,0,0.16314861362955052,16.96
TX_000772,STORE_06,CHK_041,8,60,2,0,7.5,0.25,105,489,0,0.1632174067905252,16.95
TX_004586,STORE_02,CHK_012,13,131,1,0,10.076923076923077,0.07692307692307693,87,490,0,0.16326139801910383,16.94
TX_002113,STORE_08,CHK_012,10,29,0,0,2.9,0.0,87,509,0,0.16324885402734257,16.94
TX_002397,STORE_01,CHK_045,8,15,0,0,1.875,0.0,91,509,0,0.16327653076142618,16.93
TX_003144,STORE_01,CHK_036,9,81,2,0,9.0,0.2222222222222222,109,509,0,0.16329580189214787,16.93
TX_003791,STORE_03,CHK_049,12,74,0,0,6.166666666666667,0.0,91,535,0,0.1633753648390882,16.91
TX_004231,STORE_10,CHK_049,2,105,0,0,52.5,0.0,91,505,0,0.1633684735568655,16.91
TX_001615,STORE_05,CHK_014,6,37,0,0,6.166666666666667,0.0,103,469,0,0.16335482855060507,16.91
TX_002885,STORE_10,CHK_002,8,126,2,0,15.75,0.25,105,505,0,0.163358434419421,16.91
TX_004028,STORE_07,CHK_046,8,17,1,0,2.125,0.125,104,492,0,0.16335532668255615,16.91
TX_001321,STORE_05,CHK_002,3,96,0,0,32.0,0.0,105,469,0,0.1633607047290786,16.91
TX_004519,STORE_06,CHK_040,14,60,1,0,4.285714285714286,0.07142857142857142,114,489,0,0.16339358138226578,16.9
TX_003206,STORE_02,CHK_032,7,89,2,0,12.714285714285714,0.2857142857142857,111,490,0,0.16344564153547586,16.89
TX_001950,STORE_10,CHK_040,15,90,1,0,6.0,0.06666666666666667,114,505,0,0.16347183815650562,16.89
TX_002804,STORE_02,CHK_047,18,107,0,0,5.944444444444445,0.0,95,490,0,0.16347974567701368,16.88
TX_001133,STORE_09,CHK_032,11,43,0,0,3.909090909090909,0.0,111,524,0,0.1635463780737818,16.87
TX_000254,STORE_09,CHK_011,15,111,0,0,7.4,0.0,111,524,0,0.16358689866332848,16.86
TX_002837,STORE_06,CHK_033,9,103,1,0,11.444444444444445,0.1111111111111111,121,489,0,0.1636302518517314,16.85
TX_000576,STORE_03,CHK_006,6,39,0,0,6.5,0.0,102,535,0,0.1636639148373466,16.84
TX_001838,STORE_05,CHK_031,10,63,0,0,6.3,0.0,113,469,0,0.16370118883484852,16.83
TX_002718,STORE_03,CHK_032,5,113,0,0,22.6,0.0,111,535,0,0.16370714520241958,16.83
TX_004620,STORE_09,CHK_048,5,108,1,0,21.6,0.2,113,524,0,0.16384418275169976,16.8
TX_004348,STORE_04,CHK_027,8,93,1,0,11.625,0.125,86,478,0,0.16380657232946805,16.8
TX_002218,STORE_10,CHK_036,7,15,0,0,2.142857142857143,0.0,109,505,0,0.16386335285609416,16.79
TX_000684,STORE_03,CHK_015,5,135,0,0,27.0,0.0,104,535,0,0.16392502865476616,16.78
TX_001863,STORE_04,CHK_031,12,70,1,0,5.833333333333333,0.08333333333333333,113,478,0,0.16395991158694273,16.77
TX_000305,STORE_03,CHK_017,11,102,1,0,9.272727272727273,0.09090909090909091,107,535,0,0.16397155723408302,16.76
TX_003037,STORE_04,CHK_040,14,106,0,0,7.571428571428571,0.0,114,478,0,0.16399756326228254,16.76
TX_003683,STORE_09,CHK_030,6,62,0,0,10.333333333333334,0.0,84,524,0,0.16401872847131677,16.75
TX_000637,STORE_03,CHK_017,8,140,0,0,17.5,0.0,107,535,0,0.16401553832289978,16.75
TX_004185,STORE_05,CHK_050,3,100,0,0,33.333333333333336,0.0,102,469,0,0.1640574123526201,16.74
TX_000856,STORE_05,CHK_029,9,63,0,0,7.0,0.0,90,469,0,0.16408920214600464,16.74
TX_000592,STORE_05,CHK_015,11,49,0,0,4.454545454545454,0.0,104,469,0,0.16406285849681523,16.74
TX_000577,STORE_05,CHK_048,10,113,0,0,11.3,0.0,113,469,0,0.1641252472953817,16.73
TX_000666,STORE_03,CHK_013,13,98,0,0,7.538461538461538,0.0,110,535,0,0.16415480349084943,16.72
TX_003505,STORE_05,CHK_011,10,116,0,0,11.6,0.0,111,469,0,0.16415074784029637,16.72
TX_000487,STORE_09,CHK_001,5,114,0,0,22.8,0.0,116,524,0,0.16425275853753257,16.7
TX_001673,STORE_10,CHK_005,5,134,0,0,26.8,0.0,84,505,0,0.16427302759478524,16.69
TX_003984,STORE_03,CHK_013,4,61,0,0,15.25,0.0,110,535,0,0.1642782031858091,16.69
TX_003616,STORE_03,CHK_032,7,54,0,0,7.714285714285714,0.0,111,535,0,0.16428022415808508,16.69
TX_001444,STORE_05,CHK_003,11,127,0,0,11.545454545454545,0.0,97,469,0,0.164311833202744,16.68
TX_003209,STORE_07,CHK_035,17,90,0,0,5.294117647058823,0.0,114,492,0,0.1643009069812093,16.68
TX_003541,STORE_04,CHK_011,6,142,0,0,23.666666666666668,0.0,111,478,0,0.1643834797218478,16.66
TX_002442,STORE_06,CHK_047,8,131,2,0,16.375,0.25,95,489,0,0.164462057203819,16.65
TX_004142,STORE_06,CHK_002,3,62,1,0,20.666666666666668,0.3333333333333333,105,489,0,0.16442923825673822,16.65
TX_000530,STORE_10,CHK_026,3,109,1,0,36.333333333333336,0.3333333333333333,103,505,0,0.1644528466816469,16.65
TX_001943,STORE_05,CHK_002,13,101,0,0,7.769230769230769,0.0,105,469,0,0.16442315282069536,16.65
TX_000662,STORE_06,CHK_038,4,132,1,0,33.0,0.25,92,489,0,0.1644729494390862,16.64
TX_001682,STORE_07,CHK_027,15,73,0,0,4.866666666666666,0.0,86,492,0,0.1645766474657266,16.62
TX_000752,STORE_09,CHK_011,4,125,0,0,31.25,0.0,111,524,0,0.16460957343452592,16.61
TX_000380,STORE_03,CHK_038,12,117,0,0,9.75,0.0,92,535,0,0.16460592520008877,16.61
TX_003703,STORE_08,CHK_038,5,150,1,0,30.0,0.2,92,509,0,0.16464643740107393,16.6
TX_004585,STORE_07,CHK_027,9,154,0,0,17.11111111111111,0.0,86,492,0,0.1647039288689197,16.59
TX_004112,STORE_09,CHK_019,6,135,1,0,22.5,0.16666666666666666,90,524,0,0.16473242559369794,16.58
TX_000280,STORE_01,CHK_043,4,143,1,0,35.75,0.25,98,509,0,0.164827328738197,16.56
TX_002653,STORE_03,CHK_015,5,64,1,0,12.8,0.2,104,535,0,0.1648060295372138,16.56
TX_002619,STORE_04,CHK_027,6,118,0,0,19.666666666666668,0.0,86,478,0,0.1648411259257897,16.55
TX_000763,STORE_10,CHK_011,16,125,0,0,7.8125,0.0,111,505,0,0.1648802890435393,16.54
TX_003469,STORE_09,CHK_036,11,136,1,0,12.363636363636363,0.09090909090909091,109,524,0,0.1648960848282095,16.54
TX_002973,STORE_03,CHK_048,8,125,0,0,15.625,0.0,113,535,0,0.16488695565010336,16.54
TX_004409,STORE_04,CHK_028,2,87,0,0,43.5,0.0,102,478,0,0.16491324040315342,16.54
TX_002578,STORE_05,CHK_003,8,75,1,0,9.375,0.125,97,469,0,0.1649428871135945,16.53
TX_001646,STORE_09,CHK_017,14,53,0,0,3.7857142857142856,0.0,107,524,0,0.1649600843549069,16.52
TX_002940,STORE_01,CHK_042,11,133,2,0,12.090909090909092,0.18181818181818182,95,509,0,0.16499082798343057,16.52
TX_004805,STORE_05,CHK_015,12,58,0,0,4.833333333333333,0.0,104,469,0,0.16498065299722947,16.52
TX_002477,STORE_10,CHK_016,7,181,0,0,25.857142857142858,0.0,104,505,0,0.16503079125199704,16.51
TX_000353,STORE_07,CHK_019,3,66,1,0,22.0,0.3333333333333333,90,492,0,0.16505001601922736,16.5
TX_003342,STORE_03,CHK_048,5,67,0,0,13.4,0.0,113,535,0,0.16506560539892035,16.5
TX_001982,STORE_09,CHK_004,3,115,0,0,38.333333333333336,0.0,95,524,0,0.16512007356916147,16.49
TX_001125,STORE_09,CHK_027,5,61,0,0,12.2,0.0,86,524,0,0.1650859388022059,16.49
TX_004546,STORE_01,CHK_022,13,98,2,0,7.538461538461538,0.15384615384615385,106,509,0,0.1651109238722261,16.49
TX_000479,STORE_04,CHK_012,4,88,0,0,22.0,0.0,87,478,0,0.1651593694078648,16.48
TX_003780,STORE_03,CHK_048,10,70,0,0,7.0,0.0,113,535,0,0.1652016123847188,16.47
TX_000953,STORE_03,CHK_014,5,62,1,0,12.4,0.2,103,535,0,0.16518345347597352,16.47
TX_003934,STORE_04,CHK_043,13,56,1,0,4.3076923076923075,0.07692307692307693,98,478,0,0.1652444701272781,16.46
TX_002678,STORE_03,CHK_048,6,116,0,0,19.333333333333332,0.0,113,535,0,0.16521138055255258,16.46
TX_002519,STORE_03,CHK_040,9,113,0,0,12.555555555555555,0.0,114,535,0,0.1652157808029544,16.46
TX_001381,STORE_04,CHK_014,4,76,1,0,19.0,0.25,103,478,0,0.1652811032565305,16.45
TX_004349,STORE_09,CHK_002,6,29,0,0,4.833333333333333,0.0,105,524,0,0.16524735490337866,16.45
TX_004612,STORE_04,CHK_040,8,139,0,0,17.375,0.0,114,478,0,0.16532258933605365,16.44
TX_002375,STORE_04,CHK_012,8,76,1,0,9.5,0.125,87,478,0,0.16528986700056303,16.44
TX_001050,STORE_09,CHK_030,8,60,0,0,7.5,0.0,84,524,0,0.1653242977781314,16.44
TX_003338,STORE_02,CHK_010,10,120,2,0,12.0,0.2,90,490,0,0.1653369796933738,16.43
TX_004577,STORE_04,CHK_002,2,70,0,0,35.0,0.0,105,478,0,0.16533091833695374,16.43
TX_001875,STORE_04,CHK_001,10,105,1,0,10.5,0.1,116,478,0,0.16535734880702369,16.43
TX_000461,STORE_04,CHK_001,6,127,0,0,21.166666666666668,0.0,116,478,0,0.16535661151871467,16.43
TX_004744,STORE_03,CHK_035,8,115,0,0,14.375,0.0,114,535,0,0.16537448663719684,16.42
TX_001286,STORE_03,CHK_036,5,116,0,0,23.2,0.0,109,535,0,0.16540699860514485,16.42
TX_000516,STORE_08,CHK_005,11,123,1,0,11.181818181818182,0.09090909090909091,84,509,0,0.16544515386684439,16.41
TX_000264,STORE_03,CHK_024,6,107,1,0,17.833333333333332,0.16666666666666666,92,535,0,0.16544448971760695,16.41
TX_002014,STORE_05,CHK_050,9,123,1,0,13.666666666666666,0.1111111111111111,102,469,0,0.16543836403024426,16.41
TX_004588,STORE_08,CHK_023,6,82,2,0,13.666666666666666,0.3333333333333333,98,509,0,0.16545920759035393,16.4
TX_002540,STORE_03,CHK_017,8,68,1,0,8.5,0.125,107,535,0,0.16545167641728126,16.4
TX_001554,STORE_06,CHK_002,4,39,1,0,9.75,0.25,105,489,0,0.1654535007890668,16.4
TX_004058,STORE_10,CHK_019,9,165,0,0,18.333333333333332,0.0,90,505,0,0.16553015849434088,16.39
TX_002798,STORE_07,CHK_022,6,94,2,0,15.666666666666666,0.3333333333333333,106,492,0,0.16549915095776196,16.39
TX_002277,STORE_07,CHK_021,2,115,0,0,57.5,0.0,101,492,0,0.16552491618728765,16.39
TX_004998,STORE_04,CHK_022,7,39,1,0,5.571428571428571,0.14285714285714285,106,478,0,0.16552781382691834,16.39
TX_001202,STORE_01,CHK_029,9,74,2,0,8.222222222222221,0.2222222222222222,90,509,0,0.1655401815682616,16.38
TX_001955,STORE_03,CHK_045,10,106,1,0,10.6,0.1,91,535,0,0.16556028119945432,16.38
TX_002525,STORE_05,CHK_015,10,109,1,0,10.9,0.1,104,469,0,0.16556741322950652,16.38
TX_002279,STORE_04,CHK_007,4,84,1,0,21.0,0.25,95,478,0,0.16560948125188996,16.37
TX_004161,STORE_01,CHK_019,10,67,2,0,6.7,0.2,90,509,0,0.16560534769822272,16.37
TX_001009,STORE_02,CHK_019,10,112,2,0,11.2,0.2,90,490,0,0.165889916469439,16.3
TX_001610,STORE_07,CHK_036,9,71,2,0,7.888888888888889,0.2222222222222222,109,492,0,0.1658740352045972,16.3
TX_002052,STORE_10,CHK_030,3,92,0,0,30.666666666666668,0.0,84,505,0,0.16588143931960625,16.3
TX_002878,STORE_09,CHK_036,3,105,0,0,35.0,0.0,109,524,0,0.1659079560384486,16.29
TX_004024,STORE_05,CHK_042,9,46,0,0,5.111111111111111,0.0,95,469,0,0.16592722944626787,16.29
TX_002580,STORE_09,CHK_017,13,70,1,0,5.384615384615385,0.07692307692307693,107,524,0,0.1659184442618689,16.29
TX_002539,STORE_03,CHK_040,6,74,0,0,12.333333333333334,0.0,114,535,0,0.1659043846822656,16.29
TX_003005,STORE_04,CHK_006,4,73,1,0,18.25,0.25,102,478,0,0.16598186269362597,16.28
TX_004366,STORE_08,CHK_013,11,103,2,0,9.363636363636363,0.18181818181818182,110,509,0,0.16599645841928878,16.27
TX_002062,STORE_02,CHK_050,3,106,1,0,35.333333333333336,0.3333333333333333,102,490,0,0.16600171692927268,16.27
TX_001740,STORE_10,CHK_045,2,98,0,0,49.0,0.0,91,505,0,0.16600929790699065,16.27
TX_001975,STORE_07,CHK_036,4,136,1,0,34.0,0.25,109,492,0,0.16600339667467662,16.27
TX_004437,STORE_03,CHK_041,14,101,0,0,7.214285714285714,0.0,105,535,0,0.16604763309624876,16.26
TX_000342,STORE_10,CHK_024,13,33,0,0,2.5384615384615383,0.0,92,505,0,0.16607061240242932,16.25
TX_002443,STORE_04,CHK_028,3,29,0,0,9.666666666666666,0.0,102,478,0,0.16606847091448967,16.25
TX_001289,STORE_09,CHK_004,12,44,0,0,3.6666666666666665,0.0,95,524,0,0.16607726866546452,16.25
TX_000408,STORE_09,CHK_017,14,57,0,0,4.071428571428571,0.0,107,524,0,0.16609102933000808,16.25
TX_000105,STORE_04,CHK_018,4,87,1,0,21.75,0.25,97,478,0,0.16613083070488394,16.24
TX_003219,STORE_05,CHK_007,10,104,1,0,10.4,0.1,95,469,0,0.16611636814807185,16.24
TX_000188,STORE_04,CHK_032,12,131,0,0,10.916666666666666,0.0,111,478,0,0.16616473520846076,16.23
TX_003679,STORE_04,CHK_017,15,113,0,0,7.533333333333333,0.0,107,478,0,0.1661599405267487,16.23
TX_000889,STORE_04,CHK_012,6,122,0,0,20.333333333333332,0.0,87,478,0,0.16615973017065705,16.23
TX_001486,STORE_10,CHK_002,11,71,2,0,6.454545454545454,0.18181818181818182,105,505,0,0.16626635313166993,16.21
TX_003564,STORE_10,CHK_034,11,43,1,0,3.909090909090909,0.09090909090909091,89,505,0,0.16633611686240346,16.19
TX_000895,STORE_05,CHK_017,4,72,0,0,18.0,0.0,107,469,0,0.16639413437247513,16.18
TX_003007,STORE_06,CHK_002,3,70,1,0,23.333333333333332,0.3333333333333333,105,489,0,0.16640450206400365,16.17
TX_002378,STORE_05,CHK_009,11,125,0,0,11.363636363636363,0.0,98,469,0,0.16643574907310804,16.17
TX_003754,STORE_09,CHK_037,5,133,1,0,26.6,0.2,99,524,0,0.16645863185948317,16.16
TX_000496,STORE_05,CHK_006,3,96,0,0,32.0,0.0,102,469,0,0.16647517837002457,16.16
TX_001058,STORE_07,CHK_013,9,169,0,0,18.77777777777778,0.0,110,492,0,0.16644473703456253,16.16
TX_003604,STORE_08,CHK_020,13,87,2,0,6.6923076923076925,0.15384615384615385,94,509,0,0.16650557701403457,16.15
TX_004312,STORE_04,CHK_039,12,51,1,0,4.25,0.08333333333333333,103,478,0,0.1665599439966161,16.14
TX_003395,STORE_04,CHK_030,8,69,0,0,8.625,0.0,84,478,0,0.1665569612553215,16.14
TX_003877,STORE_08,CHK_017,16,70,1,0,4.375,0.0625,107,509,0,0.16657104759772923,16.13
TX_001181,STORE_04,CHK_001,12,86,0,0,7.166666666666667,0.0,116,478,0,0.16659226812247574,16.13
TX_003405,STORE_05,CHK_036,10,62,0,0,6.2,0.0,109,469,0,0.16663211301295439,16.12
TX_002745,STORE_03,CHK_013,12,107,0,0,8.916666666666666,0.0,110,535,0,0.1666345491705014,16.12
TX_003835,STORE_03,CHK_017,7,137,0,0,19.571428571428573,0.0,107,535,0,0.16660409896652384,16.12
TX_003415,STORE_08,CHK_019,11,87,2,0,7.909090909090909,0.18181818181818182,90,509,0,0.16668498926208497,16.11
TX_003909,STORE_08,CHK_027,12,64,1,0,5.333333333333333,0.08333333333333333,86,509,0,0.16666731049570344,16.11
TX_002843,STORE_05,CHK_039,4,52,0,0,13.0,0.0,103,469,0,0.16671133926632575,16.1
TX_004968,STORE_03,CHK_028,13,121,0,0,9.307692307692308,0.0,102,535,0,0.16669089002100856,16.1
TX_002757,STORE_09,CHK_024,5,121,1,0,24.2,0.2,92,524,0,0.16676652868706004,16.09
TX_002870,STORE_01,CHK_019,17,91,0,0,5.352941176470588,0.0,90,509,0,0.16676375981777103,16.09
TX_003442,STORE_06,CHK_036,9,115,2,0,12.777777777777779,0.2222222222222222,109,489,0,0.16677823970019773,16.08
TX_002657,STORE_05,CHK_018,5,119,0,0,23.8,0.0,97,469,0,0.16677325882630567,16.08
TX_001650,STORE_06,CHK_002,8,174,0,0,21.75,0.0,105,489,0,0.16684206107530014,16.07
TX_000899,STORE_10,CHK_008,13,126,0,0,9.692307692307692,0.0,85,505,0,0.16683938341215043,16.07
TX_000939,STORE_04,CHK_030,9,83,0,0,9.222222222222221,0.0,84,478,0,0.1668779836682795,16.06
TX_001415,STORE_08,CHK_015,10,18,0,0,1.8,0.0,104,509,0,0.16690917531904031,16.05
TX_002767,STORE_05,CHK_014,4,55,0,0,13.75,0.0,103,469,0,0.1668981162716766,16.05
TX_000245,STORE_05,CHK_048,9,64,0,0,7.111111111111111,0.0,113,469,0,0.16690293850426974,16.05
TX_000216,STORE_09,CHK_004,7,41,1,0,5.857142857142857,0.14285714285714285,95,524,0,0.16696511528320185,16.04
TX_004986,STORE_03,CHK_046,3,64,0,0,21.333333333333332,0.0,104,535,0,0.16695690530707608,16.04
TX_000082,STORE_08,CHK_010,3,67,1,0,22.333333333333332,0.3333333333333333,90,509,0,0.16695276881860677,16.04
TX_002103,STORE_05,CHK_039,9,70,1,0,7.777777777777778,0.1111111111111111,103,469,0,0.16700262019661205,16.03
TX_004090,STORE_09,CHK_037,9,43,1,0,4.777777777777778,0.1111111111111111,99,524,0,0.16698388344485499,16.03
TX_004269,STORE_05,CHK_020,12,77,0,0,6.416666666666667,0.0,94,469,0,0.1670291315556468,16.02
TX_001373,STORE_08,CHK_002,5,27,1,0,5.4,0.2,105,509,0,0.16704793375847538,16.02
TX_000010,STORE_08,CHK_034,2,78,0,0,39.0,0.0,89,509,0,0.1670815237864437,16.01
TX_001591,STORE_03,CHK_032,5,73,0,0,14.6,0.0,111,535,0,0.16709580237340477,16.01
TX_003217,STORE_05,CHK_022,7,107,1,0,15.285714285714286,0.14285714285714285,106,469,0,0.16707101194177493,16.01
TX_000931,STORE_05,CHK_006,4,54,0,0,13.5,0.0,102,469,0,0.16708580840929999,16.01
TX_003576,STORE_08,CHK_001,6,138,1,0,23.0,0.16666666666666666,116,509,0,0.16709669723342602,16.01
TX_003484,STORE_03,CHK_037,5,106,1,0,21.2,0.2,99,535,0,0.16709999551887533,16.0
TX_004704,STORE_07,CHK_019,11,92,2,0,8.363636363636363,0.18181818181818182,90,492,0,0.1671584972740714,15.99
TX_000916,STORE_04,CHK_043,3,120,0,0,40.0,0.0,98,478,0,0.16717571404044934,15.99
TX_000009,STORE_03,CHK_035,8,113,0,0,14.125,0.0,114,535,0,0.16719535635048316,15.98
TX_002598,STORE_05,CHK_002,4,66,0,0,16.5,0.0,105,469,0,0.16719315231652443,15.98
TX_002987,STORE_03,CHK_048,9,65,0,0,7.222222222222222,0.0,113,535,0,0.16727722478117052,15.96
TX_002819,STORE_04,CHK_010,8,144,0,0,18.0,0.0,90,478,0,0.16729777996749606,15.96
TX_004315,STORE_06,CHK_012,5,48,1,0,9.6,0.2,87,489,0,0.16732442170603073,15.95
TX_002017,STORE_01,CHK_001,11,39,0,0,3.5454545454545454,0.0,116,509,0,0.16732543010972434,15.95
TX_000403,STORE_03,CHK_049,6,74,1,0,12.333333333333334,0.16666666666666666,91,535,0,0.1674736640937971,15.91
TX_002333,STORE_10,CHK_013,9,23,0,0,2.5555555555555554,0.0,110,505,0,0.16757686687079204,15.89
TX_002162,STORE_07,CHK_020,8,127,2,0,15.875,0.25,94,492,0,0.16757527564924773,15.89
TX_001778,STORE_09,CHK_037,15,129,0,0,8.6,0.0,99,524,0,0.16763072515671218,15.88
TX_000328,STORE_10,CHK_008,5,74,1,0,14.8,0.2,85,505,0,0.1675997385951702,15.88
TX_004898,STORE_01,CHK_022,18,90,0,0,5.0,0.0,106,509,0,0.1676452935622486,15.87
TX_002077,STORE_08,CHK_011,4,124,1,0,31.0,0.25,111,509,0,0.16766553188198818,15.87
TX_002502,STORE_01,CHK_013,14,53,1,0,3.7857142857142856,0.07142857142857142,110,509,0,0.16773972015454225,15.85
TX_003047,STORE_04,CHK_019,6,58,1,0,9.666666666666666,0.16666666666666666,90,478,0,0.16781870589826808,15.83
TX_002347,STORE_05,CHK_013,11,83,0,0,7.545454545454546,0.0,110,469,0,0.16790789234214443,15.81
TX_004721,STORE_05,CHK_040,8,98,0,0,12.25,0.0,114,469,0,0.16790615310922835,15.81
TX_001776,STORE_02,CHK_017,17,60,0,0,3.5294117647058822,0.0,107,490,0,0.1679039104479766,15.81
TX_004963,STORE_01,CHK_036,11,105,2,0,9.545454545454545,0.18181818181818182,109,509,0,0.16794457534015467,15.8
TX_003281,STORE_04,CHK_046,4,30,0,0,7.5,0.0,104,478,0,0.16793769688959426,15.8
TX_002751,STORE_05,CHK_011,5,96,0,0,19.2,0.0,111,469,0,0.16794256806724112,15.8
TX_002435,STORE_01,CHK_045,11,82,2,0,7.454545454545454,0.18181818181818182,91,509,0,0.1679845023377458,15.79
TX_003235,STORE_03,CHK_050,5,67,1,0,13.4,0.2,102,535,0,0.1679840458185276,15.79
TX_003974,STORE_02,CHK_049,12,99,2,0,8.25,0.16666666666666666,91,490,0,0.16796655027109808,15.79
TX_003769,STORE_04,CHK_020,11,147,0,0,13.363636363636363,0.0,94,478,0,0.16797441840222482,15.79
TX_003682,STORE_05,CHK_034,8,97,0,0,12.125,0.0,89,469,0,0.16808314273999508,15.77
TX_002439,STORE_05,CHK_014,3,92,0,0,30.666666666666668,0.0,103,469,0,0.16807546380102495,15.77
TX_004083,STORE_03,CHK_009,12,98,1,0,8.166666666666666,0.08333333333333333,98,535,0,0.16811006426008318,15.76
TX_000848,STORE_09,CHK_026,4,95,1,0,23.75,0.25,103,524,0,0.16810844357335825,15.76
TX_000482,STORE_08,CHK_041,4,140,1,0,35.0,0.25,105,509,0,0.16811088899108778,15.76
TX_003069,STORE_01,CHK_045,2,100,0,0,50.0,0.0,91,509,0,0.1681116028642678,15.76
TX_004983,STORE_01,CHK_012,4,81,1,0,20.25,0.25,87,509,0,0.16809673740518355,15.76
TX_000517,STORE_05,CHK_047,8,131,0,0,16.375,0.0,95,469,0,0.16811084901363305,15.76
TX_002881,STORE_05,CHK_032,6,63,0,0,10.5,0.0,111,469,0,0.16813440363505822,15.75
TX_004671,STORE_10,CHK_006,10,15,0,0,1.5,0.0,102,505,0,0.16815154864618242,15.75
TX_003454,STORE_05,CHK_048,7,64,0,0,9.142857142857142,0.0,113,469,0,0.16816966702298375,15.74
TX_002651,STORE_08,CHK_013,9,32,1,0,3.5555555555555554,0.1111111111111111,110,509,0,0.16819882000246944,15.74
TX_003344,STORE_01,CHK_033,11,98,0,0,8.909090909090908,0.0,121,509,0,0.16818915606612656,15.74
TX_000904,STORE_06,CHK_050,12,162,0,0,13.5,0.0,102,489,0,0.16821096599145008,15.73
TX_002076,STORE_05,CHK_042,12,105,0,0,8.75,0.0,95,469,0,0.16825122044590884,15.72
TX_003215,STORE_06,CHK_042,12,75,2,0,6.25,0.16666666666666666,95,489,0,0.1683058706197943,15.71
TX_002080,STORE_05,CHK_023,8,78,1,0,9.75,0.125,98,469,0,0.16834249659381673,15.7
TX_000618,STORE_04,CHK_001,9,89,1,0,9.88888888888889,0.1111111111111111,116,478,0,0.16841205858146302,15.69
TX_003614,STORE_02,CHK_042,3,73,1,0,24.333333333333332,0.3333333333333333,95,490,0,0.16838181301738525,15.69
TX_002950,STORE_07,CHK_045,6,156,1,0,26.0,0.16666666666666666,91,492,0,0.1684471495341448,15.68
TX_004046,STORE_06,CHK_004,8,164,1,0,20.5,0.125,95,489,0,0.1684659376355871,15.67
TX_004155,STORE_05,CHK_021,8,42,0,0,5.25,0.0,101,469,0,0.16845874696016455,15.67
TX_001544,STORE_09,CHK_049,10,43,0,0,4.3,0.0,91,524,0,0.16853645204670226,15.66
TX_004264,STORE_03,CHK_029,8,95,1,0,11.875,0.125,90,535,0,0.1685334062437454,15.66
TX_001246,STORE_09,CHK_048,12,85,1,0,7.083333333333333,0.08333333333333333,113,524,0,0.16849972259879087,15.66
TX_003859,STORE_05,CHK_037,4,59,0,0,14.75,0.0,99,469,0,0.16852993903130004,15.66
TX_000367,STORE_03,CHK_003,14,95,0,0,6.785714285714286,0.0,97,535,0,0.16854871809544808,15.65
TX_004408,STORE_05,CHK_043,10,45,0,0,4.5,0.0,98,469,0,0.1686171352626874,15.64
TX_001632,STORE_08,CHK_012,4,78,1,0,19.5,0.25,87,509,0,0.16861900577742178,15.64
TX_002297,STORE_06,CHK_046,3,81,1,0,27.0,0.3333333333333333,104,489,0,0.16861529860554475,15.64
TX_000144,STORE_08,CHK_008,3,103,0,0,34.333333333333336,0.0,85,509,0,0.1686708327272337,15.62
TX_001155,STORE_01,CHK_028,11,163,1,0,14.818181818181818,0.09090909090909091,102,509,0,0.1687314978369162,15.61
TX_000783,STORE_10,CHK_030,5,90,1,0,18.0,0.2,84,505,0,0.16876317327220447,15.6
TX_004686,STORE_05,CHK_036,5,77,0,0,15.4,0.0,109,469,0,0.16877822839963413,15.6
TX_004930,STORE_02,CHK_041,4,15,0,0,3.75,0.0,105,490,0,0.16876080047776892,15.6
TX_002424,STORE_03,CHK_020,12,121,0,0,10.083333333333334,0.0,94,535,0,0.1688110290127342,15.59
TX_004144,STORE_09,CHK_011,3,80,0,0,26.666666666666668,0.0,111,524,0,0.16882212988865347,15.59
TX_003114,STORE_06,CHK_014,4,151,0,0,37.75,0.0,103,489,0,0.1688409115933442,15.58
TX_001833,STORE_03,CHK_043,3,65,0,0,21.666666666666668,0.0,98,535,0,0.16883108948167957,15.58
TX_004030,STORE_06,CHK_001,14,119,0,0,8.5,0.0,116,489,0,0.16888249490935742,15.57
TX_000586,STORE_02,CHK_005,5,91,1,0,18.2,0.2,84,490,0,0.168880496099578,15.57
TX_003378,STORE_03,CHK_020,10,133,0,0,13.3,0.0,94,535,0,0.16888800899897355,15.57
TX_002807,STORE_09,CHK_031,4,112,0,0,28.0,0.0,113,524,0,0.1689479727680666,15.56
TX_004759,STORE_05,CHK_017,8,87,1,0,10.875,0.125,107,469,0,0.16894583855284057,15.56
TX_002316,STORE_02,CHK_041,12,31,1,0,2.5833333333333335,0.08333333333333333,105,490,0,0.168913116265003,15.56
TX_004943,STORE_02,CHK_031,7,156,1,0,22.285714285714285,0.14285714285714285,113,490,0,0.1689407468050657,15.56
TX_001151,STORE_07,CHK_046,18,111,0,0,6.166666666666667,0.0,104,492,0,0.16890912930188584,15.56
TX_001507,STORE_05,CHK_021,13,95,0,0,7.3076923076923075,0.0,101,469,0,0.16897334569589734,15.55
TX_001959,STORE_06,CHK_010,2,44,0,0,22.0,0.0,90,489,0,0.16895365836637005,15.55
TX_000989,STORE_01,CHK_030,13,71,0,0,5.461538461538462,0.0,84,509,0,0.16900695598014126,15.54
TX_004432,STORE_09,CHK_012,9,88,1,0,9.777777777777779,0.1111111111111111,87,524,0,0.1689999403653521,15.54
TX_003059,STORE_09,CHK_047,12,151,0,0,12.583333333333334,0.0,95,524,0,0.16901748223364743,15.54
TX_002844,STORE_03,CHK_022,7,118,1,0,16.857142857142858,0.14285714285714285,106,535,0,0.16904383883345803,15.53
TX_004458,STORE_01,CHK_034,7,160,0,0,22.857142857142858,0.0,89,509,0,0.1690519718946738,15.53
TX_001557,STORE_03,CHK_038,8,104,1,0,13.0,0.125,92,535,0,0.16908828160217115,15.52
TX_004675,STORE_04,CHK_010,11,112,1,0,10.181818181818182,0.09090909090909091,90,478,0,0.16911201471913828,15.52
TX_000168,STORE_09,CHK_036,12,140,0,0,11.666666666666666,0.0,109,524,0,0.16908091487925858,15.52
TX_002132,STORE_01,CHK_038,2,92,0,0,46.0,0.0,92,509,0,0.16912236038488343,15.51
TX_001708,STORE_05,CHK_032,6,68,0,0,11.333333333333334,0.0,111,469,0,0.16915498227459225,15.51
TX_004971,STORE_03,CHK_022,4,108,0,0,27.0,0.0,106,535,0,0.16914683748090192,15.51
TX_000499,STORE_09,CHK_018,4,81,1,0,20.25,0.25,97,524,0,0.1691449660059775,15.51
TX_001215,STORE_05,CHK_021,6,43,0,0,7.166666666666667,0.0,101,469,0,0.16913672709240452,15.51
TX_004894,STORE_05,CHK_006,10,90,1,0,9.0,0.1,102,469,0,0.16911971198361414,15.51
TX_000135,STORE_10,CHK_024,4,141,0,0,35.25,0.0,92,505,0,0.16923613239117363,15.49
TX_000692,STORE_09,CHK_021,14,76,1,0,5.428571428571429,0.07142857142857142,101,524,0,0.16922288920783468,15.49
TX_003818,STORE_05,CHK_024,5,87,0,0,17.4,0.0,92,469,0,0.1692006095633291,15.49
TX_000632,STORE_07,CHK_024,9,162,0,0,18.0,0.0,92,492,0,0.16926981516900447,15.48
TX_004529,STORE_05,CHK_047,8,47,0,0,5.875,0.0,95,469,0,0.16931511968839102,15.47
TX_001026,STORE_03,CHK_038,8,106,1,0,13.25,0.125,92,535,0,0.16931844125120282,15.47
TX_004618,STORE_10,CHK_033,8,75,0,0,9.375,0.0,121,505,0,0.16934009600349803,15.46
TX_001056,STORE_08,CHK_001,15,108,0,0,7.2,0.0,116,509,0,0.16935496759306934,15.46
TX_004410,STORE_09,CHK_027,9,63,0,0,7.0,0.0,86,524,0,0.16937738959615106,15.45
TX_002431,STORE_08,CHK_033,7,114,0,0,16.285714285714285,0.0,121,509,0,0.16936981867783996,15.45
TX_004292,STORE_09,CHK_039,4,93,1,0,23.25,0.25,103,524,0,0.1694007661029825,15.45
TX_001043,STORE_05,CHK_003,12,106,0,0,8.833333333333334,0.0,97,469,0,0.16944041915872504,15.44
TX_001749,STORE_04,CHK_003,14,77,1,0,5.5,0.07142857142857142,97,478,0,0.1694907402317909,15.42
TX_002000,STORE_02,CHK_005,11,81,1,0,7.363636363636363,0.09090909090909091,84,490,0,0.1695200600108886,15.42
TX_002029,STORE_05,CHK_010,9,79,0,0,8.777777777777779,0.0,90,469,0,0.16953632952314845,15.41
TX_000114,STORE_10,CHK_003,3,98,1,0,32.666666666666664,0.3333333333333333,97,505,0,0.16956530318716762,15.41
TX_004517,STORE_07,CHK_012,9,27,0,0,3.0,0.0,87,492,0,0.16958843014734648,15.4
TX_004160,STORE_02,CHK_001,13,74,1,0,5.6923076923076925,0.07692307692307693,116,490,0,0.16960527257992825,15.4
TX_002584,STORE_07,CHK_016,2,110,0,0,55.0,0.0,104,492,0,0.16963855676597417,15.39
TX_001508,STORE_03,CHK_006,4,50,0,0,12.5,0.0,102,535,0,0.1696328062690745,15.39
TX_004227,STORE_10,CHK_004,3,74,1,0,24.666666666666668,0.3333333333333333,95,505,0,0.1696599164632248,15.38
TX_004927,STORE_10,CHK_030,10,47,0,0,4.7,0.0,84,505,0,0.16965509826005742,15.38
TX_003439,STORE_08,CHK_043,5,162,0,0,32.4,0.0,98,509,0,0.16968682792660733,15.38
TX_002438,STORE_10,CHK_032,7,24,0,0,3.4285714285714284,0.0,111,505,0,0.1697083536743395,15.37
TX_003989,STORE_10,CHK_005,11,100,1,0,9.090909090909092,0.09090909090909091,84,505,0,0.1697584715482235,15.36
TX_000213,STORE_04,CHK_042,15,75,0,0,5.0,0.0,95,478,0,0.16973594874092374,15.36
TX_001824,STORE_05,CHK_037,5,114,0,0,22.8,0.0,99,469,0,0.16973587066584372,15.36
TX_001367,STORE_04,CHK_020,12,62,1,0,5.166666666666667,0.08333333333333333,94,478,0,0.16975588500927047,15.36
TX_000323,STORE_05,CHK_028,8,44,0,0,5.5,0.0,102,469,0,0.16979046007789583,15.35
TX_003169,STORE_07,CHK_030,6,114,1,0,19.0,0.16666666666666666,84,492,0,0.1697996698189172,15.35
TX_004336,STORE_07,CHK_005,14,97,0,0,6.928571428571429,0.0,84,492,0,0.16986145389716006,15.33
TX_003778,STORE_01,CHK_002,7,15,0,0,2.142857142857143,0.0,105,509,0,0.16994761818742193,15.31
TX_002288,STORE_04,CHK_010,5,81,1,0,16.2,0.2,90,478,0,0.1699525556118886,15.31
TX_002342,STORE_08,CHK_010,9,98,2,0,10.88888888888889,0.2222222222222222,90,509,0,0.17000331244661432,15.3
TX_000069,STORE_10,CHK_008,11,52,0,0,4.7272727272727275,0.0,85,505,0,0.17001019882069163,15.3
TX_003523,STORE_08,CHK_022,6,15,0,0,2.5,0.0,106,509,0,0.16998760407743785,15.3
TX_001587,STORE_01,CHK_036,7,169,0,0,24.142857142857142,0.0,109,509,0,0.17005899687366632,15.29
TX_000986,STORE_03,CHK_013,5,61,0,0,12.2,0.0,110,535,0,0.17002897548354684,15.29
TX_003876,STORE_05,CHK_013,9,109,0,0,12.11111111111111,0.0,110,469,0,0.1700463536492463,15.29
TX_002583,STORE_05,CHK_013,9,70,0,0,7.777777777777778,0.0,110,469,0,0.17004389168970885,15.29
TX_004593,STORE_10,CHK_041,15,38,0,0,2.533333333333333,0.0,105,505,0,0.17009912554563494,15.28
TX_004059,STORE_02,CHK_010,8,18,0,0,2.25,0.0,90,490,0,0.1701255811237783,15.27
TX_003692,STORE_09,CHK_015,14,54,0,0,3.857142857142857,0.0,104,524,0,0.1701217607398539,15.27
TX_000667,STORE_05,CHK_010,9,81,0,0,9.0,0.0,90,469,0,0.17013275452730653,15.27
TX_000749,STORE_03,CHK_010,10,67,0,0,6.7,0.0,90,535,0,0.17014168104243704,15.27
TX_001629,STORE_05,CHK_048,7,109,0,0,15.571428571428571,0.0,113,469,0,0.17017906095902835,15.26
TX_004964,STORE_09,CHK_040,10,112,1,0,11.2,0.1,114,524,0,0.17017588205165396,15.26
TX_002936,STORE_05,CHK_045,6,105,0,0,17.5,0.0,91,469,0,0.17017530428202404,15.26
TX_002406,STORE_02,CHK_037,5,150,1,0,30.0,0.2,99,490,0,0.17019910016907702,15.25
TX_003558,STORE_01,CHK_009,16,137,0,0,8.5625,0.0,98,509,0,0.17019685968382525,15.25
TX_004515,STORE_05,CHK_046,9,48,0,0,5.333333333333333,0.0,104,469,0,0.17028425877349584,15.23
TX_004621,STORE_10,CHK_034,16,88,0,0,5.5,0.0,89,505,0,0.17035542871618137,15.21
TX_004296,STORE_10,CHK_046,8,80,2,0,10.0,0.25,104,505,0,0.17042377814378729,15.2
TX_000376,STORE_09,CHK_027,7,123,0,0,17.571428571428573,0.0,86,524,0,0.17045082216007695,15.19
TX_004514,STORE_07,CHK_033,6,87,0,0,14.5,0.0,121,492,0,0.1704442223305752,15.19
TX_003938,STORE_08,CHK_004,5,158,0,0,31.6,0.0,95,509,0,0.17049885059130615,15.18
TX_002260,STORE_03,CHK_004,10,119,1,0,11.9,0.1,95,535,0,0.17055019886856992,15.17
TX_004159,STORE_04,CHK_004,14,55,0,0,3.9285714285714284,0.0,95,478,0,0.17062237867111835,15.15
TX_002470,STORE_03,CHK_050,10,76,1,0,7.6,0.1,102,535,0,0.17062773895143407,15.15
TX_003097,STORE_03,CHK_032,8,123,0,0,15.375,0.0,111,535,0,0.17067720186457247,15.14
TX_004184,STORE_01,CHK_037,13,35,1,0,2.6923076923076925,0.07692307692307693,99,509,0,0.1706809789036799,15.13
TX_001190,STORE_08,CHK_045,8,20,0,0,2.5,0.0,91,509,0,0.1707321171998652,15.12
TX_000794,STORE_04,CHK_017,15,102,0,0,6.8,0.0,107,478,0,0.1707242243218104,15.12
TX_004905,STORE_08,CHK_033,6,105,0,0,17.5,0.0,121,509,0,0.17074828581458734,15.12
TX_002158,STORE_05,CHK_031,9,73,0,0,8.11111111111111,0.0,113,469,0,0.17072961892612243,15.12
TX_004521,STORE_10,CHK_022,11,93,2,0,8.454545454545455,0.18181818181818182,106,505,0,0.1708382480559874,15.1
TX_001147,STORE_07,CHK_035,4,70,1,0,17.5,0.25,114,492,0,0.17084884907176578,15.09
TX_004901,STORE_07,CHK_041,18,94,0,0,5.222222222222222,0.0,105,492,0,0.17096603638288038,15.07
TX_000750,STORE_03,CHK_018,12,124,0,0,10.333333333333334,0.0,97,535,0,0.17099226547061586,15.06
TX_002889,STORE_06,CHK_048,2,93,0,0,46.5,0.0,113,489,0,0.1709804163950241,15.06
TX_002531,STORE_09,CHK_006,11,56,1,0,5.090909090909091,0.09090909090909091,102,524,0,0.17097628298001333,15.06
TX_001882,STORE_06,CHK_027,5,74,1,0,14.8,0.2,86,489,0,0.17103248475187482,15.05
TX_004469,STORE_04,CHK_007,7,138,1,0,19.714285714285715,0.14285714285714285,95,478,0,0.17100902113523792,15.05
TX_002365,STORE_10,CHK_050,7,110,2,0,15.714285714285714,0.2857142857142857,102,505,0,0.17103108117817617,15.05
TX_002915,STORE_04,CHK_042,3,111,0,0,37.0,0.0,95,478,0,0.17104091718743242,15.05
TX_003191,STORE_05,CHK_041,10,125,0,0,12.5,0.0,105,469,0,0.17108252820601932,15.04
TX_001958,STORE_05,CHK_050,7,85,1,0,12.142857142857142,0.14285714285714285,102,469,0,0.17116169677719284,15.02
TX_001909,STORE_04,CHK_034,11,98,1,0,8.909090909090908,0.09090909090909091,89,478,0,0.1711461711860962,15.02
TX_001672,STORE_01,CHK_014,3,104,1,0,34.666666666666664,0.3333333333333333,103,509,0,0.17117645223272904,15.01
TX_003538,STORE_01,CHK_043,7,175,0,0,25.0,0.0,98,509,0,0.171194307731741,15.01
TX_003051,STORE_10,CHK_004,8,15,0,0,1.875,0.0,95,505,0,0.171230449667362,15.0
TX_000352,STORE_04,CHK_011,6,59,1,0,9.833333333333334,0.16666666666666666,111,478,0,0.17124897563244024,15.0
TX_004356,STORE_03,CHK_004,9,137,0,0,15.222222222222221,0.0,95,535,0,0.17125203624429314,15.0
TX_001483,STORE_06,CHK_024,7,29,1,0,4.142857142857143,0.14285714285714285,92,489,0,0.17128053406993182,14.99
TX_004962,STORE_04,CHK_015,10,47,1,0,4.7,0.1,104,478,0,0.17140598462590917,14.96
TX_000554,STORE_05,CHK_010,9,94,0,0,10.444444444444445,0.0,90,469,0,0.1714329737288509,14.95
TX_004578,STORE_04,CHK_048,11,74,1,0,6.7272727272727275,0.09090909090909091,113,478,0,0.17151329219809403,14.93
TX_002922,STORE_01,CHK_005,12,61,0,0,5.083333333333333,0.0,84,509,0,0.1715042823842835,14.93
TX_000661,STORE_07,CHK_017,9,68,2,0,7.555555555555555,0.2222222222222222,107,492,0,0.17157062548021823,14.92
TX_002890,STORE_10,CHK_026,3,90,1,0,30.0,0.3333333333333333,103,505,0,0.17157936400390833,14.92
TX_001496,STORE_04,CHK_022,15,98,0,0,6.533333333333333,0.0,106,478,0,0.17159247761738078,14.91
TX_004442,STORE_02,CHK_031,4,64,1,0,16.0,0.25,113,490,0,0.17166000774220685,14.9
TX_001983,STORE_02,CHK_005,5,44,0,0,8.8,0.0,84,490,0,0.17166879616525782,14.89
TX_000774,STORE_06,CHK_003,9,25,1,0,2.7777777777777777,0.1111111111111111,97,489,0,0.17170528631694287,14.89
TX_003076,STORE_05,CHK_006,8,130,0,0,16.25,0.0,102,469,0,0.17167837398853897,14.89
TX_003393,STORE_09,CHK_010,9,130,1,0,14.444444444444445,0.1111111111111111,90,524,0,0.17168667833584816,14.89
TX_002041,STORE_05,CHK_028,4,105,0,0,26.25,0.0,102,469,0,0.1717389106825048,14.88
TX_000219,STORE_05,CHK_011,6,104,0,0,17.333333333333332,0.0,111,469,0,0.17176194538787526,14.87
TX_001474,STORE_09,CHK_037,13,143,0,0,11.0,0.0,99,524,0,0.1717643059669024,14.87
TX_003670,STORE_03,CHK_031,10,87,0,0,8.7,0.0,113,535,0,0.17179953299113904,14.86
TX_000903,STORE_03,CHK_026,11,129,0,0,11.727272727272727,0.0,103,535,0,0.17180072400407453,14.86
TX_002561,STORE_01,CHK_031,2,81,0,0,40.5,0.0,113,509,0,0.171818595758585,14.86
TX_000184,STORE_05,CHK_023,8,101,1,0,12.625,0.125,98,469,0,0.17186352083954037,14.85
TX_001900,STORE_06,CHK_008,12,100,1,0,8.333333333333334,0.08333333333333333,85,489,0,0.17190285473959338,14.84
TX_000801,STORE_08,CHK_031,2,88,0,0,44.0,0.0,113,509,0,0.1719353246433032,14.83
TX_002396,STORE_04,CHK_012,10,73,0,0,7.3,0.0,87,478,0,0.17194453167918972,14.83
TX_003095,STORE_02,CHK_033,5,95,0,0,19.0,0.0,121,490,0,0.17192693571396306,14.83
TX_002480,STORE_05,CHK_045,7,102,0,0,14.571428571428571,0.0,91,469,0,0.17198624895778852,14.82
TX_004993,STORE_04,CHK_013,12,89,1,0,7.416666666666667,0.08333333333333333,110,478,0,0.17206414836620026,14.8
TX_004228,STORE_09,CHK_035,6,57,0,0,9.5,0.0,114,524,0,0.17203832973674227,14.8
TX_001896,STORE_04,CHK_043,15,74,0,0,4.933333333333334,0.0,98,478,0,0.1720377486546938,14.8
TX_000826,STORE_04,CHK_014,3,114,0,0,38.0,0.0,103,478,0,0.1720985619532716,14.79
TX_001748,STORE_03,CHK_031,7,73,0,0,10.428571428571429,0.0,113,535,0,0.17209830800651182,14.79
TX_002089,STORE_01,CHK_005,4,55,0,0,13.75,0.0,84,509,0,0.1721066416676127,14.79
TX_000725,STORE_02,CHK_040,8,149,1,0,18.625,0.125,114,490,0,0.17214380025350834,14.78
TX_002273,STORE_05,CHK_018,4,95,0,0,23.75,0.0,97,469,0,0.1721496748853667,14.78
TX_000652,STORE_09,CHK_005,9,87,0,0,9.666666666666666,0.0,84,524,0,0.17214236147296125,14.78
TX_001305,STORE_08,CHK_033,7,108,0,0,15.428571428571429,0.0,121,509,0,0.1721700574153439,14.77
TX_004885,STORE_08,CHK_050,16,65,1,0,4.0625,0.0625,102,509,0,0.1721682223642666,14.77
TX_004488,STORE_08,CHK_027,9,145,0,0,16.11111111111111,0.0,86,509,0,0.17221557046586067,14.76
TX_000206,STORE_08,CHK_042,7,81,2,0,11.571428571428571,0.2857142857142857,95,509,0,0.17222606281220137,14.76
TX_002012,STORE_03,CHK_042,4,110,0,0,27.5,0.0,95,535,0,0.17225282366419942,14.75
TX_000824,STORE_02,CHK_023,3,81,1,0,27.0,0.3333333333333333,98,490,0,0.172264797007867,14.75
TX_001566,STORE_03,CHK_049,8,91,1,0,11.375,0.125,91,535,0,0.17225511644827213,14.75
TX_004674,STORE_05,CHK_047,5,64,0,0,12.8,0.0,95,469,0,0.17226675566958194,14.75
TX_003793,STORE_04,CHK_034,6,73,1,0,12.166666666666666,0.16666666666666666,89,478,0,0.17225227102254065,14.75
TX_004390,STORE_02,CHK_023,3,80,1,0,26.666666666666668,0.3333333333333333,98,490,0,0.17230355145201232,14.74
TX_000287,STORE_09,CHK_011,8,126,1,0,15.75,0.125,111,524,0,0.17231771404086405,14.74
TX_000972,STORE_05,CHK_018,5,60,0,0,12.0,0.0,97,469,0,0.17235360625168283,14.73
TX_003030,STORE_07,CHK_003,4,149,0,0,37.25,0.0,97,492,0,0.17235757222237053,14.73
TX_003786,STORE_02,CHK_006,10,15,0,0,1.5,0.0,102,490,0,0.17233281840811515,14.73
TX_004876,STORE_09,CHK_047,15,76,0,0,5.066666666666666,0.0,95,524,0,0.17234270815502695,14.73
TX_000531,STORE_02,CHK_031,9,158,0,0,17.555555555555557,0.0,113,490,0,0.17242340678738172,14.71
TX_000505,STORE_03,CHK_042,10,81,1,0,8.1,0.1,95,535,0,0.17240891780874767,14.71
TX_004471,STORE_03,CHK_040,9,99,0,0,11.0,0.0,114,535,0,0.172432982586062,14.71
TX_003723,STORE_07,CHK_038,11,101,2,0,9.181818181818182,0.18181818181818182,92,492,0,0.17241721605085458,14.71
TX_001436,STORE_10,CHK_020,8,81,2,0,10.125,0.25,94,505,0,0.17241742628885975,14.71
TX_004634,STORE_06,CHK_010,6,23,0,0,3.8333333333333335,0.0,90,489,0,0.17245330826356342,14.7
TX_003222,STORE_09,CHK_020,14,128,0,0,9.142857142857142,0.0,94,524,0,0.1724784298210284,14.7
TX_003429,STORE_01,CHK_039,3,95,1,0,31.666666666666668,0.3333333333333333,103,509,0,0.17246355154317344,14.7
TX_004664,STORE_07,CHK_048,7,151,1,0,21.571428571428573,0.14285714285714285,113,492,0,0.17247869706581548,14.7
TX_001017,STORE_01,CHK_005,3,85,0,0,28.333333333333332,0.0,84,509,0,0.1725207459427086,14.69
TX_002544,STORE_06,CHK_048,2,87,0,0,43.5,0.0,113,489,0,0.1725378458917856,14.68
TX_001697,STORE_03,CHK_011,11,89,0,0,8.090909090909092,0.0,111,535,0,0.17253798356998784,14.68
TX_002921,STORE_04,CHK_003,3,40,0,0,13.333333333333334,0.0,97,478,0,0.17260819098711977,14.67
TX_002095,STORE_08,CHK_034,2,51,0,0,25.5,0.0,89,509,0,0.17265164237009406,14.66
TX_002608,STORE_05,CHK_037,4,86,0,0,21.5,0.0,99,469,0,0.17268778062726414,14.65
TX_003347,STORE_09,CHK_022,13,56,0,0,4.3076923076923075,0.0,106,524,0,0.1727483183813508,14.63
TX_002317,STORE_04,CHK_035,6,104,1,0,17.333333333333332,0.16666666666666666,114,478,0,0.1728171919292255,14.62
TX_000171,STORE_02,CHK_048,12,147,0,0,12.25,0.0,113,490,0,0.17279402870689758,14.62
TX_000099,STORE_09,CHK_038,9,144,0,0,16.0,0.0,92,524,0,0.17285375367496925,14.61
TX_002658,STORE_03,CHK_004,4,109,0,0,27.25,0.0,95,535,0,0.17285084746616014,14.61
TX_004918,STORE_06,CHK_037,13,155,0,0,11.923076923076923,0.0,99,489,0,0.17287571314013017,14.6
TX_000964,STORE_03,CHK_011,8,73,0,0,9.125,0.0,111,535,0,0.17291786566838907,14.59
TX_002191,STORE_09,CHK_003,4,41,0,0,10.25,0.0,97,524,0,0.17293081580154684,14.59
TX_003142,STORE_04,CHK_031,10,70,1,0,7.0,0.1,113,478,0,0.17298142166158414,14.58
TX_004295,STORE_08,CHK_012,7,147,0,0,21.0,0.0,87,509,0,0.17294791564718398,14.58
TX_003158,STORE_02,CHK_012,11,63,1,0,5.7272727272727275,0.09090909090909091,87,490,0,0.1730642197455285,14.56
TX_003366,STORE_08,CHK_028,2,111,0,0,55.5,0.0,102,509,0,0.17307653680977042,14.55
TX_000061,STORE_10,CHK_031,11,153,0,0,13.909090909090908,0.0,113,505,0,0.17307710447246993,14.55
TX_000970,STORE_05,CHK_011,9,83,0,0,9.222222222222221,0.0,111,469,0,0.1730724351339088,14.55
TX_004208,STORE_08,CHK_017,9,94,2,0,10.444444444444445,0.2222222222222222,107,509,0,0.17307993743303418,14.55
TX_001653,STORE_03,CHK_046,7,119,1,0,17.0,0.14285714285714285,104,535,0,0.1731324312506099,14.54
TX_001271,STORE_09,CHK_012,5,102,0,0,20.4,0.0,87,524,0,0.17318886551139967,14.53
TX_002996,STORE_03,CHK_022,10,130,0,0,13.0,0.0,106,535,0,0.17325273276262954,14.51
TX_003192,STORE_05,CHK_021,5,57,0,0,11.4,0.0,101,469,0,0.17326516526097024,14.51
TX_001404,STORE_01,CHK_038,2,82,0,0,41.0,0.0,92,509,0,0.17327825892497978,14.5
TX_003377,STORE_01,CHK_039,11,31,1,0,2.8181818181818183,0.09090909090909091,103,509,0,0.1732879324323887,14.5
TX_001989,STORE_06,CHK_042,12,92,2,0,7.666666666666667,0.16666666666666666,95,489,0,0.17334872996877748,14.49
TX_001394,STORE_08,CHK_035,6,138,1,0,23.0,0.16666666666666666,114,509,0,0.17337065354851,14.48
TX_004076,STORE_10,CHK_048,12,39,0,0,3.25,0.0,113,505,0,0.173409393622331,14.47
TX_002269,STORE_01,CHK_027,3,101,0,0,33.666666666666664,0.0,86,509,0,0.17347710405762035,14.46
TX_003600,STORE_10,CHK_037,11,81,2,0,7.363636363636363,0.18181818181818182,99,505,0,0.17345640927949424,14.46
TX_002832,STORE_04,CHK_042,12,124,1,0,10.333333333333334,0.08333333333333333,95,478,0,0.17345006163235538,14.46
TX_000755,STORE_02,CHK_024,8,159,0,0,19.875,0.0,92,490,0,0.17350962369974304,14.45
TX_000781,STORE_01,CHK_018,4,134,1,0,33.5,0.25,97,509,0,0.17355209004940592,14.44
TX_000545,STORE_02,CHK_008,14,97,0,0,6.928571428571429,0.0,85,490,0,0.17358517398021633,14.43
TX_003318,STORE_10,CHK_040,11,56,1,0,5.090909090909091,0.09090909090909091,114,505,0,0.1735947868301066,14.43
TX_003424,STORE_03,CHK_032,7,68,0,0,9.714285714285714,0.0,111,535,0,0.1735927320798326,14.43
TX_001524,STORE_01,CHK_010,7,35,1,0,5.0,0.14285714285714285,90,509,0,0.1736250366547245,14.42
TX_001294,STORE_10,CHK_029,6,145,1,0,24.166666666666668,0.16666666666666666,90,505,0,0.17363575483492127,14.42
TX_004475,STORE_04,CHK_019,11,100,1,0,9.090909090909092,0.09090909090909091,90,478,0,0.17361626166839855,14.42
TX_003631,STORE_01,CHK_040,5,126,1,0,25.2,0.2,114,509,0,0.17364207586761365,14.41
TX_002175,STORE_05,CHK_013,6,98,0,0,16.333333333333332,0.0,110,469,0,0.17370476007119212,14.4
TX_002186,STORE_05,CHK_046,12,91,0,0,7.583333333333333,0.0,104,469,0,0.17371486255715446,14.4
TX_002818,STORE_06,CHK_050,15,55,1,0,3.6666666666666665,0.06666666666666667,102,489,0,0.1737455407574316,14.39
TX_002992,STORE_03,CHK_034,10,102,0,0,10.2,0.0,89,535,0,0.17376116339101233,14.39
TX_004395,STORE_03,CHK_032,7,117,0,0,16.714285714285715,0.0,111,535,0,0.1737836841216452,14.38
TX_000984,STORE_07,CHK_027,9,143,0,0,15.88888888888889,0.0,86,492,0,0.17380334339107356,14.38
TX_000631,STORE_03,CHK_016,7,117,1,0,16.714285714285715,0.14285714285714285,104,535,0,0.17378871405501628,14.38
TX_004567,STORE_05,CHK_028,9,97,1,0,10.777777777777779,0.1111111111111111,102,469,0,0.17378540918425417,14.38
TX_002362,STORE_10,CHK_032,4,67,1,0,16.75,0.25,111,505,0,0.17379392628057,14.38
TX_001259,STORE_05,CHK_026,7,47,0,0,6.714285714285714,0.0,103,469,0,0.17382601470507925,14.37
TX_000020,STORE_03,CHK_039,10,57,0,0,5.7,0.0,103,535,0,0.1738484459483461,14.36
TX_000708,STORE_06,CHK_008,6,139,0,0,23.166666666666668,0.0,85,489,0,0.17387667737123624,14.36
TX_001189,STORE_10,CHK_019,4,63,1,0,15.75,0.25,90,505,0,0.1738546041181866,14.36
TX_001105,STORE_03,CHK_007,11,71,0,0,6.454545454545454,0.0,95,535,0,0.17386790175094075,14.36
TX_003381,STORE_01,CHK_040,4,96,1,0,24.0,0.25,114,509,0,0.1739266734635328,14.35
TX_003960,STORE_01,CHK_009,11,79,2,0,7.181818181818182,0.18181818181818182,98,509,0,0.17389863434330854,14.35
TX_003828,STORE_06,CHK_031,14,130,0,0,9.285714285714286,0.0,113,489,0,0.1739019518596862,14.35
TX_002918,STORE_04,CHK_045,3,70,0,0,23.333333333333332,0.0,91,478,0,0.1739691123147975,14.34
TX_004062,STORE_01,CHK_011,6,39,1,0,6.5,0.16666666666666666,111,509,0,0.1739391908187627,14.34
TX_000196,STORE_05,CHK_050,4,97,0,0,24.25,0.0,102,469,0,0.17393681364313512,14.34
TX_002537,STORE_02,CHK_047,12,101,2,0,8.416666666666666,0.16666666666666666,95,490,0,0.1739569135818298,14.34
TX_000732,STORE_05,CHK_028,12,102,0,0,8.5,0.0,102,469,0,0.17398963989368554,14.33
TX_003710,STORE_04,CHK_009,13,73,1,0,5.615384615384615,0.07692307692307693,98,478,0,0.1740428091722131,14.32
TX_004429,STORE_06,CHK_029,8,149,1,0,18.625,0.125,90,489,0,0.174013876366457,14.32
TX_001868,STORE_04,CHK_029,9,138,0,0,15.333333333333334,0.0,90,478,0,0.17407248012902893,14.31
TX_003646,STORE_06,CHK_021,9,159,1,0,17.666666666666668,0.1111111111111111,101,489,0,0.17406752316371582,14.31
TX_002912,STORE_09,CHK_031,6,104,1,0,17.333333333333332,0.16666666666666666,113,524,0,0.1740632738935165,14.31
TX_001667,STORE_05,CHK_022,9,53,0,0,5.888888888888889,0.0,106,469,0,0.17407711545853305,14.31
TX_000040,STORE_09,CHK_041,11,43,0,0,3.909090909090909,0.0,105,524,0,0.17408187936209218,14.31
TX_001696,STORE_07,CHK_006,10,27,1,0,2.7,0.1,102,492,0,0.17413259132920383,14.3
TX_002555,STORE_08,CHK_005,9,65,1,0,7.222222222222222,0.1111111111111111,84,509,0,0.1741069250911515,14.3
TX_003975,STORE_01,CHK_024,11,146,1,0,13.272727272727273,0.09090909090909091,92,509,0,0.17417310740887082,14.29
TX_003157,STORE_09,CHK_049,11,79,1,0,7.181818181818182,0.09090909090909091,91,524,0,0.17415753234071768,14.29
TX_000569,STORE_07,CHK_002,4,46,1,0,11.5,0.25,105,492,0,0.17417735805371948,14.28
TX_001894,STORE_02,CHK_034,2,68,0,0,34.0,0.0,89,490,0,0.1742194696507559,14.27
TX_002382,STORE_10,CHK_006,16,49,0,0,3.0625,0.0,102,505,0,0.17427119004741448,14.26
TX_003413,STORE_09,CHK_035,5,108,0,0,21.6,0.0,114,524,0,0.17429513356498316,14.26
TX_004500,STORE_01,CHK_008,11,105,1,0,9.545454545454545,0.09090909090909091,85,509,0,0.17426264365443067,14.26
TX_001005,STORE_08,CHK_009,6,15,0,0,2.5,0.0,98,509,0,0.17428340738970355,14.26
TX_003427,STORE_09,CHK_002,12,47,0,0,3.9166666666666665,0.0,105,524,0,0.17430546957986587,14.25
TX_003121,STORE_05,CHK_014,4,75,0,0,18.75,0.0,103,469,0,0.17430730977633047,14.25
TX_002852,STORE_06,CHK_023,6,163,0,0,27.166666666666668,0.0,98,489,0,0.17435174852851631,14.24
TX_001576,STORE_08,CHK_048,3,116,0,0,38.666666666666664,0.0,113,509,0,0.1744324829768722,14.22
TX_004911,STORE_06,CHK_031,6,25,0,0,4.166666666666667,0.0,113,489,0,0.17444655622131067,14.22
TX_000915,STORE_04,CHK_024,14,102,0,0,7.285714285714286,0.0,92,478,0,0.17451409544396018,14.2
TX_003531,STORE_07,CHK_007,12,98,2,0,8.166666666666666,0.16666666666666666,95,492,0,0.1745387034533556,14.2
TX_000650,STORE_07,CHK_038,2,84,0,0,42.0,0.0,92,492,0,0.17460279181445337,14.18
TX_004060,STORE_08,CHK_032,15,91,1,0,6.066666666666666,0.06666666666666667,111,509,0,0.1746185171530873,14.18
TX_004213,STORE_01,CHK_036,5,25,0,0,5.0,0.0,109,509,0,0.17460660854299753,14.18
TX_001241,STORE_09,CHK_037,12,63,1,0,5.25,0.08333333333333333,99,524,0,0.17466906200874416,14.17
TX_003795,STORE_05,CHK_042,6,56,0,0,9.333333333333334,0.0,95,469,0,0.1746640062605332,14.17
TX_003203,STORE_07,CHK_050,12,76,2,0,6.333333333333333,0.16666666666666666,102,492,0,0.17468733013202703,14.16
TX_002348,STORE_03,CHK_046,12,79,0,0,6.583333333333333,0.0,104,535,0,0.1746977982097268,14.16
TX_003224,STORE_05,CHK_023,11,65,0,0,5.909090909090909,0.0,98,469,0,0.17470511779063275,14.16
TX_003230,STORE_07,CHK_042,14,49,1,0,3.5,0.07142857142857142,95,492,0,0.1747232498249346,14.15
TX_003788,STORE_09,CHK_040,11,122,0,0,11.090909090909092,0.0,114,524,0,0.17474590676381319,14.15
TX_001903,STORE_07,CHK_040,4,93,1,0,23.25,0.25,114,492,0,0.17478509031120004,14.14
TX_000036,STORE_04,CHK_014,3,42,0,0,14.0,0.0,103,478,0,0.17476143865084887,14.14
TX_003794,STORE_03,CHK_021,5,54,0,0,10.8,0.0,101,535,0,0.17477601820725486,14.14
TX_000207,STORE_01,CHK_005,7,135,0,0,19.285714285714285,0.0,84,509,0,0.174805992964583,14.13
TX_004380,STORE_04,CHK_023,11,145,0,0,13.181818181818182,0.0,98,478,0,0.1748286555021637,14.13
TX_003907,STORE_05,CHK_013,9,99,0,0,11.0,0.0,110,469,0,0.17483037361237425,14.13
TX_001679,STORE_07,CHK_024,5,21,0,0,4.2,0.0,92,492,0,0.17484482082943814,14.12
TX_004684,STORE_08,CHK_023,11,81,2,0,7.363636363636363,0.18181818181818182,98,509,0,0.17491669723167896,14.11
TX_003853,STORE_04,CHK_031,3,77,0,0,25.666666666666668,0.0,113,478,0,0.1749427775619507,14.1
TX_002768,STORE_07,CHK_005,13,73,0,0,5.615384615384615,0.0,84,492,0,0.17495888124329323,14.1
TX_001365,STORE_08,CHK_048,11,35,0,0,3.1818181818181817,0.0,113,509,0,0.17496300452719066,14.09
TX_004353,STORE_03,CHK_015,7,137,0,0,19.571428571428573,0.0,104,535,0,0.17496676872328987,14.09
TX_003521,STORE_10,CHK_021,8,15,0,0,1.875,0.0,101,505,0,0.17499460637329672,14.09
TX_004337,STORE_04,CHK_040,10,106,1,0,10.6,0.1,114,478,0,0.17500919610675025,14.08
TX_000918,STORE_08,CHK_014,11,23,0,0,2.090909090909091,0.0,103,509,0,0.17500247633180238,14.08
TX_002900,STORE_09,CHK_048,6,125,0,0,20.833333333333332,0.0,113,524,0,0.17508029672293973,14.07
TX_001303,STORE_09,CHK_010,12,96,1,0,8.0,0.08333333333333333,90,524,0,0.1750666161253565,14.07
TX_004867,STORE_07,CHK_034,6,141,1,0,23.5,0.16666666666666666,89,492,0,0.17507421748240987,14.07
TX_000378,STORE_09,CHK_002,5,44,0,0,8.8,0.0,105,524,0,0.175095326166064,14.06
TX_004130,STORE_05,CHK_043,5,105,0,0,21.0,0.0,98,469,0,0.1751195034557375,14.06
TX_003122,STORE_09,CHK_023,4,39,0,0,9.75,0.0,98,524,0,0.17512490159549143,14.05
TX_004767,STORE_08,CHK_041,17,105,0,0,6.176470588235294,0.0,105,509,0,0.17517686582814124,14.04
TX_000300,STORE_07,CHK_026,12,83,2,0,6.916666666666667,0.16666666666666666,103,492,0,0.17518537501382614,14.04
TX_002468,STORE_01,CHK_031,13,123,1,0,9.461538461538462,0.07692307692307693,113,509,0,0.17521990634157042,14.03
TX_001234,STORE_07,CHK_041,15,125,1,0,8.333333333333334,0.06666666666666667,105,492,0,0.1752471771274965,14.03
TX_002235,STORE_01,CHK_008,11,95,1,0,8.636363636363637,0.09090909090909091,85,509,0,0.17520995205767842,14.03
TX_003042,STORE_08,CHK_035,5,34,0,0,6.8,0.0,114,509,0,0.1752841007506331,14.02
TX_001223,STORE_03,CHK_031,7,76,0,0,10.857142857142858,0.0,113,535,0,0.17525295790780293,14.02
TX_002894,STORE_07,CHK_010,11,152,0,0,13.818181818181818,0.0,90,492,0,0.17526011983886236,14.02
TX_003813,STORE_03,CHK_039,6,91,1,0,15.166666666666666,0.16666666666666666,103,535,0,0.17529504051996625,14.01
TX_001532,STORE_03,CHK_022,4,82,0,0,20.5,0.0,106,535,0,0.1754021107680358,13.99
TX_004026,STORE_08,CHK_001,5,65,1,0,13.0,0.2,116,509,0,0.17543854968927092,13.98
TX_004941,STORE_02,CHK_041,9,122,2,0,13.555555555555555,0.2222222222222222,105,490,0,0.1754129295691399,13.98
TX_002647,STORE_03,CHK_017,5,63,0,0,12.6,0.0,107,535,0,0.17542776951526895,13.98
TX_004555,STORE_03,CHK_003,8,117,1,0,14.625,0.125,97,535,0,0.17546234887101464,13.97
TX_001739,STORE_08,CHK_041,9,112,2,0,12.444444444444445,0.2222222222222222,105,509,0,0.1755298847329611,13.96
TX_004765,STORE_04,CHK_019,9,119,1,0,13.222222222222221,0.1111111111111111,90,478,0,0.17554112946257022,13.95
TX_004283,STORE_09,CHK_021,11,148,0,0,13.454545454545455,0.0,101,524,0,0.17555468552716869,13.95
TX_004094,STORE_07,CHK_005,10,80,1,0,8.0,0.1,84,492,0,0.1755498399132872,13.95
TX_004895,STORE_01,CHK_040,13,76,1,0,5.846153846153846,0.07692307692307693,114,509,0,0.1756680900373671,13.92
TX_001466,STORE_08,CHK_034,12,144,0,0,12.0,0.0,89,509,0,0.17568541892340134,13.92
TX_002997,STORE_10,CHK_011,4,94,1,0,23.5,0.25,111,505,0,0.1757630334661331,13.9
TX_003179,STORE_02,CHK_028,9,15,0,0,1.6666666666666667,0.0,102,490,0,0.17578614513107294,13.89
TX_000976,STORE_07,CHK_005,7,66,1,0,9.428571428571429,0.14285714285714285,84,492,0,0.17586408793250363,13.88
TX_001095,STORE_03,CHK_048,8,79,0,0,9.875,0.0,113,535,0,0.17586851152766025,13.87
TX_003908,STORE_07,CHK_001,6,35,0,0,5.833333333333333,0.0,116,492,0,0.17593488963543302,13.86
TX_001402,STORE_03,CHK_028,4,71,0,0,17.75,0.0,102,535,0,0.1759270613167057,13.86
TX_000617,STORE_03,CHK_047,6,97,1,0,16.166666666666668,0.16666666666666666,95,535,0,0.175947399857789,13.85
TX_002893,STORE_04,CHK_045,13,107,0,0,8.23076923076923,0.0,91,478,0,0.17596252977238303,13.85
TX_000364,STORE_10,CHK_015,9,86,2,0,9.555555555555555,0.2222222222222222,104,505,0,0.17597669646013714,13.85
TX_003933,STORE_07,CHK_021,15,128,1,0,8.533333333333333,0.06666666666666667,101,492,0,0.1759585895554921,13.85
TX_000640,STORE_04,CHK_015,10,53,1,0,5.3,0.1,104,478,0,0.17596283918068956,13.85
TX_003688,STORE_04,CHK_034,12,71,0,0,5.916666666666667,0.0,89,478,0,0.17603429055691094,13.83
TX_002579,STORE_03,CHK_011,6,90,0,0,15.0,0.0,111,535,0,0.17605950534918358,13.83
TX_003929,STORE_04,CHK_038,6,41,0,0,6.833333333333333,0.0,92,478,0,0.17610520492067067,13.82
TX_004512,STORE_09,CHK_001,8,113,0,0,14.125,0.0,116,524,0,0.17608921613378387,13.82
TX_000311,STORE_02,CHK_023,9,125,2,0,13.88888888888889,0.2222222222222222,98,490,0,0.17610153110958965,13.82
TX_000384,STORE_08,CHK_040,13,53,0,0,4.076923076923077,0.0,114,509,0,0.1760716223905439,13.82
TX_003500,STORE_04,CHK_039,9,140,1,0,15.555555555555555,0.1111111111111111,103,478,0,0.17609249962792245,13.82
TX_003238,STORE_08,CHK_016,5,146,1,0,29.2,0.2,104,509,0,0.17609273593391817,13.82
TX_002217,STORE_03,CHK_050,10,94,1,0,9.4,0.1,102,535,0,0.17611736660052718,13.81
TX_001279,STORE_02,CHK_029,3,115,0,0,38.333333333333336,0.0,90,490,0,0.17614405976518238,13.81
TX_000608,STORE_06,CHK_042,9,110,2,0,12.222222222222221,0.2222222222222222,95,489,0,0.1761621493258289,13.8
TX_001660,STORE_06,CHK_020,15,76,1,0,5.066666666666666,0.06666666666666667,94,489,0,0.17621181410148734,13.79
TX_003961,STORE_02,CHK_031,4,78,1,0,19.5,0.25,113,490,0,0.17625056364623926,13.78
TX_004558,STORE_04,CHK_012,6,90,0,0,15.0,0.0,87,478,0,0.17623703894011283,13.78
TX_003927,STORE_05,CHK_023,5,80,0,0,16.0,0.0,98,469,0,0.1762977618933415,13.77
TX_001932,STORE_07,CHK_017,14,136,1,0,9.714285714285714,0.07142857142857142,107,492,0,0.17630073754958248,13.77
TX_003830,STORE_06,CHK_018,8,97,2,0,12.125,0.25,97,489,0,0.17632296169445816,13.76
TX_000187,STORE_10,CHK_046,9,111,2,0,12.333333333333334,0.2222222222222222,104,505,0,0.17638522523219508,13.75
TX_004848,STORE_09,CHK_023,5,53,1,0,10.6,0.2,98,524,0,0.17638986502727794,13.75
TX_001046,STORE_07,CHK_032,6,24,0,0,4.0,0.0,111,492,0,0.1763871010934046,13.75
TX_001390,STORE_10,CHK_012,7,52,1,0,7.428571428571429,0.14285714285714285,87,505,0,0.17647675645628158,13.73
TX_002043,STORE_07,CHK_001,5,75,1,0,15.0,0.2,116,492,0,0.17648537287443683,13.72
TX_003666,STORE_05,CHK_007,5,96,0,0,19.2,0.0,95,469,0,0.17653713787441588,13.71
TX_003618,STORE_05,CHK_036,9,104,0,0,11.555555555555555,0.0,109,469,0,0.17657595757654898,13.7
TX_001432,STORE_09,CHK_037,12,48,0,0,4.0,0.0,99,524,0,0.1766242973201984,13.69
TX_002351,STORE_08,CHK_050,5,156,0,0,31.2,0.0,102,509,0,0.1766297674527752,13.69
TX_000053,STORE_10,CHK_021,4,51,1,0,12.75,0.25,101,505,0,0.1766535728113927,13.68
TX_001104,STORE_01,CHK_037,16,87,1,0,5.4375,0.0625,99,509,0,0.17668644950512397,13.68
TX_004049,STORE_10,CHK_048,9,145,1,0,16.11111111111111,0.1111111111111111,113,505,0,0.17669216654855252,13.67
TX_003721,STORE_08,CHK_003,13,148,1,0,11.384615384615385,0.07692307692307693,97,509,0,0.17669730130150785,13.67
TX_001945,STORE_10,CHK_047,10,157,1,0,15.7,0.1,95,505,0,0.17670518229001098,13.67
TX_001850,STORE_03,CHK_037,9,54,0,0,6.0,0.0,99,535,0,0.1767156882424359,13.67
TX_001124,STORE_04,CHK_041,5,66,1,0,13.2,0.2,105,478,0,0.17674764374349067,13.66
TX_003997,STORE_04,CHK_015,15,93,0,0,6.2,0.0,104,478,0,0.17675870155828288,13.66
TX_001120,STORE_09,CHK_002,6,39,0,0,6.5,0.0,105,524,0,0.17679026092587452,13.65
TX_004906,STORE_04,CHK_020,5,80,1,0,16.0,0.2,94,478,0,0.17677039109393206,13.65
TX_001450,STORE_08,CHK_035,12,64,1,0,5.333333333333333,0.08333333333333333,114,509,0,0.17682734803281164,13.64
TX_004364,STORE_06,CHK_005,5,52,0,0,10.4,0.0,84,489,0,0.1768755628510006,13.63
TX_000117,STORE_07,CHK_045,13,53,1,0,4.076923076923077,0.07692307692307693,91,492,0,0.17688328161968336,13.63
TX_000324,STORE_08,CHK_047,2,97,0,0,48.5,0.0,95,509,0,0.1769087630727862,13.62
TX_004340,STORE_01,CHK_021,16,106,1,0,6.625,0.0625,101,509,0,0.1769452614950457,13.61
TX_000073,STORE_08,CHK_042,2,33,0,0,16.5,0.0,95,509,0,0.17699358531069848,13.6
TX_001083,STORE_02,CHK_027,7,34,0,0,4.857142857142857,0.0,86,490,0,0.17699156677824018,13.6
TX_000525,STORE_08,CHK_021,11,116,2,0,10.545454545454545,0.18181818181818182,101,509,0,0.17699907552308286,13.6
TX_002123,STORE_04,CHK_045,12,119,0,0,9.916666666666666,0.0,91,478,0,0.17706602129081944,13.58
TX_002390,STORE_02,CHK_013,3,122,0,0,40.666666666666664,0.0,110,490,0,0.17709369911732448,13.58
TX_004044,STORE_03,CHK_010,7,69,0,0,9.857142857142858,0.0,90,535,0,0.1770980150663709,13.58
TX_001298,STORE_05,CHK_042,11,86,0,0,7.818181818181818,0.0,95,469,0,0.17710132339339213,13.57
TX_004827,STORE_10,CHK_011,4,82,1,0,20.5,0.25,111,505,0,0.17713580159103737,13.57
TX_004381,STORE_05,CHK_015,5,83,0,0,16.6,0.0,104,469,0,0.17713966527451358,13.57
TX_002902,STORE_02,CHK_014,7,96,2,0,13.714285714285714,0.2857142857142857,103,490,0,0.1771014494662113,13.57
TX_002367,STORE_10,CHK_036,9,38,1,0,4.222222222222222,0.1111111111111111,109,505,0,0.17711081605402212,13.57
TX_004794,STORE_04,CHK_019,6,81,1,0,13.5,0.16666666666666666,90,478,0,0.17716500544177394,13.56
TX_000847,STORE_05,CHK_004,11,89,0,0,8.090909090909092,0.0,95,469,0,0.17721824889520715,13.55
TX_004302,STORE_06,CHK_003,2,100,0,0,50.0,0.0,97,489,0,0.17723706880563123,13.54
TX_001238,STORE_08,CHK_013,14,120,1,0,8.571428571428571,0.07142857142857142,110,509,0,0.1772541574378183,13.54
TX_000995,STORE_09,CHK_017,7,130,1,0,18.571428571428573,0.14285714285714285,107,524,0,0.17729141338803617,13.53
TX_001368,STORE_10,CHK_003,11,95,2,0,8.636363636363637,0.18181818181818182,97,505,0,0.17734048822724485,13.52
TX_001721,STORE_02,CHK_008,7,116,1,0,16.571428571428573,0.14285714285714285,85,490,0,0.17733721629830862,13.52
TX_001200,STORE_05,CHK_043,8,52,0,0,6.5,0.0,98,469,0,0.177387922590651,13.5
TX_004256,STORE_04,CHK_007,5,138,0,0,27.6,0.0,95,478,0,0.17739251692882607,13.5
TX_000518,STORE_03,CHK_049,10,115,0,0,11.5,0.0,91,535,0,0.17743433505087136,13.49
TX_001670,STORE_07,CHK_037,10,123,2,0,12.3,0.2,99,492,0,0.17746312649559548,13.49
TX_001267,STORE_07,CHK_024,13,40,0,0,3.076923076923077,0.0,92,492,0,0.17743049556806328,13.49
TX_004233,STORE_05,CHK_028,10,116,0,0,11.6,0.0,102,469,0,0.17745779361568248,13.49
TX_004480,STORE_10,CHK_016,11,161,0,0,14.636363636363637,0.0,104,505,0,0.17747185823264805,13.48
TX_004218,STORE_06,CHK_001,5,89,1,0,17.8,0.2,116,489,0,0.17747791618867692,13.48
TX_002937,STORE_02,CHK_035,12,136,0,0,11.333333333333334,0.0,114,490,0,0.17751813478699308,13.47
TX_002732,STORE_05,CHK_037,9,52,0,0,5.777777777777778,0.0,99,469,0,0.17757686167010261,13.46
TX_004715,STORE_04,CHK_012,6,98,0,0,16.333333333333332,0.0,87,478,0,0.17762173530813263,13.45
TX_001993,STORE_03,CHK_048,8,95,0,0,11.875,0.0,113,535,0,0.17762521646003893,13.45
TX_004065,STORE_10,CHK_024,11,149,0,0,13.545454545454545,0.0,92,505,0,0.17771589999401965,13.43
TX_000166,STORE_07,CHK_048,16,82,0,0,5.125,0.0,113,492,0,0.1777552211927541,13.42
TX_004524,STORE_03,CHK_049,8,71,0,0,8.875,0.0,91,535,0,0.17779628994240332,13.41
TX_000227,STORE_07,CHK_021,12,92,2,0,7.666666666666667,0.16666666666666666,101,492,0,0.17777255091101696,13.41
TX_000058,STORE_02,CHK_035,6,135,1,0,22.5,0.16666666666666666,114,490,0,0.17782455565458866,13.4
TX_001889,STORE_10,CHK_029,4,72,1,0,18.0,0.25,90,505,0,0.177825897528048,13.4
TX_000715,STORE_05,CHK_009,5,97,0,0,19.4,0.0,98,469,0,0.17781357137792209,13.4
TX_003029,STORE_04,CHK_038,6,66,1,0,11.0,0.16666666666666666,92,478,0,0.17780087342959766,13.4
TX_001514,STORE_06,CHK_042,9,82,2,0,9.11111111111111,0.2222222222222222,95,489,0,0.17790743323623615,13.38
TX_002872,STORE_05,CHK_047,6,71,0,0,11.833333333333334,0.0,95,469,0,0.17791249479130705,13.38
TX_003736,STORE_10,CHK_050,3,26,0,0,8.666666666666666,0.0,102,505,0,0.17788534164385367,13.38
TX_001895,STORE_06,CHK_046,4,121,1,0,30.25,0.25,104,489,0,0.1779495928144435,13.37
TX_004629,STORE_03,CHK_014,8,55,0,0,6.875,0.0,103,535,0,0.17795793722558334,13.37
TX_001434,STORE_10,CHK_005,11,110,0,0,10.0,0.0,84,505,0,0.17792633067759583,13.37
TX_000472,STORE_02,CHK_043,16,106,1,0,6.625,0.0625,98,490,0,0.17796462290173654,13.36
TX_001424,STORE_02,CHK_045,6,35,1,0,5.833333333333333,0.16666666666666666,91,490,0,0.17808384278335498,13.34
TX_001623,STORE_10,CHK_012,14,107,0,0,7.642857142857143,0.0,87,505,0,0.17806561262501625,13.34
TX_003174,STORE_09,CHK_035,6,62,0,0,10.333333333333334,0.0,114,524,0,0.1780522775692408,13.34
TX_001430,STORE_06,CHK_039,14,52,1,0,3.7142857142857144,0.07142857142857142,103,489,0,0.1781095845177884,13.33
TX_003748,STORE_07,CHK_008,4,110,0,0,27.5,0.0,85,492,0,0.17812843463287742,13.33
TX_001969,STORE_08,CHK_013,8,155,1,0,19.375,0.125,110,509,0,0.17815388674049687,13.32
TX_002325,STORE_03,CHK_013,10,92,0,0,9.2,0.0,110,535,0,0.17818264184443533,13.31
TX_004575,STORE_01,CHK_049,3,117,0,0,39.0,0.0,91,509,0,0.17822788162669567,13.3
TX_001552,STORE_05,CHK_018,9,114,0,0,12.666666666666666,0.0,97,469,0,0.17823959937207073,13.3
TX_002226,STORE_04,CHK_024,13,104,0,0,8.0,0.0,92,478,0,0.1782147807524479,13.3
TX_003138,STORE_02,CHK_008,12,118,0,0,9.833333333333334,0.0,85,490,0,0.1782256544071773,13.3
TX_001879,STORE_04,CHK_036,10,118,1,0,11.8,0.1,109,478,0,0.17826571620200582,13.29
TX_001383,STORE_01,CHK_023,8,113,2,0,14.125,0.25,98,509,0,0.17826322206452844,13.29
TX_002806,STORE_06,CHK_007,3,122,0,0,40.666666666666664,0.0,95,489,0,0.17830607767938866,13.28
TX_002444,STORE_09,CHK_004,3,96,0,0,32.0,0.0,95,524,0,0.17834803534043203,13.27
TX_001759,STORE_03,CHK_031,8,90,0,0,11.25,0.0,113,535,0,0.17837542871476875,13.27
TX_001680,STORE_04,CHK_036,6,41,0,0,6.833333333333333,0.0,109,478,0,0.17838384264204277,13.26
TX_000827,STORE_09,CHK_024,4,109,0,0,27.25,0.0,92,524,0,0.17838742644853273,13.26
TX_000470,STORE_07,CHK_011,13,55,1,0,4.230769230769231,0.07692307692307693,111,492,0,0.1784743119594609,13.24
TX_001226,STORE_04,CHK_011,9,46,0,0,5.111111111111111,0.0,111,478,0,0.17850908353558909,13.23
TX_002585,STORE_05,CHK_002,6,66,0,0,11.0,0.0,105,469,0,0.1785241595502356,13.23
TX_004510,STORE_04,CHK_029,4,100,0,0,25.0,0.0,90,478,0,0.17856574314526025,13.22
TX_003040,STORE_05,CHK_023,5,88,0,0,17.6,0.0,98,469,0,0.1785430250077174,13.22
TX_004003,STORE_03,CHK_028,11,77,0,0,7.0,0.0,102,535,0,0.17855907875458998,13.22
TX_001586,STORE_08,CHK_003,2,97,0,0,48.5,0.0,97,509,0,0.17857460546681037,13.22
TX_001470,STORE_07,CHK_047,2,99,0,0,49.5,0.0,95,492,0,0.17854058731823091,13.22
TX_004784,STORE_05,CHK_002,9,61,0,0,6.777777777777778,0.0,105,469,0,0.17855138402884468,13.22
TX_000428,STORE_10,CHK_013,5,142,0,0,28.4,0.0,110,505,0,0.17861386937762552,13.21
TX_000815,STORE_06,CHK_004,10,99,2,0,9.9,0.2,95,489,0,0.17858634045328148,13.21
TX_001762,STORE_04,CHK_018,11,41,0,0,3.727272727272727,0.0,97,478,0,0.17858260407972165,13.21
TX_001757,STORE_05,CHK_020,8,106,0,0,13.25,0.0,94,469,0,0.17859978634290052,13.21
TX_001826,STORE_07,CHK_013,3,121,0,0,40.333333333333336,0.0,110,492,0,0.1786464208692588,13.2
TX_002453,STORE_08,CHK_001,6,43,0,0,7.166666666666667,0.0,116,509,0,0.17865444434852584,13.2
TX_002986,STORE_04,CHK_045,12,64,0,0,5.333333333333333,0.0,91,478,0,0.17864502444595276,13.2
TX_004012,STORE_10,CHK_020,10,36,1,0,3.6,0.1,94,505,0,0.17863419185812107,13.2
TX_000878,STORE_09,CHK_032,6,89,1,0,14.833333333333334,0.16666666666666666,111,524,0,0.17868216249460195,13.19
TX_001209,STORE_05,CHK_041,6,112,0,0,18.666666666666668,0.0,105,469,0,0.17867177819858976,13.19
TX_000401,STORE_06,CHK_013,8,25,0,0,3.125,0.0,110,489,0,0.17868820455064682,13.19
TX_000802,STORE_09,CHK_010,7,134,0,0,19.142857142857142,0.0,90,524,0,0.17877538986059532,13.17
TX_003718,STORE_03,CHK_021,9,102,1,0,11.333333333333334,0.1111111111111111,101,535,0,0.17875459583426584,13.17
TX_000085,STORE_10,CHK_024,16,92,0,0,5.75,0.0,92,505,0,0.17880067485042545,13.16
TX_000407,STORE_08,CHK_011,16,99,0,0,6.1875,0.0,111,509,0,0.1787984567011623,13.16
TX_000594,STORE_03,CHK_043,8,130,0,0,16.25,0.0,98,535,0,0.1787882986214322,13.16
TX_000308,STORE_06,CHK_013,2,71,0,0,35.5,0.0,110,489,0,0.17884724013145475,13.15
TX_000211,STORE_02,CHK_023,8,90,2,0,11.25,0.25,98,490,0,0.17885740738130868,13.15
TX_000381,STORE_10,CHK_016,9,96,2,0,10.666666666666666,0.2222222222222222,104,505,0,0.1788927795677952,13.14
TX_003572,STORE_09,CHK_018,7,139,1,0,19.857142857142858,0.14285714285714285,97,524,0,0.17892441703352857,13.13
TX_001852,STORE_05,CHK_039,5,83,0,0,16.6,0.0,103,469,0,0.17892985991917293,13.13
TX_003485,STORE_08,CHK_029,12,144,0,0,12.0,0.0,90,509,0,0.1789366608611208,13.13
TX_003298,STORE_06,CHK_046,5,141,1,0,28.2,0.2,104,489,0,0.17895537641107667,13.12
TX_004383,STORE_04,CHK_004,12,77,1,0,6.416666666666667,0.08333333333333333,95,478,0,0.1789817458708577,13.12
TX_002817,STORE_01,CHK_001,10,141,0,0,14.1,0.0,116,509,0,0.17898607069533423,13.12
TX_001625,STORE_03,CHK_036,10,110,0,0,11.0,0.0,109,535,0,0.17902238240289875,13.11
TX_003245,STORE_10,CHK_042,3,124,0,0,41.333333333333336,0.0,95,505,0,0.17903446232962777,13.1
TX_004857,STORE_02,CHK_029,11,33,0,0,3.0,0.0,90,490,0,0.17906176727582057,13.1
TX_002287,STORE_06,CHK_019,14,51,0,0,3.642857142857143,0.0,90,489,0,0.17904752008572294,13.1
TX_002994,STORE_05,CHK_018,9,112,0,0,12.444444444444445,0.0,97,469,0,0.17909351250871325,13.09
TX_002267,STORE_01,CHK_012,6,140,0,0,23.333333333333332,0.0,87,509,0,0.17916439100561188,13.07
TX_004816,STORE_08,CHK_034,12,141,0,0,11.75,0.0,89,509,0,0.17916602322731873,13.07
TX_004673,STORE_09,CHK_022,4,50,0,0,12.5,0.0,106,524,0,0.17924136278755548,13.05
TX_000175,STORE_09,CHK_047,3,65,0,0,21.666666666666668,0.0,95,524,0,0.17930983169240067,13.04
TX_003546,STORE_05,CHK_042,10,102,0,0,10.2,0.0,95,469,0,0.17932829965961378,13.03
TX_002385,STORE_08,CHK_037,15,135,0,0,9.0,0.0,99,509,0,0.17932239330956812,13.03
TX_003115,STORE_06,CHK_005,9,89,1,0,9.88888888888889,0.1111111111111111,84,489,0,0.17938491924586347,13.02
TX_000269,STORE_01,CHK_048,6,149,0,0,24.833333333333332,0.0,113,509,0,0.17936984691406366,13.02
TX_000405,STORE_01,CHK_007,8,86,2,0,10.75,0.25,95,509,0,0.17941855192917167,13.01
TX_001203,STORE_02,CHK_001,3,65,0,0,21.666666666666668,0.0,116,490,0,0.17941031762050258,13.01
TX_002916,STORE_07,CHK_014,7,15,0,0,2.142857142857143,0.0,103,492,0,0.17947724362193435,13.0
TX_000119,STORE_09,CHK_010,10,108,1,0,10.8,0.1,90,524,0,0.1794797673271356,13.0
TX_003817,STORE_07,CHK_020,3,30,0,0,10.0,0.0,94,492,0,0.17952295077493335,12.99
TX_004685,STORE_06,CHK_038,13,44,0,0,3.3846153846153846,0.0,92,489,0,0.17955791056851877,12.98
TX_003316,STORE_01,CHK_010,3,109,0,0,36.333333333333336,0.0,90,509,0,0.17954454466513492,12.98
TX_002464,STORE_06,CHK_036,12,145,0,0,12.083333333333334,0.0,109,489,0,0.17960528072468612,12.97
TX_001963,STORE_03,CHK_029,8,109,0,0,13.625,0.0,90,535,0,0.17961549282366418,12.96
TX_003402,STORE_09,CHK_004,13,63,0,0,4.846153846153846,0.0,95,524,0,0.17961479564672017,12.96
TX_004212,STORE_08,CHK_001,11,76,1,0,6.909090909090909,0.09090909090909091,116,509,0,0.1796398850650811,12.96
TX_003133,STORE_08,CHK_005,6,90,1,0,15.0,0.16666666666666666,84,509,0,0.17966318851298663,12.95
TX_000567,STORE_08,CHK_013,2,61,0,0,30.5,0.0,110,509,0,0.17966586339539115,12.95
TX_000190,STORE_09,CHK_043,4,124,0,0,31.0,0.0,98,524,0,0.17970954864477762,12.94
TX_002140,STORE_03,CHK_050,4,91,0,0,22.75,0.0,102,535,0,0.17970285193613988,12.94
TX_000132,STORE_05,CHK_020,10,89,0,0,8.9,0.0,94,469,0,0.179715923866677,12.94
TX_003329,STORE_09,CHK_015,4,124,0,0,31.0,0.0,104,524,0,0.1797498811042491,12.93
TX_000473,STORE_10,CHK_047,9,23,0,0,2.5555555555555554,0.0,95,505,0,0.1797652442823593,12.93
TX_000550,STORE_04,CHK_040,8,124,0,0,15.5,0.0,114,478,0,0.17974287557817026,12.93
TX_002405,STORE_03,CHK_003,6,57,0,0,9.5,0.0,97,535,0,0.17977170365298512,12.93
TX_003102,STORE_02,CHK_038,10,40,1,0,4.0,0.1,92,490,0,0.17978422103030028,12.92
TX_000107,STORE_02,CHK_030,7,99,1,0,14.142857142857142,0.14285714285714285,84,490,0,0.17981308552455488,12.92
TX_000503,STORE_07,CHK_003,5,33,1,0,6.6,0.2,97,492,0,0.179812062995864,12.92
TX_001186,STORE_04,CHK_040,8,95,1,0,11.875,0.125,114,478,0,0.17978466793081732,12.92
TX_003116,STORE_10,CHK_028,7,158,1,0,22.571428571428573,0.14285714285714285,102,505,0,0.17977714833345,12.92
TX_001154,STORE_09,CHK_026,11,70,1,0,6.363636363636363,0.09090909090909091,103,524,0,0.17984732092180783,12.91
TX_003709,STORE_10,CHK_042,16,118,0,0,7.375,0.0,95,505,0,0.17985550120914012,12.91
TX_002703,STORE_06,CHK_002,16,63,0,0,3.9375,0.0,105,489,0,0.17982073634196694,12.91
TX_004706,STORE_03,CHK_028,8,82,1,0,10.25,0.125,102,535,0,0.17993268144345892,12.89
TX_003649,STORE_09,CHK_021,11,143,0,0,13.0,0.0,101,524,0,0.17993731811967184,12.89
TX_003379,STORE_10,CHK_042,3,122,0,0,40.666666666666664,0.0,95,505,0,0.17992612624757842,12.89
TX_003015,STORE_06,CHK_001,8,39,0,0,4.875,0.0,116,489,0,0.17992107942955216,12.89
TX_004420,STORE_04,CHK_031,6,48,0,0,8.0,0.0,113,478,0,0.179976094897626,12.88
TX_001781,STORE_08,CHK_048,14,61,0,0,4.357142857142857,0.0,113,509,0,0.17996664793777056,12.88
TX_001633,STORE_01,CHK_019,13,48,0,0,3.6923076923076925,0.0,90,509,0,0.18000273848025522,12.87
TX_004082,STORE_03,CHK_018,9,84,1,0,9.333333333333334,0.1111111111111111,97,535,0,0.18001795615985733,12.87
TX_000122,STORE_02,CHK_019,3,110,0,0,36.666666666666664,0.0,90,490,0,0.18000362401541603,12.87
TX_000436,STORE_07,CHK_027,4,49,0,0,12.25,0.0,86,492,0,0.17999886082781952,12.87
TX_004773,STORE_09,CHK_013,5,58,0,0,11.6,0.0,110,524,0,0.18004706423456185,12.86
TX_004363,STORE_01,CHK_016,5,144,1,0,28.8,0.2,104,509,0,0.18009599731211706,12.85
TX_002564,STORE_07,CHK_001,7,127,1,0,18.142857142857142,0.14285714285714285,116,492,0,0.18009025516219718,12.85
TX_001594,STORE_08,CHK_049,8,37,1,0,4.625,0.125,91,509,0,0.1800851573623573,12.85
TX_004539,STORE_02,CHK_001,9,55,1,0,6.111111111111111,0.1111111111111111,116,490,0,0.18010201497546552,12.85
TX_003339,STORE_04,CHK_036,9,43,0,0,4.777777777777778,0.0,109,478,0,0.18012324755802456,12.84
TX_004746,STORE_09,CHK_050,12,50,0,0,4.166666666666667,0.0,102,524,0,0.1801199420539264,12.84
TX_000295,STORE_07,CHK_020,4,110,1,0,27.5,0.25,94,492,0,0.18022335873485024,12.82
TX_002075,STORE_02,CHK_030,11,63,0,0,5.7272727272727275,0.0,84,490,0,0.18033964383071954,12.79
TX_002699,STORE_05,CHK_043,9,59,0,0,6.555555555555555,0.0,98,469,0,0.1803183243727829,12.79
TX_001577,STORE_09,CHK_020,13,96,1,0,7.384615384615385,0.07692307692307693,94,524,0,0.18034208848318656,12.79
TX_003987,STORE_07,CHK_022,2,100,0,0,50.0,0.0,106,492,0,0.18035653577652938,12.78
TX_001417,STORE_10,CHK_009,8,18,0,0,2.25,0.0,98,505,0,0.18050894389672528,12.75
TX_002463,STORE_03,CHK_020,5,110,0,0,22.0,0.0,94,535,0,0.18049944281845648,12.75
TX_001263,STORE_01,CHK_034,4,93,1,0,23.25,0.25,89,509,0,0.18047612198402635,12.75
TX_001282,STORE_09,CHK_049,4,64,0,0,16.0,0.0,91,524,0,0.18050392816960986,12.75
TX_003072,STORE_01,CHK_042,12,146,1,0,12.166666666666666,0.08333333333333333,95,509,0,0.18053166614332622,12.74
TX_001257,STORE_03,CHK_045,6,106,0,0,17.666666666666668,0.0,91,535,0,0.18052050445256962,12.74
TX_000512,STORE_09,CHK_023,9,41,0,0,4.555555555555555,0.0,98,524,0,0.18052736292535437,12.74
TX_001428,STORE_05,CHK_028,10,67,0,0,6.7,0.0,102,469,0,0.1805699566575938,12.73
TX_003840,STORE_06,CHK_006,11,150,1,0,13.636363636363637,0.09090909090909091,102,489,0,0.18058193600584255,12.73
TX_002645,STORE_09,CHK_043,10,139,1,0,13.9,0.1,98,524,0,0.18056946627911835,12.73
TX_002300,STORE_10,CHK_045,11,139,1,0,12.636363636363637,0.09090909090909091,91,505,0,0.18058649943599775,12.73
TX_002395,STORE_06,CHK_009,10,160,0,0,16.0,0.0,98,489,0,0.18061723290163084,12.72
TX_000934,STORE_06,CHK_032,11,147,0,0,13.363636363636363,0.0,111,489,0,0.18062555288847743,12.72
TX_002092,STORE_02,CHK_036,4,73,1,0,18.25,0.25,109,490,0,0.1805981400012857,12.72
TX_004035,STORE_08,CHK_026,2,94,0,0,47.0,0.0,103,509,0,0.18064812923880924,12.71
TX_004921,STORE_04,CHK_048,8,109,1,0,13.625,0.125,113,478,0,0.18064022282792247,12.71
TX_001519,STORE_08,CHK_026,2,94,0,0,47.0,0.0,103,509,0,0.18064812923880924,12.71
TX_003125,STORE_06,CHK_001,6,129,0,0,21.5,0.0,116,489,0,0.18071973687104648,12.7
TX_001692,STORE_03,CHK_049,10,91,0,0,9.1,0.0,91,535,0,0.18072083779997927,12.7
TX_001768,STORE_10,CHK_017,4,30,0,0,7.5,0.0,107,505,0,0.18068695568571497,12.7
TX_003615,STORE_07,CHK_017,15,113,1,0,7.533333333333333,0.06666666666666667,107,492,0,0.18075989266301218,12.69
TX_001744,STORE_06,CHK_038,4,73,1,0,18.25,0.25,92,489,0,0.18073649935108382,12.69
TX_000480,STORE_04,CHK_020,8,129,1,0,16.125,0.125,94,478,0,0.18074377359495147,12.69
TX_003256,STORE_03,CHK_023,12,90,0,0,7.5,0.0,98,535,0,0.18073295630290326,12.69
TX_004947,STORE_06,CHK_013,11,51,1,0,4.636363636363637,0.09090909090909091,110,489,0,0.1807398957801502,12.69
TX_003690,STORE_09,CHK_024,4,106,0,0,26.5,0.0,92,524,0,0.18079224694914292,12.68
TX_000611,STORE_01,CHK_043,11,38,1,0,3.4545454545454546,0.09090909090909091,98,509,0,0.18079364446691792,12.68
TX_004535,STORE_03,CHK_018,9,88,1,0,9.777777777777779,0.1111111111111111,97,535,0,0.1808165254407097,12.67
TX_001278,STORE_09,CHK_048,5,74,0,0,14.8,0.0,113,524,0,0.18082066165709942,12.67
TX_002250,STORE_06,CHK_035,13,90,1,0,6.923076923076923,0.07692307692307693,114,489,0,0.18087024675358265,12.66
TX_003268,STORE_06,CHK_014,13,50,1,0,3.8461538461538463,0.07692307692307693,103,489,0,0.18088101557389363,12.66
TX_004368,STORE_04,CHK_036,6,88,1,0,14.666666666666666,0.16666666666666666,109,478,0,0.18092277773760196,12.65
TX_001239,STORE_01,CHK_046,5,155,0,0,31.0,0.0,104,509,0,0.18092276784547262,12.65
TX_000668,STORE_03,CHK_013,8,104,0,0,13.0,0.0,110,535,0,0.18096203370416242,12.64
TX_002624,STORE_09,CHK_017,12,103,1,0,8.583333333333334,0.08333333333333333,107,524,0,0.1809531081361901,12.64
TX_002178,STORE_08,CHK_040,6,56,1,0,9.333333333333334,0.16666666666666666,114,509,0,0.18095383971941564,12.64
TX_000404,STORE_10,CHK_035,11,135,0,0,12.272727272727273,0.0,114,505,0,0.18097901069222833,12.63
TX_001288,STORE_04,CHK_032,8,75,1,0,9.375,0.125,111,478,0,0.18099363486518133,12.63
TX_000814,STORE_05,CHK_043,9,63,0,0,7.0,0.0,98,469,0,0.1809835896263675,12.63
TX_003130,STORE_03,CHK_007,5,69,0,0,13.8,0.0,95,535,0,0.18104959362095557,12.62
TX_002710,STORE_03,CHK_004,5,69,0,0,13.8,0.0,95,535,0,0.18104959362095557,12.62
TX_000694,STORE_09,CHK_034,7,100,1,0,14.285714285714286,0.14285714285714285,89,524,0,0.18107235573048808,12.61
TX_002715,STORE_06,CHK_001,7,118,1,0,16.857142857142858,0.14285714285714285,116,489,0,0.18105801657848947,12.61
TX_002129,STORE_04,CHK_032,6,127,0,0,21.166666666666668,0.0,111,478,0,0.18111169536608956,12.6
TX_003764,STORE_09,CHK_038,6,69,1,0,11.5,0.16666666666666666,92,524,0,0.1811636892221064,12.59
TX_002704,STORE_08,CHK_040,9,133,1,0,14.777777777777779,0.1111111111111111,114,509,0,0.18113344441736462,12.59
TX_003726,STORE_07,CHK_001,12,91,1,0,7.583333333333333,0.08333333333333333,116,492,0,0.18115001595808877,12.59
TX_002153,STORE_09,CHK_003,6,43,0,0,7.166666666666667,0.0,97,524,0,0.18121501370379056,12.58
TX_001812,STORE_02,CHK_008,13,90,0,0,6.923076923076923,0.0,85,490,0,0.1812030193426512,12.58
TX_000799,STORE_08,CHK_027,6,111,1,0,18.5,0.16666666666666666,86,509,0,0.1812356461973022,12.57
TX_004460,STORE_01,CHK_040,5,115,1,0,23.0,0.2,114,509,0,0.18123767885053393,12.57
TX_004974,STORE_08,CHK_037,8,163,0,0,20.375,0.0,99,509,0,0.18126657885244618,12.56
TX_001360,STORE_08,CHK_045,8,39,1,0,4.875,0.125,91,509,0,0.18129036878486127,12.56
TX_002298,STORE_09,CHK_040,11,83,0,0,7.545454545454546,0.0,114,524,0,0.18136891632297153,12.54
TX_002941,STORE_06,CHK_026,7,18,0,0,2.5714285714285716,0.0,103,489,0,0.1813803361764431,12.53
TX_000674,STORE_07,CHK_004,7,22,0,0,3.142857142857143,0.0,95,492,0,0.1814077960517071,12.53
TX_001393,STORE_10,CHK_010,5,35,0,0,7.0,0.0,90,505,0,0.18144387799594086,12.52
TX_004882,STORE_04,CHK_034,7,124,0,0,17.714285714285715,0.0,89,478,0,0.18149330207608122,12.51
TX_000873,STORE_02,CHK_036,2,90,0,0,45.0,0.0,109,490,0,0.18147630565452244,12.51
TX_002244,STORE_02,CHK_049,6,154,0,0,25.666666666666668,0.0,91,490,0,0.18150588919952548,12.5
TX_001911,STORE_04,CHK_031,9,86,1,0,9.555555555555555,0.1111111111111111,113,478,0,0.18150460635605503,12.5
TX_000992,STORE_04,CHK_034,8,125,0,0,15.625,0.0,89,478,0,0.18157032779536297,12.49
TX_003419,STORE_10,CHK_045,13,138,0,0,10.615384615384615,0.0,91,505,0,0.1816032465019521,12.48
TX_000148,STORE_02,CHK_012,12,91,1,0,7.583333333333333,0.08333333333333333,87,490,0,0.18165710036783328,12.47
TX_004263,STORE_09,CHK_006,3,90,0,0,30.0,0.0,102,524,0,0.18170477888665287,12.46
TX_001520,STORE_03,CHK_009,9,106,1,0,11.777777777777779,0.1111111111111111,98,535,0,0.18169631388746965,12.46
TX_000102,STORE_09,CHK_032,7,81,1,0,11.571428571428571,0.14285714285714285,111,524,0,0.18170513964007584,12.46
TX_003915,STORE_03,CHK_037,5,112,0,0,22.4,0.0,99,535,0,0.18173496886078944,12.45
TX_001029,STORE_09,CHK_013,9,130,0,0,14.444444444444445,0.0,110,524,0,0.18176064465606745,12.44
TX_003146,STORE_04,CHK_048,9,88,1,0,9.777777777777779,0.1111111111111111,113,478,0,0.18175574343429057,12.44
TX_004503,STORE_03,CHK_006,10,122,0,0,12.2,0.0,102,535,0,0.18175924664423387,12.44
TX_000672,STORE_09,CHK_026,5,109,1,0,21.8,0.2,103,524,0,0.18180520011681084,12.43
TX_001464,STORE_09,CHK_013,4,83,0,0,20.75,0.0,110,524,0,0.18181055464925905,12.43
TX_004258,STORE_04,CHK_024,9,128,0,0,14.222222222222221,0.0,92,478,0,0.1818534819351731,12.42
TX_001384,STORE_01,CHK_028,9,104,2,0,11.555555555555555,0.2222222222222222,102,509,0,0.1818648092164325,12.42
TX_004137,STORE_07,CHK_002,2,92,0,0,46.0,0.0,105,492,0,0.1818665945411964,12.42
TX_003159,STORE_09,CHK_026,12,56,0,0,4.666666666666667,0.0,103,524,0,0.1818923513390367,12.41
TX_000615,STORE_09,CHK_019,8,80,1,0,10.0,0.125,90,524,0,0.18189432797344707,12.41
TX_004281,STORE_01,CHK_050,5,153,0,0,30.6,0.0,102,509,0,0.18187795573944804,12.41
TX_004476,STORE_09,CHK_039,13,96,1,0,7.384615384615385,0.07692307692307693,103,524,0,0.18193882998049965,12.4
TX_000980,STORE_06,CHK_016,9,159,0,0,17.666666666666668,0.0,104,489,0,0.18194829545085361,12.4
TX_001158,STORE_08,CHK_037,2,81,0,0,40.5,0.0,99,509,0,0.1819882970216094,12.39
TX_004250,STORE_07,CHK_015,7,16,0,0,2.2857142857142856,0.0,104,492,0,0.18198315802154857,12.39
TX_003746,STORE_04,CHK_010,4,83,0,0,20.75,0.0,90,478,0,0.18200038364627225,12.38
TX_001968,STORE_01,CHK_015,15,78,1,0,5.2,0.06666666666666667,104,509,0,0.18202063223182424,12.38
TX_002939,STORE_04,CHK_042,13,65,0,0,5.0,0.0,95,478,0,0.18201409105653094,12.38
TX_002151,STORE_03,CHK_036,10,97,0,0,9.7,0.0,109,535,0,0.18205710280538884,12.37
TX_004354,STORE_03,CHK_041,11,101,0,0,9.181818181818182,0.0,105,535,0,0.18205431096917674,12.37
TX_003981,STORE_09,CHK_037,12,120,1,0,10.0,0.08333333333333333,99,524,0,0.18211269608736058,12.36
TX_003170,STORE_09,CHK_012,10,93,0,0,9.3,0.0,87,524,0,0.18208038692497497,12.36
TX_004642,STORE_10,CHK_047,2,67,0,0,33.5,0.0,95,505,0,0.18210721325284124,12.36
TX_003151,STORE_03,CHK_026,5,69,0,0,13.8,0.0,103,535,0,0.18216041979141,12.35
TX_002582,STORE_02,CHK_014,5,141,1,0,28.2,0.2,103,490,0,0.18214407048131137,12.35
TX_000116,STORE_03,CHK_043,8,99,1,0,12.375,0.125,98,535,0,0.1822045485757426,12.33
TX_001654,STORE_03,CHK_043,6,57,0,0,9.5,0.0,98,535,0,0.18225229569015478,12.32
TX_001967,STORE_02,CHK_028,13,32,0,0,2.4615384615384617,0.0,102,490,0,0.18225725745150567,12.32
TX_001494,STORE_06,CHK_017,2,75,0,0,37.5,0.0,107,489,0,0.18229826325495102,12.31
TX_001839,STORE_05,CHK_007,10,94,0,0,9.4,0.0,95,469,0,0.1822863445013937,12.31
TX_004317,STORE_08,CHK_036,11,51,1,0,4.636363636363637,0.09090909090909091,109,509,0,0.1823651681200384,12.3
TX_001844,STORE_06,CHK_031,5,58,1,0,11.6,0.2,113,489,0,0.18236734683847383,12.3
TX_004493,STORE_07,CHK_008,8,69,1,0,8.625,0.125,85,492,0,0.18239350318027164,12.29
TX_004270,STORE_04,CHK_029,4,82,0,0,20.5,0.0,90,478,0,0.18236871056095105,12.29
TX_000780,STORE_09,CHK_037,5,66,1,0,13.2,0.2,99,524,0,0.18239175777406125,12.29
TX_001362,STORE_05,CHK_006,8,63,0,0,7.875,0.0,102,469,0,0.1824690214376241,12.27
TX_002403,STORE_05,CHK_004,10,93,0,0,9.3,0.0,95,469,0,0.18245863294547193,12.27
TX_000935,STORE_03,CHK_007,5,112,0,0,22.4,0.0,95,535,0,0.18248400438618279,12.27
TX_000758,STORE_10,CHK_014,2,82,0,0,41.0,0.0,103,505,0,0.18249986518928435,12.26
TX_000689,STORE_09,CHK_002,10,128,1,0,12.8,0.1,105,524,0,0.18249605901265165,12.26
TX_004450,STORE_09,CHK_002,5,94,1,0,18.8,0.2,105,524,0,0.1825190057008294,12.26
TX_004179,STORE_09,CHK_023,5,70,1,0,14.0,0.2,98,524,0,0.18254620723882414,12.25
TX_002592,STORE_02,CHK_031,6,133,1,0,22.166666666666668,0.16666666666666666,113,490,0,0.18256678801700038,12.25
TX_003035,STORE_09,CHK_009,11,128,1,0,11.636363636363637,0.09090909090909091,98,524,0,0.18257205193622067,12.25
TX_001568,STORE_06,CHK_048,8,147,0,0,18.375,0.0,113,489,0,0.18254294277131067,12.25
TX_002160,STORE_01,CHK_001,11,106,1,0,9.636363636363637,0.09090909090909091,116,509,0,0.18255410063918281,12.25
TX_000044,STORE_02,CHK_030,4,79,0,0,19.75,0.0,84,490,0,0.18258133099213691,12.24
TX_004139,STORE_04,CHK_002,12,100,1,0,8.333333333333334,0.08333333333333333,105,478,0,0.18262207334040692,12.23
TX_004967,STORE_10,CHK_021,4,108,1,0,27.0,0.25,101,505,0,0.18264728200185354,12.23
TX_002112,STORE_04,CHK_013,4,105,0,0,26.25,0.0,110,478,0,0.18264504054287128,12.23
TX_000109,STORE_01,CHK_006,15,48,0,0,3.2,0.0,102,509,0,0.18267669841781647,12.22
TX_002850,STORE_09,CHK_024,4,65,0,0,16.25,0.0,92,524,0,0.18266678280237697,12.22
TX_004932,STORE_04,CHK_018,6,116,1,0,19.333333333333332,0.16666666666666666,97,478,0,0.182662593431762,12.22
TX_001188,STORE_02,CHK_016,6,150,1,0,25.0,0.16666666666666666,104,490,0,0.18268588428565968,12.22
TX_000486,STORE_03,CHK_038,6,94,0,0,15.666666666666666,0.0,92,535,0,0.18267066057346415,12.22
TX_004631,STORE_03,CHK_028,11,108,0,0,9.818181818181818,0.0,102,535,0,0.18271566230299235,12.21
TX_004975,STORE_04,CHK_031,10,54,0,0,5.4,0.0,113,478,0,0.18273365933834207,12.21
TX_004696,STORE_02,CHK_026,9,102,2,0,11.333333333333334,0.2222222222222222,103,490,0,0.18270693481957512,12.21
TX_004920,STORE_10,CHK_011,15,75,0,0,5.0,0.0,111,505,0,0.1827587528479725,12.2
TX_001979,STORE_02,CHK_040,13,126,0,0,9.692307692307692,0.0,114,490,0,0.1827501271608188,12.2
TX_001411,STORE_04,CHK_031,12,86,0,0,7.166666666666667,0.0,113,478,0,0.18274550200651224,12.2
TX_003451,STORE_03,CHK_050,7,59,0,0,8.428571428571429,0.0,102,535,0,0.18279814015204365,12.19
TX_000111,STORE_01,CHK_007,2,75,0,0,37.5,0.0,95,509,0,0.18281077344884267,12.19
TX_003033,STORE_01,CHK_030,7,99,1,0,14.142857142857142,0.14285714285714285,84,509,0,0.182783061268392,12.19
TX_001458,STORE_09,CHK_049,5,116,0,0,23.2,0.0,91,524,0,0.1828615609732897,12.18
TX_004810,STORE_07,CHK_042,8,154,1,0,19.25,0.125,95,492,0,0.18285665159592412,12.18
TX_003084,STORE_06,CHK_009,3,120,0,0,40.0,0.0,98,489,0,0.18285761832673625,12.18
TX_001590,STORE_01,CHK_041,2,41,0,0,20.5,0.0,105,509,0,0.18286657507825277,12.17
TX_003096,STORE_07,CHK_028,9,93,2,0,10.333333333333334,0.2222222222222222,102,492,0,0.18287901785043958,12.17
TX_003628,STORE_10,CHK_001,13,103,0,0,7.923076923076923,0.0,116,505,0,0.18291639978361002,12.16
TX_000670,STORE_05,CHK_014,9,108,0,0,12.0,0.0,103,469,0,0.18290622245221544,12.16
TX_001891,STORE_03,CHK_037,7,125,0,0,17.857142857142858,0.0,99,535,0,0.18297396444147407,12.15
TX_000004,STORE_01,CHK_028,4,120,1,0,30.0,0.25,102,509,0,0.18297567684044747,12.15
TX_002931,STORE_08,CHK_046,12,32,0,0,2.6666666666666665,0.0,104,509,0,0.18300054431238666,12.14
TX_001936,STORE_02,CHK_035,11,138,0,0,12.545454545454545,0.0,114,490,0,0.1830396435469504,12.13
TX_001580,STORE_03,CHK_007,10,74,0,0,7.4,0.0,95,535,0,0.18305735353518798,12.13
TX_004210,STORE_10,CHK_002,15,127,0,0,8.466666666666667,0.0,105,505,0,0.18306911505838047,12.12
TX_002307,STORE_07,CHK_030,5,111,0,0,22.2,0.0,84,492,0,0.18310098421455567,12.12
TX_002906,STORE_09,CHK_049,13,85,0,0,6.538461538461538,0.0,91,524,0,0.18311122913094485,12.11
TX_001695,STORE_02,CHK_045,4,30,0,0,7.5,0.0,91,490,0,0.1831199036000617,12.11
TX_002248,STORE_09,CHK_020,12,103,1,0,8.583333333333334,0.08333333333333333,94,524,0,0.18312154474495013,12.11
TX_004600,STORE_04,CHK_040,11,72,0,0,6.545454545454546,0.0,114,478,0,0.18314003751009472,12.11
TX_001506,STORE_05,CHK_047,9,96,0,0,10.666666666666666,0.0,95,469,0,0.1831514242668411,12.1
TX_004520,STORE_09,CHK_032,12,117,0,0,9.75,0.0,111,524,0,0.18318697917251775,12.1
TX_002010,STORE_08,CHK_005,12,90,0,0,7.5,0.0,84,509,0,0.18320314845419472,12.09
TX_003129,STORE_09,CHK_048,9,63,0,0,7.0,0.0,113,524,0,0.18325870498343755,12.08
TX_003394,STORE_04,CHK_042,3,98,0,0,32.666666666666664,0.0,95,478,0,0.18325773789226257,12.08
TX_004653,STORE_08,CHK_023,2,89,0,0,44.5,0.0,98,509,0,0.18326460810968287,12.08
TX_000647,STORE_02,CHK_010,14,126,0,0,9.0,0.0,90,490,0,0.18334748473582574,12.06
TX_000875,STORE_09,CHK_017,9,119,1,0,13.222222222222221,0.1111111111111111,107,524,0,0.18332754358562003,12.06
TX_001087,STORE_05,CHK_004,9,82,0,0,9.11111111111111,0.0,95,469,0,0.18335702167416446,12.05
TX_003017,STORE_05,CHK_023,6,88,0,0,14.666666666666666,0.0,98,469,0,0.18338832817801276,12.05
TX_002627,STORE_09,CHK_031,9,61,0,0,6.777777777777778,0.0,113,524,0,0.1833681332565233,12.05
TX_001111,STORE_07,CHK_006,16,58,0,0,3.625,0.0,102,492,0,0.1833928627500968,12.05
TX_004282,STORE_08,CHK_048,15,84,0,0,5.6,0.0,113,509,0,0.18341682275949062,12.04
TX_004981,STORE_07,CHK_009,4,119,1,0,29.75,0.25,98,492,0,0.18342505948252147,12.04
TX_000502,STORE_06,CHK_015,12,48,1,0,4.0,0.08333333333333333,104,489,0,0.1834057847002541,12.04
TX_004196,STORE_05,CHK_016,8,106,0,0,13.25,0.0,104,469,0,0.18342112187912585,12.04
TX_002565,STORE_06,CHK_029,5,116,1,0,23.2,0.2,90,489,0,0.18344798121198225,12.03
TX_002329,STORE_01,CHK_008,4,85,0,0,21.25,0.0,85,509,0,0.18346180291968917,12.03
TX_003463,STORE_06,CHK_048,13,78,1,0,6.0,0.07692307692307693,113,489,0,0.1834392279121566,12.03
TX_003208,STORE_05,CHK_039,7,70,0,0,10.0,0.0,103,469,0,0.18347703992626624,12.03
TX_000490,STORE_02,CHK_011,8,28,0,0,3.5,0.0,111,490,0,0.18347446672663847,12.03
TX_001177,STORE_04,CHK_026,7,142,0,0,20.285714285714285,0.0,103,478,0,0.183518758392202,12.02
TX_000294,STORE_03,CHK_007,5,108,0,0,21.6,0.0,95,535,0,0.1835169423843721,12.02
TX_000338,STORE_09,CHK_002,12,103,1,0,8.583333333333334,0.08333333333333333,105,524,0,0.18350542462179287,12.02
TX_000579,STORE_03,CHK_018,11,91,0,0,8.272727272727273,0.0,97,535,0,0.18360163340018998,12.0
TX_004491,STORE_03,CHK_041,10,75,0,0,7.5,0.0,105,535,0,0.18358041780200074,12.0
TX_004121,STORE_06,CHK_027,12,110,0,0,9.166666666666666,0.0,86,489,0,0.18361666813245853,11.99
TX_004377,STORE_03,CHK_049,7,76,0,0,10.857142857142858,0.0,91,535,0,0.18366171673531612,11.98
TX_001021,STORE_07,CHK_045,4,92,1,0,23.0,0.25,91,492,0,0.1836836174478314,11.98
TX_003756,STORE_02,CHK_029,12,43,0,0,3.5833333333333335,0.0,90,490,0,0.18372579513037463,11.97
TX_003681,STORE_06,CHK_035,7,142,0,0,20.285714285714285,0.0,114,489,0,0.18369807805615174,11.97
TX_003459,STORE_01,CHK_043,10,101,2,0,10.1,0.2,98,509,0,0.18370282559416484,11.97
TX_001220,STORE_04,CHK_028,7,127,1,0,18.142857142857142,0.14285714285714285,102,478,0,0.18371584742714347,11.97
TX_001709,STORE_04,CHK_004,8,54,1,0,6.75,0.125,95,478,0,0.1837313552080566,11.96
TX_003090,STORE_08,CHK_049,7,41,1,0,5.857142857142857,0.14285714285714285,91,509,0,0.1837323887717957,11.96
TX_003653,STORE_01,CHK_004,11,45,1,0,4.090909090909091,0.09090909090909091,95,509,0,0.18376416252802363,11.96
TX_001990,STORE_04,CHK_036,10,129,0,0,12.9,0.0,109,478,0,0.18379970333808265,11.95
TX_004552,STORE_08,CHK_027,9,115,1,0,12.777777777777779,0.1111111111111111,86,509,0,0.18377034954263338,11.95
TX_001914,STORE_06,CHK_013,12,138,0,0,11.5,0.0,110,489,0,0.1838353271297179,11.94
TX_000600,STORE_06,CHK_034,5,135,0,0,27.0,0.0,89,489,0,0.18387479828850872,11.93
TX_004073,STORE_06,CHK_023,15,94,1,0,6.266666666666667,0.06666666666666667,98,489,0,0.18385198634808203,11.93
TX_000573,STORE_09,CHK_038,4,82,0,0,20.5,0.0,92,524,0,0.1838981892199431,11.92
TX_000253,STORE_06,CHK_039,4,66,1,0,16.5,0.25,103,489,0,0.18390016541661952,11.92
TX_001019,STORE_04,CHK_050,4,125,0,0,31.25,0.0,102,478,0,0.18400892096795196,11.9
TX_000541,STORE_02,CHK_036,16,88,0,0,5.5,0.0,109,490,0,0.1840606850703258,11.88
TX_001881,STORE_07,CHK_013,13,42,0,0,3.230769230769231,0.0,110,492,0,0.18406629665179752,11.88
TX_003886,STORE_01,CHK_011,5,57,1,0,11.4,0.2,111,509,0,0.18408932252352722,11.88
TX_003652,STORE_09,CHK_045,12,115,0,0,9.583333333333334,0.0,91,524,0,0.1840915598483222,11.88
TX_000225,STORE_03,CHK_049,8,101,0,0,12.625,0.0,91,535,0,0.1841088849308125,11.87
TX_002739,STORE_10,CHK_001,12,78,0,0,6.5,0.0,116,505,0,0.1841460604642045,11.86
TX_003317,STORE_05,CHK_014,6,86,0,0,14.333333333333334,0.0,103,469,0,0.18415784314073308,11.86
TX_003904,STORE_02,CHK_007,4,28,0,0,7.0,0.0,95,490,0,0.18419133394401638,11.85
TX_000285,STORE_10,CHK_041,4,67,1,0,16.75,0.25,105,505,0,0.18420686044860118,11.85
TX_004814,STORE_10,CHK_005,5,101,0,0,20.2,0.0,84,505,0,0.18420731868718337,11.85
TX_003696,STORE_06,CHK_002,15,124,0,0,8.266666666666667,0.0,105,489,0,0.18418293548978598,11.85
TX_000347,STORE_06,CHK_001,10,49,0,0,4.9,0.0,116,489,0,0.18418215931505327,11.85
TX_003211,STORE_04,CHK_016,8,54,1,0,6.75,0.125,104,478,0,0.18423176129221958,11.84
TX_003011,STORE_01,CHK_031,12,121,1,0,10.083333333333334,0.08333333333333333,113,509,0,0.18423568625546666,11.84
TX_003337,STORE_02,CHK_003,5,136,1,0,27.2,0.2,97,490,0,0.1842606970306409,11.84
TX_002551,STORE_09,CHK_035,10,85,0,0,8.5,0.0,114,524,0,0.18432869776352084,11.82
TX_001513,STORE_06,CHK_040,12,79,1,0,6.583333333333333,0.08333333333333333,114,489,0,0.18436754190946958,11.81
TX_000850,STORE_10,CHK_001,5,56,0,0,11.2,0.0,116,505,0,0.18439326964915798,11.8
TX_004852,STORE_10,CHK_023,12,31,0,0,2.5833333333333335,0.0,98,505,0,0.1844509648096646,11.79
TX_002404,STORE_04,CHK_011,9,94,1,0,10.444444444444445,0.1111111111111111,111,478,0,0.18443570365383444,11.79
TX_001000,STORE_05,CHK_046,9,76,0,0,8.444444444444445,0.0,104,469,0,0.1844678385274826,11.78
TX_004187,STORE_03,CHK_039,5,102,0,0,20.4,0.0,103,535,0,0.18448261219617634,11.78
TX_002586,STORE_09,CHK_003,5,83,1,0,16.6,0.2,97,524,0,0.1845728511999422,11.76
TX_003262,STORE_09,CHK_047,7,60,1,0,8.571428571428571,0.14285714285714285,95,524,0,0.18465768896494755,11.74
TX_000515,STORE_08,CHK_007,7,154,1,0,22.0,0.14285714285714285,95,509,0,0.18467617329589475,11.73
TX_000063,STORE_10,CHK_040,3,91,0,0,30.333333333333332,0.0,114,505,0,0.18467431040106663,11.73
TX_001556,STORE_01,CHK_027,5,122,0,0,24.4,0.0,86,509,0,0.1847259471095623,11.72
TX_004406,STORE_04,CHK_014,14,104,0,0,7.428571428571429,0.0,103,478,0,0.1847384816926122,11.72
TX_001617,STORE_02,CHK_002,13,133,1,0,10.23076923076923,0.07692307692307693,105,490,0,0.18476673310918068,11.71
TX_004839,STORE_05,CHK_004,8,76,0,0,9.5,0.0,95,469,0,0.184789109769034,11.71
TX_003597,STORE_04,CHK_007,7,114,1,0,16.285714285714285,0.14285714285714285,95,478,0,0.18477725780200088,11.71
TX_001252,STORE_10,CHK_049,7,152,0,0,21.714285714285715,0.0,91,505,0,0.1847989710484058,11.7
TX_000255,STORE_09,CHK_049,12,78,0,0,6.5,0.0,91,524,0,0.18481741929252998,11.7
TX_004526,STORE_06,CHK_034,8,144,0,0,18.0,0.0,89,489,0,0.18480971084082293,11.7
TX_004668,STORE_05,CHK_006,6,85,0,0,14.166666666666666,0.0,102,469,0,0.1848629832823238,11.69
TX_004560,STORE_01,CHK_009,15,131,0,0,8.733333333333333,0.0,98,509,0,0.18487030431502893,11.69
TX_001925,STORE_08,CHK_010,10,53,1,0,5.3,0.1,90,509,0,0.1849194854248129,11.68
TX_001899,STORE_06,CHK_041,6,39,1,0,6.5,0.16666666666666666,105,489,0,0.18495667126999266,11.67
TX_002758,STORE_03,CHK_003,8,122,0,0,15.25,0.0,97,535,0,0.18492322044042314,11.67
TX_003819,STORE_08,CHK_037,16,79,0,0,4.9375,0.0,99,509,0,0.1850053321001523,11.65
TX_000649,STORE_06,CHK_027,7,104,1,0,14.857142857142858,0.14285714285714285,86,489,0,0.18501912482141064,11.65
TX_003897,STORE_07,CHK_035,6,127,1,0,21.166666666666668,0.16666666666666666,114,492,0,0.1850349762539319,11.65
TX_003854,STORE_03,CHK_045,8,81,0,0,10.125,0.0,91,535,0,0.18505042146298323,11.64
TX_003857,STORE_01,CHK_008,9,89,1,0,9.88888888888889,0.1111111111111111,85,509,0,0.18515914467813588,11.62
TX_002134,STORE_01,CHK_017,15,64,0,0,4.266666666666667,0.0,107,509,0,0.1851667152309498,11.62
TX_002825,STORE_01,CHK_022,2,68,0,0,34.0,0.0,106,509,0,0.1852415615477045,11.6
TX_004399,STORE_06,CHK_004,4,77,1,0,19.25,0.25,95,489,0,0.18520991578359863,11.6
TX_001218,STORE_04,CHK_010,8,56,0,0,7.0,0.0,90,478,0,0.18528580550806667,11.59
TX_004045,STORE_02,CHK_032,15,70,0,0,4.666666666666667,0.0,111,490,0,0.18534436895377882,11.57
TX_002314,STORE_04,CHK_003,3,84,0,0,28.0,0.0,97,478,0,0.18536687597974794,11.57
TX_004369,STORE_02,CHK_034,7,147,0,0,21.0,0.0,89,490,0,0.18536868469254253,11.57
TX_000777,STORE_09,CHK_006,7,45,0,0,6.428571428571429,0.0,102,524,0,0.18539868702740991,11.56
TX_001712,STORE_02,CHK_027,6,96,1,0,16.0,0.16666666666666666,86,490,0,0.18539275841585617,11.56
TX_000871,STORE_07,CHK_035,4,44,0,0,11.0,0.0,114,492,0,0.1854012683227148,11.56
TX_003582,STORE_04,CHK_003,3,78,0,0,26.0,0.0,97,478,0,0.1854454104537296,11.55
TX_002176,STORE_07,CHK_038,4,90,1,0,22.5,0.25,92,492,0,0.18542019519841596,11.55
TX_004837,STORE_10,CHK_010,14,93,1,0,6.642857142857143,0.07142857142857142,90,505,0,0.1854313144525157,11.55
TX_001379,STORE_03,CHK_042,6,67,0,0,11.166666666666666,0.0,95,535,0,0.18553569558551686,11.53
TX_002848,STORE_04,CHK_004,3,86,0,0,28.666666666666668,0.0,95,478,0,0.18549701754361564,11.53
TX_004734,STORE_10,CHK_024,8,149,0,0,18.625,0.0,92,505,0,0.1855127498430552,11.53
TX_004719,STORE_05,CHK_026,7,106,0,0,15.142857142857142,0.0,103,469,0,0.18552246669820638,11.53
TX_002457,STORE_07,CHK_029,13,75,1,0,5.769230769230769,0.07692307692307693,90,492,0,0.18555294180855403,11.52
TX_000246,STORE_04,CHK_003,10,44,0,0,4.4,0.0,97,478,0,0.18560815391665036,11.51
TX_000046,STORE_08,CHK_031,5,59,1,0,11.8,0.2,113,509,0,0.18558990819933624,11.51
TX_001168,STORE_06,CHK_009,16,74,0,0,4.625,0.0,98,489,0,0.18563321792491627,11.5
TX_003014,STORE_02,CHK_039,8,33,1,0,4.125,0.125,103,490,0,0.18564297964074883,11.5
TX_000248,STORE_08,CHK_023,11,29,0,0,2.6363636363636362,0.0,98,509,0,0.18563896411752662,11.5
TX_003250,STORE_02,CHK_017,9,151,1,0,16.77777777777778,0.1111111111111111,107,490,0,0.18567379763050484,11.49
TX_001254,STORE_06,CHK_049,13,133,0,0,10.23076923076923,0.0,91,489,0,0.18575806613455487,11.47
TX_003063,STORE_08,CHK_012,10,73,1,0,7.3,0.1,87,509,0,0.1857930435814404,11.46
TX_003481,STORE_09,CHK_041,6,66,1,0,11.0,0.16666666666666666,105,524,0,0.18583538616355139,11.45
TX_002738,STORE_08,CHK_029,9,36,0,0,4.0,0.0,90,509,0,0.18582857262823305,11.45
TX_000778,STORE_05,CHK_037,9,76,0,0,8.444444444444445,0.0,99,469,0,0.1858511266566435,11.45
TX_000394,STORE_02,CHK_030,10,63,0,0,6.3,0.0,84,490,0,0.18585953677804068,11.45
TX_001847,STORE_09,CHK_038,11,72,0,0,6.545454545454546,0.0,92,524,0,0.1858317017294694,11.45
TX_001170,STORE_01,CHK_043,4,115,1,0,28.75,0.25,98,509,0,0.18590363227917617,11.44
TX_000641,STORE_05,CHK_050,9,79,0,0,8.777777777777779,0.0,102,469,0,0.18589032795225335,11.44
TX_001808,STORE_04,CHK_037,7,39,0,0,5.571428571428571,0.0,99,478,0,0.18591327122196544,11.43
TX_000622,STORE_04,CHK_038,9,88,1,0,9.777777777777779,0.1111111111111111,92,478,0,0.18606295316995342,11.4
TX_000023,STORE_02,CHK_030,7,54,0,0,7.714285714285714,0.0,84,490,0,0.18604422195368114,11.4
TX_000273,STORE_06,CHK_038,10,48,1,0,4.8,0.1,92,489,0,0.18604756884267093,11.4
TX_002398,STORE_08,CHK_040,14,96,0,0,6.857142857142857,0.0,114,509,0,0.18610235630781508,11.39
TX_004276,STORE_08,CHK_038,4,74,1,0,18.5,0.25,92,509,0,0.18607870517740893,11.39
TX_001730,STORE_04,CHK_020,12,66,0,0,5.5,0.0,94,478,0,0.1860761886487705,11.39
TX_001055,STORE_07,CHK_040,6,36,0,0,6.0,0.0,114,492,0,0.18609006152034913,11.39
TX_004288,STORE_01,CHK_023,2,39,0,0,19.5,0.0,98,509,0,0.18609468458604062,11.39
TX_001699,STORE_01,CHK_041,4,110,1,0,27.5,0.25,105,509,0,0.18620947136553978,11.36
TX_004021,STORE_01,CHK_019,15,89,0,0,5.933333333333334,0.0,90,509,0,0.18620748285037964,11.36
TX_002877,STORE_04,CHK_048,6,118,0,0,19.666666666666668,0.0,113,478,0,0.18626093169531727,11.35
TX_004040,STORE_04,CHK_017,10,78,1,0,7.8,0.1,107,478,0,0.18628477703657376,11.34
TX_000031,STORE_10,CHK_012,4,64,0,0,16.0,0.0,87,505,0,0.18634215555117395,11.33
TX_002847,STORE_01,CHK_036,12,62,1,0,5.166666666666667,0.08333333333333333,109,509,0,0.18638660986459676,11.32
TX_003018,STORE_09,CHK_007,8,49,0,0,6.125,0.0,95,524,0,0.18643129280858978,11.31
TX_000872,STORE_08,CHK_040,12,60,0,0,5.0,0.0,114,509,0,0.1864233998272194,11.31
TX_001786,STORE_05,CHK_037,7,82,0,0,11.714285714285714,0.0,99,469,0,0.18648215254916112,11.3
TX_001662,STORE_06,CHK_043,5,42,1,0,8.4,0.2,98,489,0,0.1864504792515328,11.3
TX_002486,STORE_09,CHK_021,4,111,0,0,27.75,0.0,101,524,0,0.1864624121587204,11.3
TX_001733,STORE_06,CHK_021,3,115,0,0,38.333333333333336,0.0,101,489,0,0.1864515732628102,11.3
TX_003223,STORE_09,CHK_047,8,128,1,0,16.0,0.125,95,524,0,0.1864858193939874,11.29
TX_000841,STORE_08,CHK_041,8,159,0,0,19.875,0.0,105,509,0,0.18650159267733796,11.29
TX_002475,STORE_10,CHK_011,7,145,0,0,20.714285714285715,0.0,111,505,0,0.18648716668695392,11.29
TX_001172,STORE_05,CHK_043,9,89,0,0,9.88888888888889,0.0,98,469,0,0.18651039211532533,11.29
TX_003034,STORE_10,CHK_040,3,82,0,0,27.333333333333332,0.0,114,505,0,0.186558202144531,11.28
TX_002760,STORE_02,CHK_016,10,158,0,0,15.8,0.0,104,490,0,0.18662301357542904,11.26
TX_003747,STORE_05,CHK_009,8,79,0,0,9.875,0.0,98,469,0,0.1866612222155758,11.25
TX_004473,STORE_01,CHK_010,14,87,1,0,6.214285714285714,0.07142857142857142,90,509,0,0.18671229591330313,11.24
TX_004047,STORE_07,CHK_034,3,102,0,0,34.0,0.0,89,492,0,0.18679822035897464,11.22
TX_000497,STORE_08,CHK_035,5,77,1,0,15.4,0.2,114,509,0,0.1867870951378927,11.22
TX_004202,STORE_08,CHK_011,6,54,1,0,9.0,0.16666666666666666,111,509,0,0.18677599316641225,11.22
TX_003487,STORE_04,CHK_041,9,65,1,0,7.222222222222222,0.1111111111111111,105,478,0,0.18684224515459208,11.21
TX_001627,STORE_08,CHK_024,10,146,0,0,14.6,0.0,92,509,0,0.18686234148952063,11.2
TX_004322,STORE_07,CHK_029,13,109,1,0,8.384615384615385,0.07692307692307693,90,492,0,0.1868674664558564,11.2
TX_002341,STORE_06,CHK_006,4,78,1,0,19.5,0.25,102,489,0,0.18689846537984578,11.19
TX_004057,STORE_09,CHK_015,14,91,0,0,6.5,0.0,104,524,0,0.18692180369120842,11.19
TX_001059,STORE_06,CHK_020,6,41,1,0,6.833333333333333,0.16666666666666666,94,489,0,0.1869690871760079,11.18
TX_003258,STORE_10,CHK_012,6,79,1,0,13.166666666666666,0.16666666666666666,87,505,0,0.18699967384561178,11.17
TX_001108,STORE_10,CHK_002,4,95,1,0,23.75,0.25,105,505,0,0.18698930117810575,11.17
TX_003750,STORE_01,CHK_005,6,65,0,0,10.833333333333334,0.0,84,509,0,0.18698316463022263,11.17
TX_001421,STORE_09,CHK_036,7,127,0,0,18.142857142857142,0.0,109,524,0,0.1869949920304076,11.17
TX_003259,STORE_09,CHK_006,4,53,0,0,13.25,0.0,102,524,0,0.18709343839387976,11.15
TX_001333,STORE_08,CHK_048,9,54,1,0,6.0,0.1111111111111111,113,509,0,0.18712974608066402,11.14
TX_003810,STORE_06,CHK_010,12,70,1,0,5.833333333333333,0.08333333333333333,90,489,0,0.18711180489247953,11.14
TX_003629,STORE_07,CHK_042,4,74,1,0,18.5,0.25,95,492,0,0.18717631033767645,11.13
TX_000060,STORE_01,CHK_015,11,48,1,0,4.363636363636363,0.09090909090909091,104,509,0,0.1871616813686019,11.13
TX_002281,STORE_06,CHK_006,2,52,0,0,26.0,0.0,102,489,0,0.187146573337509,11.13
TX_002920,STORE_09,CHK_045,9,97,1,0,10.777777777777779,0.1111111111111111,91,524,0,0.18715357972002977,11.13
TX_004088,STORE_04,CHK_035,10,76,0,0,7.6,0.0,114,478,0,0.18721537549045436,11.12
TX_001675,STORE_04,CHK_021,12,122,0,0,10.166666666666666,0.0,101,478,0,0.18720164819442137,11.12
TX_003346,STORE_01,CHK_027,10,86,1,0,8.6,0.1,86,509,0,0.18724647579840625,11.11
TX_002501,STORE_09,CHK_019,8,125,0,0,15.625,0.0,90,524,0,0.1872372930366777,11.11
TX_000133,STORE_02,CHK_001,7,47,0,0,6.714285714285714,0.0,116,490,0,0.18726676215216342,11.1
TX_002576,STORE_02,CHK_047,4,78,1,0,19.5,0.25,95,490,0,0.18733750943043076,11.09
TX_003836,STORE_01,CHK_016,6,26,0,0,4.333333333333333,0.0,104,509,0,0.1873452905072956,11.09
TX_004224,STORE_03,CHK_047,9,114,0,0,12.666666666666666,0.0,95,535,0,0.18730844573073469,11.09
TX_003732,STORE_03,CHK_026,6,111,0,0,18.5,0.0,103,535,0,0.18735021420744374,11.08
TX_001337,STORE_05,CHK_014,7,81,0,0,11.571428571428571,0.0,103,469,0,0.18741349280072017,11.07
TX_001388,STORE_08,CHK_005,6,115,0,0,19.166666666666668,0.0,84,509,0,0.18741711292545188,11.07
TX_004095,STORE_03,CHK_046,8,65,0,0,8.125,0.0,104,535,0,0.1873995700869615,11.07
TX_004014,STORE_05,CHK_039,7,88,0,0,12.571428571428571,0.0,103,469,0,0.18739458699464656,11.07
TX_004679,STORE_03,CHK_016,5,89,0,0,17.8,0.0,104,535,0,0.1874580564046569,11.06
TX_001592,STORE_10,CHK_011,5,42,0,0,8.4,0.0,111,505,0,0.1874323072836851,11.06
TX_000602,STORE_04,CHK_023,10,69,1,0,6.9,0.1,98,478,0,0.18751152419347789,11.05
TX_002491,STORE_09,CHK_024,7,83,1,0,11.857142857142858,0.14285714285714285,92,524,0,0.18752383612558832,11.04
TX_001335,STORE_01,CHK_010,6,143,0,0,23.833333333333332,0.0,90,509,0,0.1875758858165099,11.03
TX_002514,STORE_04,CHK_049,8,97,1,0,12.125,0.125,91,478,0,0.18756343119419566,11.03
TX_003270,STORE_01,CHK_019,3,50,0,0,16.666666666666668,0.0,90,509,0,0.18757917887730552,11.03
TX_000251,STORE_10,CHK_045,13,132,0,0,10.153846153846153,0.0,91,505,0,0.18757392402725725,11.03
TX_004691,STORE_10,CHK_019,12,53,0,0,4.416666666666667,0.0,90,505,0,0.18763270452690467,11.02
TX_004321,STORE_04,CHK_006,3,77,0,0,25.666666666666668,0.0,102,478,0,0.1876198890096628,11.02
TX_004119,STORE_02,CHK_037,2,52,0,0,26.0,0.0,99,490,0,0.18759911560711195,11.02
TX_002692,STORE_02,CHK_010,9,138,1,0,15.333333333333334,0.1111111111111111,90,490,0,0.18769250236303003,11.0
TX_004502,STORE_01,CHK_008,8,95,1,0,11.875,0.125,85,509,0,0.18773542087422596,10.99
TX_004957,STORE_01,CHK_013,8,35,0,0,4.375,0.0,110,509,0,0.187748881351268,10.99
TX_002556,STORE_04,CHK_047,6,83,1,0,13.833333333333334,0.16666666666666666,95,478,0,0.18777044040916663,10.98
TX_002808,STORE_03,CHK_026,7,118,0,0,16.857142857142858,0.0,103,535,0,0.18783421623334068,10.97
TX_000542,STORE_09,CHK_019,5,94,0,0,18.8,0.0,90,524,0,0.18783334100404742,10.97
TX_000869,STORE_08,CHK_031,9,55,1,0,6.111111111111111,0.1111111111111111,113,509,0,0.1878212847004891,10.97
TX_001216,STORE_03,CHK_039,8,116,0,0,14.5,0.0,103,535,0,0.1878423516177835,10.97
TX_000064,STORE_06,CHK_031,5,130,0,0,26.0,0.0,113,489,0,0.18787783153941068,10.96
TX_000393,STORE_04,CHK_006,3,97,0,0,32.333333333333336,0.0,102,478,0,0.18785871186572445,10.96
TX_000131,STORE_09,CHK_006,7,126,1,0,18.0,0.14285714285714285,102,524,0,0.18788009092241614,10.96
TX_000014,STORE_01,CHK_012,4,107,0,0,26.75,0.0,87,509,0,0.18790874089474646,10.95
TX_000728,STORE_04,CHK_014,12,58,0,0,4.833333333333333,0.0,103,478,0,0.18788943602586344,10.95
TX_004528,STORE_02,CHK_046,11,49,1,0,4.454545454545454,0.09090909090909091,104,490,0,0.18789417405913628,10.95
TX_000226,STORE_07,CHK_017,10,144,1,0,14.4,0.1,107,492,0,0.18792144959801804,10.95
TX_004275,STORE_06,CHK_040,3,71,0,0,23.666666666666668,0.0,114,489,0,0.18791957102540757,10.95
TX_002212,STORE_06,CHK_019,9,134,1,0,14.88888888888889,0.1111111111111111,90,489,0,0.18790884273225822,10.95
TX_004120,STORE_08,CHK_014,5,136,1,0,27.2,0.2,103,509,0,0.18791447685209428,10.95
TX_002641,STORE_01,CHK_034,5,60,1,0,12.0,0.2,89,509,0,0.18793786069866936,10.94
TX_004908,STORE_01,CHK_002,14,49,0,0,3.5,0.0,105,509,0,0.18792924554612583,10.94
TX_001770,STORE_01,CHK_005,5,103,0,0,20.6,0.0,84,509,0,0.1879973731132195,10.93
TX_003204,STORE_03,CHK_047,7,72,0,0,10.285714285714286,0.0,95,535,0,0.1880147612097725,10.92
TX_000327,STORE_06,CHK_001,9,79,1,0,8.777777777777779,0.1111111111111111,116,489,0,0.18801105260594447,10.92
TX_000639,STORE_04,CHK_046,3,95,0,0,31.666666666666668,0.0,104,478,0,0.18805979012133905,10.91
TX_003551,STORE_09,CHK_042,10,80,1,0,8.0,0.1,95,524,0,0.1880716200957649,10.91
TX_001273,STORE_09,CHK_043,11,114,1,0,10.363636363636363,0.09090909090909091,98,524,0,0.18808192232528237,10.91
TX_003376,STORE_02,CHK_019,13,129,0,0,9.923076923076923,0.0,90,490,0,0.18812677480861284,10.9
TX_001796,STORE_07,CHK_027,8,109,1,0,13.625,0.125,86,492,0,0.1881090887280955,10.9
TX_002101,STORE_02,CHK_010,13,89,1,0,6.846153846153846,0.07692307692307693,90,490,0,0.18813903456973546,10.89
TX_004100,STORE_09,CHK_009,13,77,0,0,5.923076923076923,0.0,98,524,0,0.18815260830370556,10.89
TX_001613,STORE_06,CHK_046,10,27,0,0,2.7,0.0,104,489,0,0.18819941676153684,10.88
TX_000019,STORE_04,CHK_049,9,58,0,0,6.444444444444445,0.0,91,478,0,0.18824112749249816,10.87
TX_000283,STORE_08,CHK_021,2,68,0,0,34.0,0.0,101,509,0,0.18822878332154114,10.87
TX_002615,STORE_04,CHK_045,9,58,0,0,6.444444444444445,0.0,91,478,0,0.18824112749249816,10.87
TX_003289,STORE_01,CHK_004,3,116,0,0,38.666666666666664,0.0,95,509,0,0.1882800780522385,10.86
TX_000574,STORE_09,CHK_014,11,86,1,0,7.818181818181818,0.09090909090909091,103,524,0,0.18825636115429728,10.86
TX_004563,STORE_06,CHK_045,11,62,1,0,5.636363636363637,0.09090909090909091,91,489,0,0.18831426548128605,10.85
TX_000374,STORE_10,CHK_012,9,110,1,0,12.222222222222221,0.1111111111111111,87,505,0,0.18832886859419345,10.85
TX_001092,STORE_06,CHK_019,5,40,0,0,8.0,0.0,90,489,0,0.1883029855654792,10.85
TX_000511,STORE_09,CHK_021,4,60,0,0,15.0,0.0,101,524,0,0.18831762698068283,10.85
TX_003302,STORE_07,CHK_005,11,87,0,0,7.909090909090909,0.0,84,492,0,0.18835508761488912,10.84
TX_002133,STORE_10,CHK_015,9,155,1,0,17.22222222222222,0.1111111111111111,104,505,0,0.1883513782750873,10.84
TX_004304,STORE_04,CHK_035,6,70,0,0,11.666666666666666,0.0,114,478,0,0.1883979273799632,10.83
TX_004830,STORE_08,CHK_031,5,43,0,0,8.6,0.0,113,509,0,0.18840344568961376,10.83
TX_004454,STORE_08,CHK_032,7,147,0,0,21.0,0.0,111,509,0,0.1884451575171847,10.82
TX_003805,STORE_03,CHK_022,9,107,0,0,11.88888888888889,0.0,106,535,0,0.18843113116439286,10.82
TX_004809,STORE_07,CHK_039,2,73,0,0,36.5,0.0,103,492,0,0.18853247963933906,10.8
TX_000716,STORE_06,CHK_003,3,113,0,0,37.666666666666664,0.0,97,489,0,0.18850433311363946,10.8
TX_000562,STORE_09,CHK_007,6,51,0,0,8.5,0.0,95,524,0,0.18854679696355642,10.79
TX_001292,STORE_10,CHK_016,15,121,0,0,8.066666666666666,0.0,104,505,0,0.1885453850188183,10.79
TX_000765,STORE_02,CHK_030,9,61,0,0,6.777777777777778,0.0,84,490,0,0.1885470519895432,10.79
TX_001409,STORE_10,CHK_020,6,151,0,0,25.166666666666668,0.0,94,505,0,0.18854536259144733,10.79
TX_004738,STORE_08,CHK_002,11,142,1,0,12.909090909090908,0.09090909090909091,105,509,0,0.18861737852569632,10.78
TX_002632,STORE_07,CHK_019,7,47,1,0,6.714285714285714,0.14285714285714285,90,492,0,0.18861107479662437,10.78
TX_001231,STORE_08,CHK_031,7,143,0,0,20.428571428571427,0.0,113,509,0,0.18869414387089423,10.76
TX_001558,STORE_10,CHK_019,14,78,0,0,5.571428571428571,0.0,90,505,0,0.18868138742129664,10.76
TX_002763,STORE_09,CHK_021,11,105,1,0,9.545454545454545,0.09090909090909091,101,524,0,0.18874067493170715,10.75
TX_002876,STORE_07,CHK_021,14,132,0,0,9.428571428571429,0.0,101,492,0,0.18873927865103618,10.75
TX_004820,STORE_04,CHK_023,7,42,0,0,6.0,0.0,98,478,0,0.1887279310418048,10.75
TX_004309,STORE_08,CHK_028,16,81,0,0,5.0625,0.0,102,509,0,0.18872770331886013,10.75
TX_001634,STORE_02,CHK_049,14,59,0,0,4.214285714285714,0.0,91,490,0,0.18877652031944475,10.74
TX_004318,STORE_07,CHK_022,2,61,0,0,30.5,0.0,106,492,0,0.1887995784599743,10.73
TX_003375,STORE_07,CHK_010,12,115,1,0,9.583333333333334,0.08333333333333333,90,492,0,0.18882767703541037,10.73
TX_001227,STORE_04,CHK_018,6,73,1,0,12.166666666666666,0.16666666666666666,97,478,0,0.18880004838580522,10.73
TX_004189,STORE_07,CHK_001,13,95,0,0,7.3076923076923075,0.0,116,492,0,0.18881371527896662,10.73
TX_004940,STORE_09,CHK_020,9,80,1,0,8.88888888888889,0.1111111111111111,94,524,0,0.1887952490430015,10.73
TX_004871,STORE_10,CHK_049,15,87,0,0,5.8,0.0,91,505,0,0.1888216724030975,10.73
TX_003461,STORE_04,CHK_007,13,93,0,0,7.153846153846154,0.0,95,478,0,0.1888740623353229,10.71
TX_003741,STORE_10,CHK_048,3,87,0,0,29.0,0.0,113,505,0,0.18891504924152014,10.7
TX_001413,STORE_04,CHK_022,6,85,1,0,14.166666666666666,0.16666666666666666,106,478,0,0.18894482624531406,10.7
TX_003507,STORE_07,CHK_009,13,132,1,0,10.153846153846153,0.07692307692307693,98,492,0,0.18897747905194906,10.69
TX_003358,STORE_07,CHK_040,3,104,0,0,34.666666666666664,0.0,114,492,0,0.1890273918753943,10.68
TX_000134,STORE_06,CHK_040,3,86,0,0,28.666666666666668,0.0,114,489,0,0.188998741566815,10.68
TX_000928,STORE_03,CHK_023,5,93,0,0,18.6,0.0,98,535,0,0.1890256568148625,10.68
TX_003263,STORE_07,CHK_007,4,90,1,0,22.5,0.25,95,492,0,0.18906824385339244,10.67
TX_003525,STORE_02,CHK_001,9,49,0,0,5.444444444444445,0.0,116,490,0,0.18905068662550073,10.67
TX_001851,STORE_06,CHK_001,11,119,0,0,10.818181818181818,0.0,116,489,0,0.18911126841970466,10.66
TX_002144,STORE_06,CHK_031,9,35,0,0,3.888888888888889,0.0,113,489,0,0.1890959277088191,10.66
TX_000756,STORE_04,CHK_002,13,103,0,0,7.923076923076923,0.0,105,478,0,0.1891032664630733,10.66
TX_000837,STORE_09,CHK_019,7,119,0,0,17.0,0.0,90,524,0,0.18910303117119925,10.66
TX_004506,STORE_04,CHK_038,5,105,0,0,21.0,0.0,92,478,0,0.189122558582622,10.65
TX_003178,STORE_08,CHK_019,9,145,0,0,16.11111111111111,0.0,90,509,0,0.18914059335915,10.65
TX_000204,STORE_10,CHK_005,6,102,0,0,17.0,0.0,84,505,0,0.18912490239617352,10.65
TX_003046,STORE_07,CHK_028,4,103,1,0,25.75,0.25,102,492,0,0.1891422197652739,10.65
TX_004508,STORE_08,CHK_031,5,106,1,0,21.2,0.2,113,509,0,0.18918161637651165,10.64
TX_004611,STORE_04,CHK_046,10,74,1,0,7.4,0.1,104,478,0,0.18924411911417005,10.62
TX_003348,STORE_10,CHK_008,6,83,0,0,13.833333333333334,0.0,85,505,0,0.18927376695142473,10.62
TX_003080,STORE_02,CHK_029,14,113,0,0,8.071428571428571,0.0,90,490,0,0.18924255631951203,10.62
TX_003801,STORE_04,CHK_028,10,119,1,0,11.9,0.1,102,478,0,0.18924614477698126,10.62
TX_001025,STORE_10,CHK_048,13,116,0,0,8.923076923076923,0.0,113,505,0,0.18928871551756604,10.61
TX_001612,STORE_04,CHK_017,9,80,1,0,8.88888888888889,0.1111111111111111,107,478,0,0.18934328466666245,10.6
TX_000979,STORE_03,CHK_046,7,72,0,0,10.285714285714286,0.0,104,535,0,0.18935620542677845,10.6
TX_003562,STORE_10,CHK_026,4,83,1,0,20.75,0.25,103,505,0,0.18939593798630966,10.59
TX_001107,STORE_04,CHK_028,10,71,1,0,7.1,0.1,102,478,0,0.18940189050612172,10.59
TX_000030,STORE_02,CHK_015,9,151,1,0,16.77777777777778,0.1111111111111111,104,490,0,0.18942483687037903,10.58
TX_002954,STORE_07,CHK_001,7,50,0,0,7.142857142857143,0.0,116,492,0,0.18947849301322744,10.57
TX_004071,STORE_02,CHK_023,2,52,0,0,26.0,0.0,98,490,0,0.18946345665853415,10.57
TX_001512,STORE_03,CHK_041,10,106,0,0,10.6,0.0,105,535,0,0.18951060697002287,10.56
TX_000782,STORE_07,CHK_040,14,83,0,0,5.928571428571429,0.0,114,492,0,0.1895211922837094,10.56
TX_002795,STORE_02,CHK_009,4,79,1,0,19.75,0.25,98,490,0,0.18956059941806502,10.55
TX_003574,STORE_10,CHK_032,5,77,1,0,15.4,0.2,111,505,0,0.18959634377093054,10.54
TX_002907,STORE_09,CHK_022,10,89,1,0,8.9,0.1,106,524,0,0.1895957207186611,10.54
TX_000776,STORE_04,CHK_024,5,73,0,0,14.6,0.0,92,478,0,0.18959097893033183,10.54
TX_000476,STORE_04,CHK_031,5,76,0,0,15.2,0.0,113,478,0,0.18958284999070935,10.54
TX_000293,STORE_03,CHK_046,6,100,0,0,16.666666666666668,0.0,104,535,0,0.18963831108030915,10.53
TX_002338,STORE_03,CHK_020,9,101,0,0,11.222222222222221,0.0,94,535,0,0.18961358414343826,10.53
TX_001047,STORE_02,CHK_024,12,116,1,0,9.666666666666666,0.08333333333333333,92,490,0,0.18964527770057482,10.53
TX_000098,STORE_09,CHK_050,7,139,0,0,19.857142857142858,0.0,102,524,0,0.18965628686423208,10.52
TX_002389,STORE_04,CHK_047,7,73,1,0,10.428571428571429,0.14285714285714285,95,478,0,0.1897042482368853,10.51
TX_001938,STORE_08,CHK_049,14,100,1,0,7.142857142857143,0.07142857142857142,91,509,0,0.18984582046767495,10.48
TX_001779,STORE_10,CHK_006,11,32,0,0,2.909090909090909,0.0,102,505,0,0.18994786243243317,10.45
TX_004828,STORE_08,CHK_018,2,67,0,0,33.5,0.0,97,509,0,0.18994404188402642,10.45
TX_000459,STORE_07,CHK_038,13,109,1,0,8.384615384615385,0.07692307692307693,92,492,0,0.1899666280997812,10.45
TX_001756,STORE_10,CHK_010,8,41,0,0,5.125,0.0,90,505,0,0.18999432571281394,10.44
TX_003831,STORE_08,CHK_014,4,106,1,0,26.5,0.25,103,509,0,0.19000583380677372,10.44
TX_000016,STORE_04,CHK_009,6,76,1,0,12.666666666666666,0.16666666666666666,98,478,0,0.190015605651273,10.44
TX_003474,STORE_02,CHK_035,5,85,1,0,17.0,0.2,114,490,0,0.19005030985469268,10.43
TX_003327,STORE_06,CHK_031,6,137,0,0,22.833333333333332,0.0,113,489,0,0.19005090761020382,10.43
TX_002309,STORE_09,CHK_018,6,80,1,0,13.333333333333334,0.16666666666666666,97,524,0,0.1900311006218235,10.43
TX_001924,STORE_03,CHK_041,7,108,0,0,15.428571428571429,0.0,105,535,0,0.19005951980879537,10.43
TX_004750,STORE_06,CHK_049,9,137,1,0,15.222222222222221,0.1111111111111111,91,489,0,0.1900779367646952,10.42
TX_003776,STORE_02,CHK_001,7,104,1,0,14.857142857142858,0.14285714285714285,116,490,0,0.19006648411083288,10.42
TX_002211,STORE_04,CHK_039,10,48,0,0,4.8,0.0,103,478,0,0.19007052444010375,10.42
TX_002542,STORE_08,CHK_001,12,102,0,0,8.5,0.0,116,509,0,0.1901085890436207,10.41
TX_004650,STORE_04,CHK_015,8,134,0,0,16.75,0.0,104,478,0,0.19011889605711402,10.41
TX_002418,STORE_02,CHK_040,6,120,1,0,20.0,0.16666666666666666,114,490,0,0.19011311683920484,10.41
TX_002455,STORE_04,CHK_048,7,62,0,0,8.857142857142858,0.0,113,478,0,0.1901581729061218,10.4
TX_004821,STORE_10,CHK_032,4,47,0,0,11.75,0.0,111,505,0,0.19017758281878105,10.4
TX_000606,STORE_09,CHK_007,12,120,0,0,10.0,0.0,95,524,0,0.19015176592305372,10.4
TX_002772,STORE_07,CHK_012,5,54,0,0,10.8,0.0,87,492,0,0.19016496378413555,10.4
TX_002321,STORE_03,CHK_022,8,98,0,0,12.25,0.0,106,535,0,0.19020374591406758,10.39
TX_003390,STORE_02,CHK_034,14,82,0,0,5.857142857142857,0.0,89,490,0,0.190216647645999,10.39
TX_001297,STORE_04,CHK_023,9,132,0,0,14.666666666666666,0.0,98,478,0,0.1902457005217713,10.38
TX_003625,STORE_07,CHK_045,14,61,0,0,4.357142857142857,0.0,91,492,0,0.190247934354845,10.38
TX_002352,STORE_01,CHK_006,8,156,0,0,19.5,0.0,102,509,0,0.1902913943166627,10.37
TX_001631,STORE_09,CHK_032,6,79,0,0,13.166666666666666,0.0,111,524,0,0.19028543135287207,10.37
TX_002409,STORE_10,CHK_008,8,62,0,0,7.75,0.0,85,505,0,0.19027123500455045,10.37
TX_001929,STORE_01,CHK_037,7,150,1,0,21.428571428571427,0.14285714285714285,99,509,0,0.1903839079742664,10.35
TX_004393,STORE_08,CHK_017,13,68,1,0,5.230769230769231,0.07692307692307693,107,509,0,0.19045922684532784,10.33
TX_000198,STORE_03,CHK_014,8,75,0,0,9.375,0.0,103,535,0,0.19048914010077994,10.32
TX_002803,STORE_10,CHK_038,4,120,0,0,30.0,0.0,92,505,0,0.1904962568257802,10.32
TX_002930,STORE_04,CHK_007,7,80,1,0,11.428571428571429,0.14285714285714285,95,478,0,0.19050858024000816,10.32
TX_000444,STORE_09,CHK_020,7,56,0,0,8.0,0.0,94,524,0,0.19055493857058947,10.31
TX_002888,STORE_06,CHK_028,9,154,0,0,17.11111111111111,0.0,102,489,0,0.1905410610794685,10.31
TX_002759,STORE_07,CHK_012,8,70,1,0,8.75,0.125,87,492,0,0.19056320240813124,10.3
TX_003999,STORE_10,CHK_015,11,55,1,0,5.0,0.09090909090909091,104,505,0,0.1906099524531345,10.29
TX_002794,STORE_03,CHK_042,6,86,0,0,14.333333333333334,0.0,95,535,0,0.19060692707219568,10.29
TX_000284,STORE_03,CHK_041,7,76,0,0,10.857142857142858,0.0,105,535,0,0.1906337858925482,10.29
TX_004091,STORE_04,CHK_021,10,130,0,0,13.0,0.0,101,478,0,0.1906377650178191,10.29
TX_001804,STORE_07,CHK_048,9,35,0,0,3.888888888888889,0.0,113,492,0,0.1906317983532314,10.29
TX_002765,STORE_09,CHK_009,9,74,1,0,8.222222222222221,0.1111111111111111,98,524,0,0.19063373576622794,10.29
TX_003950,STORE_01,CHK_047,14,121,1,0,8.642857142857142,0.07142857142857142,95,509,0,0.19060072577454695,10.29
TX_003586,STORE_09,CHK_021,9,135,0,0,15.0,0.0,101,524,0,0.1906686364746898,10.28
TX_003134,STORE_08,CHK_013,13,95,1,0,7.3076923076923075,0.07692307692307693,110,509,0,0.19065438254003092,10.28
TX_003935,STORE_03,CHK_042,7,108,0,0,15.428571428571429,0.0,95,535,0,0.19065345154573154,10.28
TX_001926,STORE_01,CHK_030,10,99,0,0,9.9,0.0,84,509,0,0.19071655420260458,10.27
TX_000365,STORE_10,CHK_028,9,40,1,0,4.444444444444445,0.1111111111111111,102,505,0,0.19075293035194413,10.26
TX_002495,STORE_04,CHK_038,9,64,0,0,7.111111111111111,0.0,92,478,0,0.19081925885292006,10.24
TX_002068,STORE_04,CHK_032,9,59,0,0,6.555555555555555,0.0,111,478,0,0.19086093549481248,10.23
TX_002242,STORE_01,CHK_022,4,135,0,0,33.75,0.0,106,509,0,0.1908804578559563,10.23
TX_003596,STORE_09,CHK_046,12,67,0,0,5.583333333333333,0.0,104,524,0,0.19085295749138453,10.23
TX_000420,STORE_08,CHK_012,6,102,1,0,17.0,0.16666666666666666,87,509,0,0.19089763544829852,10.22
TX_001546,STORE_10,CHK_050,5,50,1,0,10.0,0.2,102,505,0,0.1909250525470565,10.22
TX_002709,STORE_06,CHK_024,5,37,0,0,7.4,0.0,92,489,0,0.1909043900022384,10.22
TX_001823,STORE_01,CHK_035,11,100,1,0,9.090909090909092,0.09090909090909091,114,509,0,0.19088933783700468,10.22
TX_002119,STORE_02,CHK_001,12,100,0,0,8.333333333333334,0.0,116,490,0,0.19096074710149202,10.21
TX_001346,STORE_08,CHK_005,6,108,0,0,18.0,0.0,84,509,0,0.1910385569491317,10.19
TX_002873,STORE_09,CHK_047,6,93,1,0,15.5,0.16666666666666666,95,524,0,0.1910162132423,10.19
TX_001860,STORE_07,CHK_040,11,47,0,0,4.2727272727272725,0.0,114,492,0,0.19104895509139802,10.19
TX_001482,STORE_01,CHK_014,7,152,1,0,21.714285714285715,0.14285714285714285,103,509,0,0.1910308111290237,10.19
TX_001539,STORE_09,CHK_016,6,98,1,0,16.333333333333332,0.16666666666666666,104,524,0,0.19107136692935767,10.18
TX_003758,STORE_09,CHK_036,6,71,0,0,11.833333333333334,0.0,109,524,0,0.19108905034825574,10.18
TX_001872,STORE_07,CHK_022,6,154,0,0,25.666666666666668,0.0,106,492,0,0.1910860298129725,10.18
TX_004914,STORE_10,CHK_035,13,99,0,0,7.615384615384615,0.0,114,505,0,0.19110579749628803,10.17
TX_004259,STORE_04,CHK_046,4,61,0,0,15.25,0.0,104,478,0,0.19113503877649446,10.17
TX_001440,STORE_04,CHK_023,5,119,0,0,23.8,0.0,98,478,0,0.19113289560877933,10.17
TX_001131,STORE_09,CHK_038,8,119,0,0,14.875,0.0,92,524,0,0.19113861456581244,10.16
TX_002536,STORE_04,CHK_037,6,103,1,0,17.166666666666668,0.16666666666666666,99,478,0,0.19115348813875543,10.16
TX_004863,STORE_07,CHK_012,5,112,0,0,22.4,0.0,87,492,0,0.19120260909633346,10.15
TX_004833,STORE_01,CHK_030,8,111,0,0,13.875,0.0,84,509,0,0.19121540875752574,10.15
TX_003288,STORE_01,CHK_050,2,66,0,0,33.0,0.0,102,509,0,0.19119195803611005,10.15
TX_002929,STORE_08,CHK_037,14,71,1,0,5.071428571428571,0.07142857142857142,99,509,0,0.19122139616696388,10.14
TX_001732,STORE_04,CHK_007,8,75,1,0,9.375,0.125,95,478,0,0.19122066871046817,10.14
TX_002305,STORE_09,CHK_015,8,77,1,0,9.625,0.125,104,524,0,0.19126523912618282,10.13
TX_002947,STORE_01,CHK_034,11,80,1,0,7.2727272727272725,0.09090909090909091,89,509,0,0.1912982170011963,10.13
TX_002755,STORE_10,CHK_018,7,42,1,0,6.0,0.14285714285714285,97,505,0,0.191296845970078,10.13
TX_002152,STORE_07,CHK_049,13,108,1,0,8.307692307692308,0.07692307692307693,91,492,0,0.19127696762737367,10.13
TX_003231,STORE_03,CHK_003,10,92,0,0,9.2,0.0,97,535,0,0.19131196880511575,10.12
TX_002527,STORE_04,CHK_026,10,80,1,0,8.0,0.1,103,478,0,0.19133547702237053,10.12
TX_002221,STORE_09,CHK_023,8,69,1,0,8.625,0.125,98,524,0,0.19137626730860202,10.11
TX_004690,STORE_01,CHK_009,9,38,1,0,4.222222222222222,0.1111111111111111,98,509,0,0.19134666211733703,10.11
TX_003414,STORE_10,CHK_035,8,119,1,0,14.875,0.125,114,505,0,0.19136435261226398,10.11
TX_003958,STORE_09,CHK_039,7,50,0,0,7.142857142857143,0.0,103,524,0,0.19137288970610805,10.11
TX_003815,STORE_01,CHK_039,12,146,0,0,12.166666666666666,0.0,103,509,0,0.19142301429549802,10.1
TX_003149,STORE_01,CHK_014,12,147,0,0,12.25,0.0,103,509,0,0.19142301429549802,10.1
TX_000042,STORE_04,CHK_048,7,65,0,0,9.285714285714286,0.0,113,478,0,0.191394861267337,10.1
TX_003894,STORE_01,CHK_048,10,139,0,0,13.9,0.0,113,509,0,0.1914319298196997,10.09
TX_000457,STORE_07,CHK_034,14,102,0,0,7.285714285714286,0.0,89,492,0,0.19148228483750024,10.08
TX_002067,STORE_10,CHK_007,7,32,0,0,4.571428571428571,0.0,95,505,0,0.19150051980663457,10.08
TX_002392,STORE_08,CHK_040,13,95,0,0,7.3076923076923075,0.0,114,509,0,0.1914946142754667,10.08
TX_004290,STORE_06,CHK_014,10,46,1,0,4.6,0.1,103,489,0,0.19152300051376037,10.07
TX_003789,STORE_08,CHK_048,3,62,0,0,20.666666666666668,0.0,113,509,0,0.19151341429468322,10.07
TX_001339,STORE_02,CHK_048,5,80,1,0,16.0,0.2,113,490,0,0.19152242245157974,10.07
TX_001707,STORE_02,CHK_027,5,73,0,0,14.6,0.0,86,490,0,0.19153246148087616,10.07
TX_003362,STORE_10,CHK_024,6,125,1,0,20.833333333333332,0.16666666666666666,92,505,0,0.19160239942521917,10.05
TX_000893,STORE_09,CHK_026,10,133,0,0,13.3,0.0,103,524,0,0.19161315309809474,10.05
TX_004286,STORE_04,CHK_018,7,105,1,0,15.0,0.14285714285714285,97,478,0,0.19162693928952979,10.05
TX_002058,STORE_04,CHK_014,6,85,1,0,14.166666666666666,0.16666666666666666,103,478,0,0.19163047589357174,10.04
TX_000197,STORE_09,CHK_047,13,98,0,0,7.538461538461538,0.0,95,524,0,0.19163908755874948,10.04
TX_001313,STORE_03,CHK_003,10,95,0,0,9.5,0.0,97,535,0,0.19168333892613704,10.03
TX_000371,STORE_06,CHK_011,6,124,1,0,20.666666666666668,0.16666666666666666,111,489,0,0.19169947332675424,10.03
TX_003719,STORE_09,CHK_016,6,93,1,0,15.5,0.16666666666666666,104,524,0,0.19177417818235032,10.01
TX_004836,STORE_09,CHK_036,5,94,0,0,18.8,0.0,109,524,0,0.1918666089455947,9.99
TX_004571,STORE_02,CHK_034,3,91,0,0,30.333333333333332,0.0,89,490,0,0.19183741214018585,9.99
TX_004109,STORE_04,CHK_003,8,112,1,0,14.0,0.125,97,478,0,0.19185349690797754,9.99
TX_004055,STORE_07,CHK_027,6,121,0,0,20.166666666666668,0.0,86,492,0,0.19184299006688055,9.99
TX_004443,STORE_01,CHK_005,7,74,0,0,10.571428571428571,0.0,84,509,0,0.19184803881271012,9.99
TX_000590,STORE_01,CHK_036,10,39,0,0,3.9,0.0,109,509,0,0.19193061103430858,9.97
TX_002199,STORE_09,CHK_020,5,110,0,0,22.0,0.0,94,524,0,0.19191774514111565,9.97
TX_004700,STORE_04,CHK_042,11,60,0,0,5.454545454545454,0.0,95,478,0,0.19194994923044167,9.97
TX_004041,STORE_08,CHK_018,5,131,1,0,26.2,0.2,97,509,0,0.19196220828409233,9.96
TX_000680,STORE_09,CHK_029,8,112,0,0,14.0,0.0,90,524,0,0.19199879505868206,9.96
TX_001978,STORE_08,CHK_043,4,64,1,0,16.0,0.25,98,509,0,0.19201052122687157,9.95
TX_003506,STORE_07,CHK_003,8,36,1,0,4.5,0.125,97,492,0,0.19201468648540465,9.95
TX_001848,STORE_02,CHK_034,6,61,1,0,10.166666666666666,0.16666666666666666,89,490,0,0.1920100712832663,9.95
TX_002511,STORE_04,CHK_042,4,71,0,0,17.75,0.0,95,478,0,0.1920034613883737,9.95
TX_004178,STORE_01,CHK_008,6,110,0,0,18.333333333333332,0.0,85,509,0,0.1920517018265942,9.94
TX_002227,STORE_08,CHK_030,7,109,0,0,15.571428571428571,0.0,84,509,0,0.19208638178254617,9.93
TX_003545,STORE_03,CHK_028,8,106,0,0,13.25,0.0,102,535,0,0.19209713722438615,9.93
TX_004865,STORE_07,CHK_027,8,95,1,0,11.875,0.125,86,492,0,0.19215171632559058,9.92
TX_001884,STORE_03,CHK_041,9,88,0,0,9.777777777777779,0.0,105,535,0,0.19214302550220924,9.92
TX_000890,STORE_04,CHK_011,5,99,0,0,19.8,0.0,111,478,0,0.19218477419453445,9.91
TX_000339,STORE_04,CHK_004,12,100,0,0,8.333333333333334,0.0,95,478,0,0.19221305469751893,9.9
TX_004087,STORE_03,CHK_003,7,74,0,0,10.571428571428571,0.0,97,535,0,0.19225607876977457,9.89
TX_001793,STORE_09,CHK_042,4,93,0,0,23.25,0.0,95,524,0,0.19227869787929458,9.89
TX_001146,STORE_06,CHK_027,8,122,0,0,15.25,0.0,86,489,0,0.19231510474525498,9.88
TX_002955,STORE_04,CHK_049,10,75,0,0,7.5,0.0,91,478,0,0.19236584964016867,9.87
TX_002490,STORE_02,CHK_036,14,63,0,0,4.5,0.0,109,490,0,0.19235029688483013,9.87
TX_004926,STORE_10,CHK_036,10,60,1,0,6.0,0.1,109,505,0,0.19235197072895877,9.87
TX_004997,STORE_02,CHK_032,13,123,0,0,9.461538461538462,0.0,111,490,0,0.19235534302206903,9.87
TX_002034,STORE_01,CHK_010,6,58,1,0,9.666666666666666,0.16666666666666666,90,509,0,0.19233453219930857,9.87
TX_001639,STORE_04,CHK_002,9,50,0,0,5.555555555555555,0.0,105,478,0,0.1923983144814974,9.86
TX_003399,STORE_08,CHK_017,5,55,1,0,11.0,0.2,107,509,0,0.19238680334116526,9.86
TX_000812,STORE_09,CHK_041,8,103,1,0,12.875,0.125,105,524,0,0.19237257207363884,9.86
TX_002816,STORE_08,CHK_048,5,96,1,0,19.2,0.2,113,509,0,0.19242392496715488,9.85
TX_003324,STORE_04,CHK_009,5,114,0,0,22.8,0.0,98,478,0,0.1924471127139713,9.85
TX_002892,STORE_07,CHK_026,2,64,0,0,32.0,0.0,103,492,0,0.19247075906447775,9.84
TX_000563,STORE_08,CHK_046,10,49,1,0,4.9,0.1,104,509,0,0.19248605715262557,9.84
TX_001602,STORE_09,CHK_003,13,99,0,0,7.615384615384615,0.0,97,524,0,0.1924722611449775,9.84
TX_000808,STORE_02,CHK_019,11,75,1,0,6.818181818181818,0.09090909090909091,90,490,0,0.19253266767342053,9.83
TX_004822,STORE_01,CHK_035,7,117,1,0,16.714285714285715,0.14285714285714285,114,509,0,0.19252546741064552,9.83
TX_003508,STORE_10,CHK_045,3,58,0,0,19.333333333333332,0.0,91,505,0,0.192573142162636,9.82
TX_002569,STORE_02,CHK_031,6,37,0,0,6.166666666666667,0.0,113,490,0,0.19255462302371634,9.82
TX_000492,STORE_06,CHK_027,9,59,0,0,6.555555555555555,0.0,86,489,0,0.19256495530158302,9.82
TX_004697,STORE_04,CHK_032,9,65,0,0,7.222222222222222,0.0,111,478,0,0.19259207916086019,9.81
TX_001729,STORE_01,CHK_023,4,32,0,0,8.0,0.0,98,509,0,0.19261401931667843,9.81
TX_003345,STORE_02,CHK_027,8,55,0,0,6.875,0.0,86,490,0,0.19263566968045398,9.8
TX_002577,STORE_08,CHK_006,12,55,1,0,4.583333333333333,0.08333333333333333,102,509,0,0.19261841287796289,9.8
TX_000819,STORE_08,CHK_017,12,44,0,0,3.6666666666666665,0.0,107,509,0,0.1926233662212039,9.8
TX_000789,STORE_09,CHK_042,12,110,0,0,9.166666666666666,0.0,95,524,0,0.19268988423995326,9.79
TX_001449,STORE_10,CHK_036,14,71,0,0,5.071428571428571,0.0,109,505,0,0.19266182293686557,9.79
TX_003901,STORE_09,CHK_047,4,90,0,0,22.5,0.0,95,524,0,0.1926992245972774,9.79
TX_002988,STORE_04,CHK_018,4,66,0,0,16.5,0.0,97,478,0,0.1927365026406508,9.78
TX_000158,STORE_04,CHK_020,8,101,1,0,12.625,0.125,94,478,0,0.19278015150261335,9.77
TX_002472,STORE_10,CHK_003,6,46,1,0,7.666666666666667,0.16666666666666666,97,505,0,0.19274946806233406,9.77
TX_001456,STORE_03,CHK_018,7,111,0,0,15.857142857142858,0.0,97,535,0,0.19283651225706022,9.75
TX_002421,STORE_03,CHK_014,8,103,0,0,12.875,0.0,103,535,0,0.1928635956728259,9.75
TX_002078,STORE_09,CHK_039,4,97,0,0,24.25,0.0,103,524,0,0.1928359523062545,9.75
TX_000306,STORE_10,CHK_036,5,132,0,0,26.4,0.0,109,505,0,0.19287709621696159,9.74
TX_003553,STORE_02,CHK_007,13,132,0,0,10.153846153846153,0.0,95,490,0,0.19290447923157722,9.74
TX_003200,STORE_04,CHK_006,6,101,1,0,16.833333333333332,0.16666666666666666,102,478,0,0.19293817612171876,9.73
TX_001816,STORE_09,CHK_011,6,84,0,0,14.0,0.0,111,524,0,0.19292971699440403,9.73
TX_004360,STORE_09,CHK_003,9,108,1,0,12.0,0.1111111111111111,97,524,0,0.19295242677676355,9.72
TX_004900,STORE_01,CHK_015,8,151,1,0,18.875,0.125,104,509,0,0.19297960426139132,9.72
TX_004417,STORE_04,CHK_031,7,110,0,0,15.714285714285714,0.0,113,478,0,0.19299827291643312,9.71
TX_001287,STORE_09,CHK_031,8,80,0,0,10.0,0.0,113,524,0,0.1930165228561131,9.71
TX_003435,STORE_06,CHK_017,12,66,1,0,5.5,0.08333333333333333,107,489,0,0.19308269713585235,9.69
TX_002466,STORE_03,CHK_003,7,102,0,0,14.571428571428571,0.0,97,535,0,0.1930997440697823,9.69
TX_004537,STORE_06,CHK_001,10,119,0,0,11.9,0.0,116,489,0,0.19308691351672286,9.69
TX_004788,STORE_08,CHK_017,5,35,0,0,7.0,0.0,107,509,0,0.1931252104668561,9.68
TX_002462,STORE_08,CHK_019,5,130,0,0,26.0,0.0,90,509,0,0.19313562516784066,9.68
TX_002225,STORE_08,CHK_002,14,111,1,0,7.928571428571429,0.07142857142857142,105,509,0,0.19317860158375427,9.67
TX_003382,STORE_01,CHK_008,8,63,0,0,7.875,0.0,85,509,0,0.19317957473279607,9.67
TX_001098,STORE_10,CHK_015,9,32,0,0,3.5555555555555554,0.0,104,505,0,0.1931600691966504,9.67
TX_002841,STORE_09,CHK_037,9,109,1,0,12.11111111111111,0.1111111111111111,99,524,0,0.1931621637114107,9.67
TX_001563,STORE_03,CHK_014,8,79,0,0,9.875,0.0,103,535,0,0.19316455157887857,9.67
TX_004225,STORE_09,CHK_015,10,108,1,0,10.8,0.1,104,524,0,0.1932005295949873,9.66
TX_001571,STORE_03,CHK_021,7,83,0,0,11.857142857142858,0.0,101,535,0,0.1932514917941393,9.65
TX_002909,STORE_07,CHK_036,14,62,0,0,4.428571428571429,0.0,109,492,0,0.19326230821821755,9.65
TX_001090,STORE_06,CHK_020,8,143,0,0,17.875,0.0,94,489,0,0.19324928470709507,9.65
TX_004468,STORE_07,CHK_010,3,59,0,0,19.666666666666668,0.0,90,492,0,0.1932360453317173,9.65
TX_000527,STORE_06,CHK_001,5,66,0,0,13.2,0.0,116,489,0,0.19323868228717578,9.65
TX_003968,STORE_03,CHK_009,6,79,0,0,13.166666666666666,0.0,98,535,0,0.19327066262477255,9.65
TX_001193,STORE_10,CHK_045,5,65,1,0,13.0,0.2,91,505,0,0.1932928095201582,9.64
TX_000879,STORE_09,CHK_037,7,110,1,0,15.714285714285714,0.14285714285714285,99,524,0,0.1933433332266163,9.63
TX_002004,STORE_06,CHK_013,9,55,1,0,6.111111111111111,0.1111111111111111,110,489,0,0.19333661216096354,9.63
TX_004741,STORE_03,CHK_007,7,82,0,0,11.714285714285714,0.0,95,535,0,0.19332577008764323,9.63
TX_001704,STORE_09,CHK_048,10,102,0,0,10.2,0.0,113,524,0,0.19338498482376087,9.62
TX_000913,STORE_03,CHK_028,9,98,0,0,10.88888888888889,0.0,102,535,0,0.19337298887803073,9.62
TX_001080,STORE_03,CHK_041,8,94,0,0,11.75,0.0,105,535,0,0.19338294990193466,9.62
TX_004238,STORE_06,CHK_026,15,100,0,0,6.666666666666667,0.0,103,489,0,0.19341389362824296,9.61
TX_003243,STORE_01,CHK_027,10,65,0,0,6.5,0.0,86,509,0,0.19341734790396908,9.61
TX_003608,STORE_01,CHK_027,10,65,0,0,6.5,0.0,86,509,0,0.19341734790396908,9.61
TX_002775,STORE_07,CHK_049,13,105,1,0,8.076923076923077,0.07692307692307693,91,492,0,0.19344859653438923,9.6
TX_000442,STORE_04,CHK_003,8,129,0,0,16.125,0.0,97,478,0,0.19345064548953533,9.6
TX_000417,STORE_04,CHK_007,9,102,1,0,11.333333333333334,0.1111111111111111,95,478,0,0.19344926948674923,9.6
TX_004912,STORE_04,CHK_022,4,89,0,0,22.25,0.0,106,478,0,0.19348811938604393,9.59
TX_003280,STORE_01,CHK_011,11,120,1,0,10.909090909090908,0.09090909090909091,111,509,0,0.1935205535214513,9.59
TX_001163,STORE_09,CHK_029,9,81,0,0,9.0,0.0,90,524,0,0.19355018054327333,9.58
TX_003591,STORE_10,CHK_004,15,85,0,0,5.666666666666667,0.0,95,505,0,0.19354775024458415,9.58
TX_002387,STORE_06,CHK_019,3,79,0,0,26.333333333333332,0.0,90,489,0,0.19352637000888256,9.58
TX_004638,STORE_03,CHK_009,8,110,0,0,13.75,0.0,98,535,0,0.1935584097452892,9.58
TX_002689,STORE_09,CHK_032,11,90,0,0,8.181818181818182,0.0,111,524,0,0.19358546560147877,9.57
TX_001674,STORE_06,CHK_050,6,148,0,0,24.666666666666668,0.0,102,489,0,0.19361081569903538,9.56
TX_002306,STORE_08,CHK_048,14,93,0,0,6.642857142857143,0.0,113,509,0,0.19363014180573546,9.56
TX_001304,STORE_07,CHK_050,6,40,1,0,6.666666666666667,0.16666666666666666,102,492,0,0.1936444625713477,9.56
TX_004736,STORE_10,CHK_012,9,121,0,0,13.444444444444445,0.0,87,505,0,0.19365502159946862,9.55
TX_002805,STORE_06,CHK_035,4,62,0,0,15.5,0.0,114,489,0,0.19366620452871286,9.55
TX_002243,STORE_08,CHK_046,8,150,1,0,18.75,0.125,104,509,0,0.19371857601258974,9.54
TX_004576,STORE_02,CHK_048,6,132,0,0,22.0,0.0,113,490,0,0.19376270226067682,9.53
TX_002060,STORE_09,CHK_028,13,97,0,0,7.461538461538462,0.0,102,524,0,0.19379503445399415,9.52
TX_004888,STORE_10,CHK_045,3,82,0,0,27.333333333333332,0.0,91,505,0,0.19380062269298182,9.52
TX_004425,STORE_04,CHK_007,5,70,0,0,14.0,0.0,95,478,0,0.19384497818065505,9.51
TX_001293,STORE_06,CHK_040,13,90,0,0,6.923076923076923,0.0,114,489,0,0.19388512067881597,9.5
TX_001364,STORE_10,CHK_045,12,129,0,0,10.75,0.0,91,505,0,0.19386317616117865,9.5
TX_002037,STORE_03,CHK_004,9,91,0,0,10.11111111111111,0.0,95,535,0,0.19392618905188497,9.49
TX_000526,STORE_02,CHK_008,6,78,0,0,13.0,0.0,85,490,0,0.1939097543618737,9.49
TX_001180,STORE_09,CHK_037,12,117,0,0,9.75,0.0,99,524,0,0.19394312758390148,9.48
TX_003044,STORE_09,CHK_029,7,78,0,0,11.142857142857142,0.0,90,524,0,0.193976377299174,9.47
TX_001915,STORE_07,CHK_019,3,83,0,0,27.666666666666668,0.0,90,492,0,0.19401068207740962,9.47
TX_000317,STORE_08,CHK_014,6,141,1,0,23.5,0.16666666666666666,103,509,0,0.19399985722135876,9.47
TX_000366,STORE_02,CHK_043,10,45,1,0,4.5,0.1,98,490,0,0.19404708419938993,9.46
TX_001324,STORE_08,CHK_026,4,93,1,0,23.25,0.25,103,509,0,0.19402770624273263,9.46
TX_000386,STORE_09,CHK_022,8,93,1,0,11.625,0.125,106,524,0,0.19408921312575161,9.45
TX_004010,STORE_09,CHK_037,8,108,1,0,13.5,0.125,99,524,0,0.19406241707273486,9.45
TX_004811,STORE_06,CHK_008,10,85,0,0,8.5,0.0,85,489,0,0.1941357180633289,9.44
TX_004840,STORE_10,CHK_022,14,92,1,0,6.571428571428571,0.07142857142857142,106,505,0,0.19415072471285588,9.43
TX_003171,STORE_02,CHK_004,5,116,1,0,23.2,0.2,95,490,0,0.1941484182879219,9.43
TX_001128,STORE_04,CHK_036,10,113,0,0,11.3,0.0,109,478,0,0.19416889983707036,9.43
TX_000079,STORE_02,CHK_007,7,137,1,0,19.571428571428573,0.14285714285714285,95,490,0,0.19414676280940285,9.43
TX_003985,STORE_04,CHK_004,12,92,0,0,7.666666666666667,0.0,95,478,0,0.1942172486297224,9.42
TX_001853,STORE_10,CHK_010,5,125,0,0,25.0,0.0,90,505,0,0.1941908253084914,9.42
TX_004862,STORE_02,CHK_017,7,29,0,0,4.142857142857143,0.0,107,490,0,0.19423053778856925,9.41
TX_002174,STORE_03,CHK_006,7,81,0,0,11.571428571428571,0.0,102,535,0,0.19424417222900614,9.41
TX_004138,STORE_08,CHK_009,11,55,1,0,5.0,0.09090909090909091,98,509,0,0.19426146626341106,9.41
TX_003370,STORE_07,CHK_045,11,65,1,0,5.909090909090909,0.09090909090909091,91,492,0,0.19430050094544482,9.4
TX_003573,STORE_10,CHK_006,14,110,1,0,7.857142857142857,0.07142857142857142,102,505,0,0.19429629193674536,9.4
TX_002917,STORE_03,CHK_018,7,80,0,0,11.428571428571429,0.0,97,535,0,0.1943074299678792,9.39
TX_001371,STORE_03,CHK_009,9,106,0,0,11.777777777777779,0.0,98,535,0,0.1943194729069017,9.39
TX_002161,STORE_10,CHK_016,7,33,0,0,4.714285714285714,0.0,104,505,0,0.1943397431435664,9.39
TX_003025,STORE_01,CHK_009,15,108,0,0,7.2,0.0,98,509,0,0.1943101530074549,9.39
TX_000564,STORE_01,CHK_031,5,122,0,0,24.4,0.0,113,509,0,0.1943697119209511,9.38
TX_001624,STORE_02,CHK_028,15,69,0,0,4.6,0.0,102,490,0,0.1943587660727344,9.38
TX_000982,STORE_09,CHK_009,8,121,1,0,15.125,0.125,98,524,0,0.19438021054919397,9.38
TX_000292,STORE_02,CHK_011,6,137,0,0,22.833333333333332,0.0,111,490,0,0.194367743734786,9.38
TX_004339,STORE_04,CHK_032,7,66,0,0,9.428571428571429,0.0,111,478,0,0.19436754983890492,9.38
TX_004074,STORE_09,CHK_028,5,112,0,0,22.4,0.0,102,524,0,0.19439467360804064,9.37
TX_004436,STORE_02,CHK_048,6,60,1,0,10.0,0.16666666666666666,113,490,0,0.19440954266385246,9.37
TX_004459,STORE_08,CHK_009,4,89,1,0,22.25,0.25,98,509,0,0.19440047875558797,9.37
TX_004655,STORE_09,CHK_016,10,103,1,0,10.3,0.1,104,524,0,0.1944358657971097,9.36
TX_003804,STORE_04,CHK_037,7,86,1,0,12.285714285714286,0.14285714285714285,99,478,0,0.1944562555409483,9.36
TX_000150,STORE_10,CHK_001,5,98,0,0,19.6,0.0,116,505,0,0.1944889239844863,9.35
TX_004124,STORE_09,CHK_021,7,107,1,0,15.285714285714286,0.14285714285714285,101,524,0,0.19454997545811348,9.34
TX_003887,STORE_03,CHK_009,6,82,0,0,13.666666666666666,0.0,98,535,0,0.19458719461802398,9.33
TX_001495,STORE_09,CHK_021,7,106,1,0,15.142857142857142,0.14285714285714285,101,524,0,0.19460271755424696,9.32
TX_004104,STORE_07,CHK_049,7,142,0,0,20.285714285714285,0.0,91,492,0,0.1946237715708593,9.32
TX_001060,STORE_04,CHK_041,4,84,0,0,21.0,0.0,105,478,0,0.19462102726224656,9.32
TX_001972,STORE_04,CHK_045,8,70,0,0,8.75,0.0,91,478,0,0.19466319548404465,9.31
TX_003914,STORE_09,CHK_022,7,59,0,0,8.428571428571429,0.0,106,524,0,0.19468488237750492,9.3
TX_004954,STORE_10,CHK_014,3,110,0,0,36.666666666666664,0.0,103,505,0,0.19470907049690056,9.3
TX_004151,STORE_02,CHK_013,12,78,1,0,6.5,0.08333333333333333,110,490,0,0.1947510275231234,9.29
TX_002911,STORE_02,CHK_030,7,83,0,0,11.857142857142858,0.0,84,490,0,0.19477936574505084,9.28
TX_002023,STORE_04,CHK_049,6,75,0,0,12.5,0.0,91,478,0,0.1947640422498475,9.28
TX_000201,STORE_02,CHK_049,12,129,0,0,10.75,0.0,91,490,0,0.19476395104655703,9.28
TX_001619,STORE_02,CHK_018,14,106,1,0,7.571428571428571,0.07142857142857142,97,490,0,0.1948295094562772,9.27
TX_002965,STORE_01,CHK_035,6,92,1,0,15.333333333333334,0.16666666666666666,114,509,0,0.19486914897984836,9.26
TX_002984,STORE_07,CHK_041,14,108,1,0,7.714285714285714,0.07142857142857142,105,492,0,0.19486927221132316,9.26
TX_000533,STORE_07,CHK_040,5,121,0,0,24.2,0.0,114,492,0,0.1948831316531317,9.25
TX_002185,STORE_06,CHK_005,8,95,0,0,11.875,0.0,84,489,0,0.19495532287975825,9.24
TX_002593,STORE_06,CHK_010,10,67,1,0,6.7,0.1,90,489,0,0.1949798221200954,9.23
TX_002327,STORE_07,CHK_050,12,35,0,0,2.9166666666666665,0.0,102,492,0,0.1949745287201245,9.23
TX_001681,STORE_07,CHK_049,3,52,0,0,17.333333333333332,0.0,91,492,0,0.19498359490987754,9.23
TX_002028,STORE_02,CHK_045,10,40,0,0,4.0,0.0,91,490,0,0.19502795800355632,9.22
TX_004246,STORE_02,CHK_023,15,103,0,0,6.866666666666666,0.0,98,490,0,0.195009241135788,9.22
TX_002652,STORE_06,CHK_008,8,74,0,0,9.25,0.0,85,489,0,0.19502514003388371,9.22
TX_003062,STORE_01,CHK_032,9,127,1,0,14.11111111111111,0.1111111111111111,111,509,0,0.19507329954039393,9.21
TX_004662,STORE_09,CHK_026,10,93,1,0,9.3,0.1,103,524,0,0.1950855778035574,9.21
TX_000636,STORE_03,CHK_016,8,81,0,0,10.125,0.0,104,535,0,0.19508055888645126,9.21
TX_003012,STORE_09,CHK_014,4,92,0,0,23.0,0.0,103,524,0,0.19508519538020902,9.21
TX_000790,STORE_03,CHK_016,8,81,0,0,10.125,0.0,104,535,0,0.19508055888645126,9.21
TX_001233,STORE_06,CHK_048,11,86,1,0,7.818181818181818,0.09090909090909091,113,489,0,0.1951130077094465,9.2
TX_003411,STORE_04,CHK_007,8,82,1,0,10.25,0.125,95,478,0,0.19512674681477543,9.2
TX_004242,STORE_07,CHK_040,8,121,1,0,15.125,0.125,114,492,0,0.19516275665424127,9.19
TX_001212,STORE_03,CHK_004,8,88,0,0,11.0,0.0,95,535,0,0.19513419423065176,9.19
TX_000178,STORE_04,CHK_023,8,80,1,0,10.0,0.125,98,478,0,0.19517795202755495,9.18
TX_001148,STORE_10,CHK_002,3,105,0,0,35.0,0.0,105,505,0,0.1952167089367688,9.17
TX_003812,STORE_09,CHK_026,4,81,0,0,20.25,0.0,103,524,0,0.1952364799116189,9.17
TX_004893,STORE_09,CHK_050,4,92,0,0,23.0,0.0,102,524,0,0.1952428756136979,9.17
TX_004670,STORE_07,CHK_014,12,58,1,0,4.833333333333333,0.08333333333333333,103,492,0,0.19529073473209096,9.16
TX_003962,STORE_07,CHK_006,10,153,0,0,15.3,0.0,102,492,0,0.19525958077734368,9.16
TX_001242,STORE_04,CHK_006,7,49,0,0,7.0,0.0,102,478,0,0.19530941734230672,9.15
TX_000489,STORE_04,CHK_043,12,82,0,0,6.833333333333333,0.0,98,478,0,0.1953227607441465,9.15
TX_001479,STORE_01,CHK_030,7,87,0,0,12.428571428571429,0.0,84,509,0,0.19535433743016545,9.14
TX_000894,STORE_04,CHK_042,8,90,1,0,11.25,0.125,95,478,0,0.1954112025131005,9.13
TX_001336,STORE_04,CHK_018,4,83,0,0,20.75,0.0,97,478,0,0.1954515611674102,9.12
TX_002376,STORE_01,CHK_045,12,111,1,0,9.25,0.08333333333333333,91,509,0,0.1954338169411024,9.12
TX_001871,STORE_03,CHK_050,8,87,0,0,10.875,0.0,102,535,0,0.19545439317014612,9.12
TX_002045,STORE_09,CHK_002,11,124,0,0,11.272727272727273,0.0,105,524,0,0.19543342488519827,9.12
TX_001864,STORE_10,CHK_014,14,85,1,0,6.071428571428571,0.07142857142857142,103,505,0,0.1954915070273947,9.11
TX_002785,STORE_07,CHK_002,14,89,1,0,6.357142857142857,0.07142857142857142,105,492,0,0.1954627500834385,9.11
TX_001752,STORE_01,CHK_045,14,74,0,0,5.285714285714286,0.0,91,509,0,0.19550215004106092,9.1
TX_002824,STORE_02,CHK_007,7,135,1,0,19.285714285714285,0.14285714285714285,95,490,0,0.1955152336004496,9.1
TX_003892,STORE_04,CHK_014,10,54,0,0,5.4,0.0,103,478,0,0.19550563340946325,9.1
TX_003751,STORE_09,CHK_019,10,86,0,0,8.6,0.0,90,524,0,0.19555199011659347,9.09
TX_002118,STORE_08,CHK_016,6,154,0,0,25.666666666666668,0.0,104,509,0,0.19560357058474787,9.08
TX_002792,STORE_02,CHK_040,10,80,1,0,8.0,0.1,114,490,0,0.19565792575410917,9.07
TX_000898,STORE_02,CHK_016,8,43,1,0,5.375,0.125,104,490,0,0.1956811405959123,9.06
TX_002110,STORE_03,CHK_043,7,105,0,0,15.0,0.0,98,535,0,0.19568668005404688,9.06
TX_004004,STORE_10,CHK_036,3,95,0,0,31.666666666666668,0.0,109,505,0,0.19573006099434426,9.05
TX_002228,STORE_09,CHK_011,7,91,0,0,13.0,0.0,111,524,0,0.19577959378249543,9.04
TX_001581,STORE_01,CHK_048,8,46,0,0,5.75,0.0,113,509,0,0.19574582285061243,9.04
TX_000066,STORE_02,CHK_047,10,34,0,0,3.4,0.0,95,490,0,0.19583249774751715,9.02
TX_004714,STORE_06,CHK_003,13,79,1,0,6.076923076923077,0.07692307692307693,97,489,0,0.19589010798031298,9.01
TX_004215,STORE_01,CHK_034,5,52,0,0,10.4,0.0,89,509,0,0.19587372122493896,9.01
TX_000469,STORE_09,CHK_045,7,103,0,0,14.714285714285714,0.0,91,524,0,0.19599649963901378,8.98
TX_003351,STORE_08,CHK_032,12,94,1,0,7.833333333333333,0.08333333333333333,111,509,0,0.19611276799706762,8.96
TX_001391,STORE_10,CHK_012,11,89,0,0,8.090909090909092,0.0,87,505,0,0.1961311337218618,8.95
TX_003787,STORE_02,CHK_026,14,52,0,0,3.7142857142857144,0.0,103,490,0,0.1961713707397328,8.94
TX_003762,STORE_10,CHK_048,13,90,0,0,6.923076923076923,0.0,113,505,0,0.1961717561459651,8.94
TX_003566,STORE_08,CHK_030,8,94,0,0,11.75,0.0,84,509,0,0.1962371952330224,8.93
TX_003165,STORE_09,CHK_023,7,104,1,0,14.857142857142858,0.14285714285714285,98,524,0,0.19626039851921862,8.92
TX_003372,STORE_04,CHK_009,7,127,0,0,18.142857142857142,0.0,98,478,0,0.19624757767477746,8.92
TX_001966,STORE_07,CHK_050,6,43,1,0,7.166666666666667,0.16666666666666666,102,492,0,0.19626487390299752,8.92
TX_000068,STORE_09,CHK_039,9,59,0,0,6.555555555555555,0.0,103,524,0,0.1962871749758946,8.91
TX_000676,STORE_07,CHK_035,4,108,0,0,27.0,0.0,114,492,0,0.19636216731994077,8.9
TX_004737,STORE_02,CHK_049,5,130,0,0,26.0,0.0,91,490,0,0.19634719513919885,8.9
TX_000221,STORE_10,CHK_031,6,83,1,0,13.833333333333334,0.16666666666666666,113,505,0,0.196370622112723,8.89
TX_003145,STORE_06,CHK_009,9,149,0,0,16.555555555555557,0.0,98,489,0,0.19640251589614793,8.89
TX_003495,STORE_08,CHK_029,13,80,0,0,6.153846153846154,0.0,90,509,0,0.19639203200655608,8.89
TX_001485,STORE_10,CHK_011,6,108,1,0,18.0,0.16666666666666666,111,505,0,0.19642982183329033,8.88
TX_003002,STORE_06,CHK_007,12,46,0,0,3.8333333333333335,0.0,95,489,0,0.1964548841400129,8.87
TX_000510,STORE_07,CHK_027,10,67,0,0,6.7,0.0,86,492,0,0.19652492779827707,8.86
TX_004573,STORE_04,CHK_039,9,101,1,0,11.222222222222221,0.1111111111111111,103,478,0,0.1965202161162577,8.86
TX_002546,STORE_07,CHK_030,8,88,0,0,11.0,0.0,84,492,0,0.19649562485266525,8.86
TX_004518,STORE_07,CHK_009,10,49,1,0,4.9,0.1,98,492,0,0.19656957832885275,8.84
TX_001885,STORE_08,CHK_042,12,48,0,0,4.0,0.0,95,509,0,0.19667310535130283,8.82
TX_002730,STORE_07,CHK_034,7,63,1,0,9.0,0.14285714285714285,89,492,0,0.19666845357985052,8.82
TX_002081,STORE_04,CHK_015,12,92,0,0,7.666666666666667,0.0,104,478,0,0.19667191941101658,8.82
TX_000844,STORE_04,CHK_015,11,65,0,0,5.909090909090909,0.0,104,478,0,0.19670110636071558,8.81
TX_002106,STORE_10,CHK_023,10,141,1,0,14.1,0.1,98,505,0,0.1967294867812608,8.81
TX_002691,STORE_04,CHK_039,11,120,0,0,10.909090909090908,0.0,103,478,0,0.19672352654870973,8.81
TX_004569,STORE_02,CHK_026,15,103,0,0,6.866666666666666,0.0,103,490,0,0.1967428464133218,8.8
TX_001888,STORE_08,CHK_024,11,73,1,0,6.636363636363637,0.09090909090909091,92,509,0,0.19677236173394852,8.8
TX_002350,STORE_01,CHK_032,4,53,0,0,13.25,0.0,111,509,0,0.19679962699203096,8.79
TX_001518,STORE_07,CHK_013,10,40,0,0,4.0,0.0,110,492,0,0.19677432743452344,8.79
TX_004022,STORE_10,CHK_039,14,98,1,0,7.0,0.07142857142857142,103,505,0,0.19682423795784076,8.78
TX_002050,STORE_08,CHK_026,5,55,1,0,11.0,0.2,103,509,0,0.196817071287543,8.78
TX_002823,STORE_01,CHK_017,4,44,0,0,11.0,0.0,107,509,0,0.19684381078704954,8.78
TX_001011,STORE_10,CHK_035,7,95,1,0,13.571428571428571,0.14285714285714285,114,505,0,0.19683470617082072,8.78
TX_000805,STORE_10,CHK_039,13,130,0,0,10.0,0.0,103,505,0,0.19686970539985132,8.77
TX_002904,STORE_04,CHK_026,4,90,0,0,22.5,0.0,103,478,0,0.19688171959355555,8.77
TX_004834,STORE_06,CHK_039,5,111,1,0,22.2,0.2,103,489,0,0.19688496174145298,8.77
TX_002635,STORE_08,CHK_010,12,95,1,0,7.916666666666667,0.08333333333333333,90,509,0,0.19696778810396903,8.75
TX_001588,STORE_06,CHK_012,6,110,0,0,18.333333333333332,0.0,87,489,0,0.1969510313998597,8.75
TX_004999,STORE_08,CHK_029,11,103,1,0,9.363636363636363,0.09090909090909091,90,509,0,0.19694350771054075,8.75
TX_000335,STORE_09,CHK_017,5,90,0,0,18.0,0.0,107,524,0,0.19702162028250964,8.73
TX_004622,STORE_09,CHK_046,9,97,1,0,10.777777777777779,0.1111111111111111,104,524,0,0.19707050038910284,8.72
TX_000238,STORE_07,CHK_050,4,133,0,0,33.25,0.0,102,492,0,0.19709970468370436,8.72
TX_004343,STORE_04,CHK_048,8,77,0,0,9.625,0.0,113,478,0,0.1971377468596906,8.71
TX_004102,STORE_06,CHK_015,5,63,1,0,12.6,0.2,104,489,0,0.19712339246190452,8.71
TX_002622,STORE_04,CHK_011,7,104,0,0,14.857142857142858,0.0,111,478,0,0.19712965163933516,8.71
TX_000578,STORE_10,CHK_029,5,57,0,0,11.4,0.0,90,505,0,0.19713898333899904,8.71
TX_001608,STORE_09,CHK_006,12,105,0,0,8.75,0.0,102,524,0,0.19716562409224297,8.7
TX_003902,STORE_01,CHK_046,10,152,0,0,15.2,0.0,104,509,0,0.19722356057861962,8.69
TX_004299,STORE_02,CHK_004,9,140,1,0,15.555555555555555,0.1111111111111111,95,490,0,0.19721764047651968,8.69
TX_003077,STORE_02,CHK_007,9,140,1,0,15.555555555555555,0.1111111111111111,95,490,0,0.19721764047651968,8.69
TX_003229,STORE_06,CHK_011,9,139,0,0,15.444444444444445,0.0,111,489,0,0.19725408640531505,8.68
TX_003103,STORE_07,CHK_029,6,62,1,0,10.333333333333334,0.16666666666666666,90,492,0,0.19725813565119826,8.68
TX_004495,STORE_06,CHK_012,10,108,0,0,10.8,0.0,87,489,0,0.19727540565972274,8.67
TX_003184,STORE_08,CHK_024,7,140,0,0,20.0,0.0,92,509,0,0.1973032215832563,8.67
TX_001247,STORE_01,CHK_036,4,117,0,0,29.25,0.0,109,509,0,0.1972931737861447,8.67
TX_004936,STORE_04,CHK_002,8,53,0,0,6.625,0.0,105,478,0,0.19731541811397524,8.66
TX_003926,STORE_02,CHK_022,7,148,0,0,21.142857142857142,0.0,106,490,0,0.19732430005199586,8.66
TX_001340,STORE_06,CHK_034,6,89,1,0,14.833333333333334,0.16666666666666666,89,489,0,0.19732902852120804,8.66
TX_004176,STORE_10,CHK_017,6,39,0,0,6.5,0.0,107,505,0,0.1974012540772333,8.64
TX_003832,STORE_02,CHK_045,7,141,0,0,20.142857142857142,0.0,91,490,0,0.19742855773975904,8.64
TX_000843,STORE_04,CHK_007,8,119,0,0,14.875,0.0,95,478,0,0.19744930254612608,8.63
TX_001805,STORE_06,CHK_012,5,90,0,0,18.0,0.0,87,489,0,0.19749521607315973,8.62
TX_004199,STORE_08,CHK_042,11,45,0,0,4.090909090909091,0.0,95,509,0,0.19749742043464363,8.62
TX_004823,STORE_06,CHK_040,5,114,0,0,22.8,0.0,114,489,0,0.1974758188073204,8.62
TX_002662,STORE_02,CHK_013,5,46,0,0,9.2,0.0,110,490,0,0.19747639364091601,8.62
TX_001481,STORE_10,CHK_048,10,93,1,0,9.3,0.1,113,505,0,0.19754798627573367,8.61
TX_000865,STORE_09,CHK_026,7,83,1,0,11.857142857142858,0.14285714285714285,103,524,0,0.19757499855180677,8.6
TX_000644,STORE_01,CHK_045,14,83,0,0,5.928571428571429,0.0,91,509,0,0.19758930858583246,8.6
TX_003722,STORE_09,CHK_032,9,86,0,0,9.555555555555555,0.0,111,524,0,0.19757603290390557,8.6
TX_003623,STORE_07,CHK_021,7,138,1,0,19.714285714285715,0.14285714285714285,101,492,0,0.19761118866443234,8.59
TX_000591,STORE_04,CHK_004,11,73,0,0,6.636363636363637,0.0,95,478,0,0.19760376463133472,8.59
TX_003271,STORE_07,CHK_014,9,152,0,0,16.88888888888889,0.0,103,492,0,0.19760710329002346,8.59
TX_000229,STORE_10,CHK_018,7,150,0,0,21.428571428571427,0.0,97,505,0,0.1976087319429049,8.59
TX_000397,STORE_07,CHK_023,6,47,1,0,7.833333333333333,0.16666666666666666,98,492,0,0.19762471004966686,8.59
TX_002143,STORE_10,CHK_014,14,117,0,0,8.357142857142858,0.0,103,505,0,0.19767707968645937,8.58
TX_003637,STORE_02,CHK_048,11,109,1,0,9.909090909090908,0.09090909090909091,113,490,0,0.19766761708015562,8.58
TX_002625,STORE_04,CHK_046,5,106,0,0,21.2,0.0,104,478,0,0.19764570649812785,8.58
TX_004938,STORE_08,CHK_045,8,131,1,0,16.375,0.125,91,509,0,0.1976486763206216,8.58
TX_000139,STORE_06,CHK_031,10,76,1,0,7.6,0.1,113,489,0,0.19766211021066132,8.58
TX_001988,STORE_06,CHK_010,7,121,1,0,17.285714285714285,0.14285714285714285,90,489,0,0.19764786252900235,8.58
TX_004101,STORE_02,CHK_014,7,139,1,0,19.857142857142858,0.14285714285714285,103,490,0,0.19771144765686577,8.57
TX_000494,STORE_03,CHK_009,7,88,0,0,12.571428571428571,0.0,98,535,0,0.197718033718997,8.57
TX_001529,STORE_02,CHK_040,7,70,1,0,10.0,0.14285714285714285,114,490,0,0.19771752000713266,8.57
TX_002648,STORE_09,CHK_017,11,109,0,0,9.909090909090908,0.0,107,524,0,0.19768589854069785,8.57
TX_004928,STORE_08,CHK_049,3,72,0,0,24.0,0.0,91,509,0,0.19773825985991583,8.56
TX_004166,STORE_06,CHK_017,4,45,0,0,11.25,0.0,107,489,0,0.1977539797552343,8.56
TX_002170,STORE_02,CHK_024,12,97,1,0,8.083333333333334,0.08333333333333333,92,490,0,0.1978026275235782,8.55
TX_002663,STORE_02,CHK_020,12,112,1,0,9.333333333333334,0.08333333333333333,94,490,0,0.1977905878763629,8.55
TX_002548,STORE_07,CHK_021,5,57,1,0,11.4,0.2,101,492,0,0.19783656014954648,8.54
TX_000361,STORE_04,CHK_020,5,91,0,0,18.2,0.0,94,478,0,0.19781997255318196,8.54
TX_001460,STORE_09,CHK_013,7,86,0,0,12.285714285714286,0.0,110,524,0,0.1978381388327513,8.54
TX_004625,STORE_03,CHK_023,7,97,0,0,13.857142857142858,0.0,98,535,0,0.1978610107494685,8.53
TX_000911,STORE_08,CHK_038,5,66,1,0,13.2,0.2,92,509,0,0.1978475112330913,8.53
TX_003509,STORE_02,CHK_024,3,91,0,0,30.333333333333332,0.0,92,490,0,0.19798713861361522,8.5
TX_000528,STORE_02,CHK_013,4,118,0,0,29.5,0.0,110,490,0,0.19798170569736123,8.5
TX_002613,STORE_10,CHK_037,7,48,1,0,6.857142857142857,0.14285714285714285,99,505,0,0.19801263633021665,8.49
TX_002008,STORE_04,CHK_016,9,124,0,0,13.777777777777779,0.0,104,478,0,0.19804277814170307,8.49
TX_004595,STORE_07,CHK_050,14,90,1,0,6.428571428571429,0.07142857142857142,102,492,0,0.19807168927759589,8.48
TX_002102,STORE_10,CHK_037,12,134,0,0,11.166666666666666,0.0,99,505,0,0.19808042901691386,8.48
TX_004601,STORE_09,CHK_006,5,64,0,0,12.8,0.0,102,524,0,0.19813607901663155,8.46
TX_003700,STORE_10,CHK_028,6,54,1,0,9.0,0.16666666666666666,102,505,0,0.198150511343389,8.46
TX_003099,STORE_08,CHK_014,14,106,1,0,7.571428571428571,0.07142857142857142,103,509,0,0.19815394986143087,8.46
TX_004740,STORE_09,CHK_002,9,123,0,0,13.666666666666666,0.0,105,524,0,0.19821031368369285,8.45
TX_000723,STORE_07,CHK_042,13,108,1,0,8.307692307692308,0.07692307692307693,95,492,0,0.19821200627121005,8.45
TX_000289,STORE_02,CHK_019,11,55,0,0,5.0,0.0,90,490,0,0.1981797523638404,8.45
TX_001813,STORE_08,CHK_048,6,106,1,0,17.666666666666668,0.16666666666666666,113,509,0,0.19820447084483783,8.45
TX_001565,STORE_02,CHK_040,12,74,0,0,6.166666666666667,0.0,114,490,0,0.1982024025318993,8.45
TX_003162,STORE_07,CHK_050,15,80,0,0,5.333333333333333,0.0,102,492,0,0.19823818528946208,8.44
TX_002013,STORE_06,CHK_043,13,90,1,0,6.923076923076923,0.07692307692307693,98,489,0,0.19826900385550217,8.43
TX_001397,STORE_07,CHK_029,11,88,1,0,8.0,0.09090909090909091,90,492,0,0.19828174940254434,8.43
TX_003512,STORE_07,CHK_032,12,102,1,0,8.5,0.08333333333333333,111,492,0,0.19837705676470418,8.41
TX_000224,STORE_01,CHK_029,10,70,1,0,7.0,0.1,90,509,0,0.1983771019959727,8.41
TX_003438,STORE_07,CHK_023,15,91,0,0,6.066666666666666,0.0,98,492,0,0.19835563499345188,8.41
TX_003003,STORE_02,CHK_021,4,129,0,0,32.25,0.0,101,490,0,0.19836628273317786,8.41
TX_003031,STORE_06,CHK_029,12,65,0,0,5.416666666666667,0.0,90,489,0,0.1985370340621871,8.37
TX_000103,STORE_08,CHK_027,10,103,0,0,10.3,0.0,86,509,0,0.19854024129364523,8.37
TX_002833,STORE_09,CHK_006,12,86,0,0,7.166666666666667,0.0,102,524,0,0.1985677020574788,8.36
TX_003873,STORE_06,CHK_027,10,89,0,0,8.9,0.0,86,489,0,0.19854780247873838,8.36
TX_000651,STORE_08,CHK_015,3,107,0,0,35.666666666666664,0.0,104,509,0,0.19860027869935104,8.35
TX_000804,STORE_09,CHK_015,7,59,0,0,8.428571428571429,0.0,104,524,0,0.19859261782948545,8.35
TX_001551,STORE_02,CHK_001,6,66,0,0,11.0,0.0,116,490,0,0.19864835225371996,8.34
TX_002255,STORE_07,CHK_029,6,45,0,0,7.5,0.0,90,492,0,0.19866750055264337,8.34
TX_004080,STORE_06,CHK_012,10,104,0,0,10.4,0.0,87,489,0,0.1986500320137332,8.34
TX_000721,STORE_09,CHK_023,7,88,1,0,12.571428571428571,0.14285714285714285,98,524,0,0.198694671948918,8.33
TX_002046,STORE_10,CHK_043,6,53,1,0,8.833333333333334,0.16666666666666666,98,505,0,0.19867815667282185,8.33
TX_001620,STORE_06,CHK_007,13,121,0,0,9.307692307692308,0.0,95,489,0,0.19869636341969688,8.33
TX_001907,STORE_08,CHK_012,7,64,0,0,9.142857142857142,0.0,87,509,0,0.1987212914291296,8.32
TX_002168,STORE_07,CHK_006,11,143,0,0,13.0,0.0,102,492,0,0.1988332575557742,8.29
TX_002193,STORE_01,CHK_036,12,90,1,0,7.5,0.08333333333333333,109,509,0,0.19886581044130353,8.29
TX_003026,STORE_08,CHK_035,4,93,0,0,23.25,0.0,114,509,0,0.19893910087922478,8.27
TX_002346,STORE_07,CHK_038,5,82,1,0,16.4,0.2,92,492,0,0.19892608868248352,8.27
TX_001179,STORE_01,CHK_020,7,143,0,0,20.428571428571427,0.0,94,509,0,0.1989760362986942,8.26
TX_003303,STORE_04,CHK_007,11,88,0,0,8.0,0.0,95,478,0,0.19899192640761637,8.26
TX_002205,STORE_04,CHK_050,5,105,0,0,21.0,0.0,102,478,0,0.19895620572514194,8.26
TX_003417,STORE_09,CHK_015,12,103,0,0,8.583333333333334,0.0,104,524,0,0.19895724170905565,8.26
TX_000321,STORE_07,CHK_034,5,52,0,0,10.4,0.0,89,492,0,0.1990248719026662,8.25
TX_000011,STORE_01,CHK_007,13,59,0,0,4.538461538461538,0.0,95,509,0,0.1990107845914051,8.25
TX_000682,STORE_06,CHK_002,14,66,0,0,4.714285714285714,0.0,105,489,0,0.19909624991849528,8.23
TX_003695,STORE_02,CHK_008,8,86,0,0,10.75,0.0,85,490,0,0.19908353355877428,8.23
TX_001927,STORE_04,CHK_015,11,70,0,0,6.363636363636363,0.0,104,478,0,0.19909979406088307,8.23
TX_003715,STORE_10,CHK_016,10,147,0,0,14.7,0.0,104,505,0,0.1990960587274067,8.23
TX_004438,STORE_02,CHK_035,9,75,1,0,8.333333333333334,0.1111111111111111,114,490,0,0.19909699823756388,8.23
TX_000901,STORE_10,CHK_031,10,56,0,0,5.6,0.0,113,505,0,0.19908071530547466,8.23
TX_000288,STORE_09,CHK_026,10,65,0,0,6.5,0.0,103,524,0,0.19912964169505798,8.22
TX_001137,STORE_10,CHK_018,4,125,0,0,31.25,0.0,97,505,0,0.19917686125470618,8.21
TX_000906,STORE_09,CHK_047,5,94,0,0,18.8,0.0,95,524,0,0.19919404198099255,8.21
TX_002340,STORE_07,CHK_007,4,44,0,0,11.0,0.0,95,492,0,0.19919090028868713,8.21
TX_000910,STORE_09,CHK_009,9,99,1,0,11.0,0.1111111111111111,98,524,0,0.1991751609055039,8.21
TX_002505,STORE_07,CHK_015,12,124,1,0,10.333333333333334,0.08333333333333333,104,492,0,0.1992146035745353,8.2
TX_003109,STORE_01,CHK_047,9,146,0,0,16.22222222222222,0.0,95,509,0,0.19921831257888112,8.2
TX_002884,STORE_02,CHK_047,10,38,0,0,3.8,0.0,95,490,0,0.19921769967416914,8.2
TX_001342,STORE_02,CHK_031,10,74,1,0,7.4,0.1,113,490,0,0.1992323101295697,8.2
TX_002629,STORE_08,CHK_038,5,99,1,0,19.8,0.2,92,509,0,0.19922080601508863,8.2
TX_002024,STORE_01,CHK_024,5,98,1,0,19.6,0.2,92,509,0,0.1993104716287345,8.18
TX_002460,STORE_04,CHK_032,9,90,0,0,10.0,0.0,111,478,0,0.19929910871000656,8.18
TX_002697,STORE_01,CHK_004,4,45,0,0,11.25,0.0,95,509,0,0.19934636458756522,8.17
TX_000654,STORE_04,CHK_011,8,87,0,0,10.875,0.0,111,478,0,0.19939410945929237,8.16
TX_003945,STORE_02,CHK_016,9,141,1,0,15.666666666666666,0.1111111111111111,104,490,0,0.19942769200705018,8.15
TX_002914,STORE_02,CHK_016,7,149,0,0,21.285714285714285,0.0,104,490,0,0.1995156895223974,8.13
TX_004934,STORE_07,CHK_013,6,42,0,0,7.0,0.0,110,492,0,0.199555556313616,8.12
TX_004237,STORE_10,CHK_036,9,124,1,0,13.777777777777779,0.1111111111111111,109,505,0,0.1995553799135793,8.12
TX_004362,STORE_10,CHK_038,10,114,1,0,11.4,0.1,92,505,0,0.1996431095529005,8.1
TX_001150,STORE_02,CHK_026,10,147,0,0,14.7,0.0,103,490,0,0.19975021448654823,8.07
TX_001439,STORE_09,CHK_007,10,75,0,0,7.5,0.0,95,524,0,0.1997390037259661,8.07
TX_004953,STORE_10,CHK_043,4,41,0,0,10.25,0.0,98,505,0,0.19974619778553215,8.07
TX_003701,STORE_02,CHK_050,3,48,0,0,16.0,0.0,102,490,0,0.19976945619604997,8.07
TX_002552,STORE_02,CHK_010,13,85,0,0,6.538461538461538,0.0,90,490,0,0.19985596610391415,8.05
TX_001991,STORE_08,CHK_022,4,123,0,0,30.75,0.0,106,509,0,0.19987915587564142,8.04
TX_000452,STORE_07,CHK_032,11,80,1,0,7.2727272727272725,0.09090909090909091,111,492,0,0.19987960515116382,8.04
TX_003579,STORE_04,CHK_036,8,76,0,0,9.5,0.0,109,478,0,0.1998918022706347,8.04
TX_004265,STORE_01,CHK_027,8,109,0,0,13.625,0.0,86,509,0,0.19994328683895796,8.03
TX_002408,STORE_06,CHK_038,12,65,0,0,5.416666666666667,0.0,92,489,0,0.1999711275684884,8.02
TX_001300,STORE_06,CHK_046,9,133,1,0,14.777777777777779,0.1111111111111111,104,489,0,0.20001567158827643,8.01
TX_001468,STORE_04,CHK_017,11,97,0,0,8.818181818181818,0.0,107,478,0,0.20000388294862737,8.01
TX_002090,STORE_08,CHK_003,13,110,1,0,8.461538461538462,0.07692307692307693,97,509,0,0.20001124903929063,8.01
TX_000713,STORE_08,CHK_017,3,53,0,0,17.666666666666668,0.0,107,509,0,0.1999886560725871,8.01
TX_002117,STORE_08,CHK_032,5,52,0,0,10.4,0.0,111,509,0,0.1999856116785071,8.01
TX_000973,STORE_06,CHK_038,4,108,0,0,27.0,0.0,92,489,0,0.2000447931901142,8.0
TX_002159,STORE_02,CHK_031,6,47,0,0,7.833333333333333,0.0,113,490,0,0.20003341134415192,8.0
TX_003990,STORE_01,CHK_037,10,55,1,0,5.5,0.1,99,509,0,0.20006846016343272,7.99
TX_000043,STORE_02,CHK_032,3,93,0,0,31.0,0.0,111,490,0,0.2000872804676313,7.99
TX_004211,STORE_07,CHK_021,8,144,0,0,18.0,0.0,101,492,0,0.20009656553455296,7.99
TX_003425,STORE_08,CHK_016,15,93,0,0,6.2,0.0,104,509,0,0.20008235020597614,7.99
TX_000630,STORE_07,CHK_036,10,141,0,0,14.1,0.0,109,492,0,0.2001678703837722,7.97
TX_004507,STORE_02,CHK_022,13,100,1,0,7.6923076923076925,0.07692307692307693,106,490,0,0.2002299468891841,7.96
TX_002025,STORE_09,CHK_042,11,84,0,0,7.636363636363637,0.0,95,524,0,0.20023481549403688,7.95
TX_001822,STORE_02,CHK_036,12,56,0,0,4.666666666666667,0.0,109,490,0,0.20025859406956953,7.95
TX_002626,STORE_10,CHK_038,6,109,1,0,18.166666666666668,0.16666666666666666,92,505,0,0.20023542795374605,7.95
TX_004379,STORE_04,CHK_011,7,91,0,0,13.0,0.0,111,478,0,0.2002343325050937,7.95
TX_001528,STORE_02,CHK_013,8,61,1,0,7.625,0.125,110,490,0,0.20028857580474257,7.94
TX_004978,STORE_08,CHK_043,5,36,0,0,7.2,0.0,98,509,0,0.2003088865561991,7.94
TX_000719,STORE_07,CHK_046,8,141,1,0,17.625,0.125,104,492,0,0.20036582330585745,7.92
TX_003054,STORE_07,CHK_040,4,103,0,0,25.75,0.0,114,492,0,0.20040792994785855,7.91
TX_002979,STORE_10,CHK_019,6,53,0,0,8.833333333333334,0.0,90,505,0,0.20041923248759297,7.91
TX_004615,STORE_01,CHK_017,6,40,0,0,6.666666666666667,0.0,107,509,0,0.2004059915039042,7.91
TX_000610,STORE_06,CHK_003,9,52,1,0,5.777777777777778,0.1111111111111111,97,489,0,0.2004540045441951,7.9
TX_003182,STORE_06,CHK_037,12,77,1,0,6.416666666666667,0.08333333333333333,99,489,0,0.20048380795733434,7.89
TX_002100,STORE_01,CHK_035,8,86,1,0,10.75,0.125,114,509,0,0.20054706555428148,7.88
TX_004698,STORE_01,CHK_003,12,50,0,0,4.166666666666667,0.0,97,509,0,0.2005582782036769,7.88
TX_002381,STORE_09,CHK_023,10,63,0,0,6.3,0.0,98,524,0,0.200541792378927,7.88
TX_004175,STORE_10,CHK_007,3,61,0,0,20.333333333333332,0.0,95,505,0,0.20053482823408325,7.88
TX_000266,STORE_08,CHK_034,5,60,0,0,12.0,0.0,89,509,0,0.20056799086773147,7.87
TX_002701,STORE_07,CHK_003,6,128,1,0,21.333333333333332,0.16666666666666666,97,492,0,0.20062803500198845,7.86
TX_002219,STORE_09,CHK_021,5,85,0,0,17.0,0.0,101,524,0,0.20061554424309735,7.86
TX_000999,STORE_02,CHK_029,13,103,0,0,7.923076923076923,0.0,90,490,0,0.2006115144061838,7.86
TX_001310,STORE_04,CHK_022,6,111,0,0,18.5,0.0,106,478,0,0.20064406463251672,7.85
TX_004371,STORE_08,CHK_027,6,95,0,0,15.833333333333334,0.0,86,509,0,0.20067997063495102,7.85
TX_000963,STORE_07,CHK_021,11,128,1,0,11.636363636363637,0.09090909090909091,101,492,0,0.2006564029850048,7.85
TX_002729,STORE_04,CHK_007,10,72,0,0,7.2,0.0,95,478,0,0.20071126938353834,7.84
TX_000230,STORE_10,CHK_020,11,74,1,0,6.7272727272727275,0.09090909090909091,94,505,0,0.2007146976660793,7.84
TX_001325,STORE_06,CHK_011,6,127,0,0,21.166666666666668,0.0,111,489,0,0.20071460181141076,7.84
TX_000259,STORE_02,CHK_028,9,139,1,0,15.444444444444445,0.1111111111111111,102,490,0,0.20075900778888955,7.83
TX_002523,STORE_04,CHK_014,5,79,0,0,15.8,0.0,103,478,0,0.200836707990725,7.81
TX_003510,STORE_08,CHK_047,13,89,1,0,6.846153846153846,0.07692307692307693,95,509,0,0.20082546344488778,7.81
TX_003644,STORE_07,CHK_024,4,50,0,0,12.5,0.0,92,492,0,0.20086870753113623,7.8
TX_000534,STORE_01,CHK_024,6,63,1,0,10.5,0.16666666666666666,92,509,0,0.20085695559686295,7.8
TX_002155,STORE_09,CHK_045,8,90,0,0,11.25,0.0,91,524,0,0.20088324624985032,7.8
TX_000744,STORE_02,CHK_028,12,120,1,0,10.0,0.08333333333333333,102,490,0,0.2008521764160422,7.8
TX_003106,STORE_10,CHK_037,13,123,0,0,9.461538461538462,0.0,99,505,0,0.20091136989683328,7.79
TX_000923,STORE_09,CHK_003,5,91,0,0,18.2,0.0,97,524,0,0.20094600309442517,7.78
TX_004658,STORE_07,CHK_041,4,43,0,0,10.75,0.0,105,492,0,0.20096242460069585,7.78
TX_004667,STORE_02,CHK_035,12,95,0,0,7.916666666666667,0.0,114,490,0,0.20096741404367402,7.78
TX_003437,STORE_06,CHK_001,9,80,0,0,8.88888888888889,0.0,116,489,0,0.20099441081505948,7.77
TX_004308,STORE_09,CHK_037,11,101,0,0,9.181818181818182,0.0,99,524,0,0.20097780496910556,7.77
TX_004950,STORE_06,CHK_041,13,122,0,0,9.384615384615385,0.0,105,489,0,0.20101238140419087,7.77
TX_000341,STORE_02,CHK_037,3,52,0,0,17.333333333333332,0.0,99,490,0,0.2009817751542401,7.77
TX_003617,STORE_06,CHK_015,11,68,1,0,6.181818181818182,0.09090909090909091,104,489,0,0.20103080828433578,7.76
TX_000706,STORE_06,CHK_007,3,72,0,0,24.0,0.0,95,489,0,0.20106728680862307,7.75
TX_001736,STORE_01,CHK_013,7,122,1,0,17.428571428571427,0.14285714285714285,110,509,0,0.2011015642851332,7.74
TX_004561,STORE_06,CHK_001,7,103,0,0,14.714285714285714,0.0,116,489,0,0.2011446760374344,7.73
TX_004066,STORE_02,CHK_023,6,126,1,0,21.0,0.16666666666666666,98,490,0,0.20120395371847588,7.72
TX_001819,STORE_10,CHK_032,7,108,1,0,15.428571428571429,0.14285714285714285,111,505,0,0.2012309916898693,7.71
TX_004077,STORE_08,CHK_010,4,69,0,0,17.25,0.0,90,509,0,0.20125789164132596,7.71
TX_004236,STORE_06,CHK_001,7,99,0,0,14.142857142857142,0.0,116,489,0,0.20126840604930452,7.7
TX_001758,STORE_07,CHK_019,8,132,0,0,16.5,0.0,90,492,0,0.2012679924724552,7.7
TX_003061,STORE_01,CHK_026,12,70,1,0,5.833333333333333,0.08333333333333333,103,509,0,0.20127892759635246,7.7
TX_001626,STORE_04,CHK_041,7,59,0,0,8.428571428571429,0.0,105,478,0,0.20133988286826454,7.69
TX_004984,STORE_08,CHK_013,8,121,1,0,15.125,0.125,110,509,0,0.20135718172986433,7.68
TX_002942,STORE_08,CHK_034,10,91,1,0,9.1,0.1,89,509,0,0.20136628826469816,7.68
TX_003570,STORE_04,CHK_018,6,63,0,0,10.5,0.0,97,478,0,0.2014008648703709,7.67
TX_001079,STORE_08,CHK_012,8,110,0,0,13.75,0.0,87,509,0,0.20139677043345217,7.67
TX_002042,STORE_07,CHK_038,7,132,0,0,18.857142857142858,0.0,92,492,0,0.20139583774127517,7.67
TX_004152,STORE_06,CHK_049,7,113,1,0,16.142857142857142,0.14285714285714285,91,489,0,0.20144317217044072,7.66
TX_004487,STORE_08,CHK_006,8,141,1,0,17.625,0.125,102,509,0,0.20143873069606305,7.66
TX_003164,STORE_10,CHK_024,7,64,1,0,9.142857142857142,0.14285714285714285,92,505,0,0.2014806043431488,7.65
TX_003760,STORE_07,CHK_028,11,37,0,0,3.3636363636363638,0.0,102,492,0,0.2014954793431562,7.65
TX_003717,STORE_07,CHK_017,4,46,0,0,11.5,0.0,107,492,0,0.20149386588020574,7.65
TX_002698,STORE_02,CHK_029,9,130,0,0,14.444444444444445,0.0,90,490,0,0.20147417881669066,7.65
TX_000182,STORE_08,CHK_019,13,86,0,0,6.615384615384615,0.0,90,509,0,0.20151687832360238,7.64
TX_002425,STORE_02,CHK_035,9,53,0,0,5.888888888888889,0.0,114,490,0,0.20155192344117057,7.63
TX_000421,STORE_09,CHK_050,9,118,0,0,13.11111111111111,0.0,102,524,0,0.20157058216842638,7.63
TX_002742,STORE_07,CHK_017,11,123,1,0,11.181818181818182,0.09090909090909091,107,492,0,0.20158022434183376,7.63
TX_001208,STORE_06,CHK_046,5,81,1,0,16.2,0.2,104,489,0,0.20157288852913008,7.63
TX_002737,STORE_01,CHK_022,10,42,0,0,4.2,0.0,106,509,0,0.20155715827140636,7.63
TX_001109,STORE_10,CHK_013,9,112,1,0,12.444444444444445,0.1111111111111111,110,505,0,0.20157461697612183,7.63
TX_001077,STORE_08,CHK_001,6,84,0,0,14.0,0.0,116,509,0,0.20162828848729558,7.62
TX_000785,STORE_10,CHK_027,8,88,0,0,11.0,0.0,86,505,0,0.20161263284819125,7.62
TX_000967,STORE_01,CHK_018,8,141,1,0,17.625,0.125,97,509,0,0.20161903540486753,7.62
TX_004547,STORE_06,CHK_024,12,109,0,0,9.083333333333334,0.0,92,489,0,0.20161886392513417,7.62
TX_003360,STORE_10,CHK_021,5,44,0,0,8.8,0.0,101,505,0,0.20165216100275407,7.61
TX_002335,STORE_08,CHK_032,10,128,0,0,12.8,0.0,111,509,0,0.20164181805081333,7.61
TX_004917,STORE_09,CHK_028,5,83,0,0,16.6,0.0,102,524,0,0.20166194553353312,7.61
TX_001814,STORE_10,CHK_016,7,39,0,0,5.571428571428571,0.0,104,505,0,0.20167759319722656,7.6
TX_001429,STORE_06,CHK_036,9,138,0,0,15.333333333333334,0.0,109,489,0,0.2017008865840279,7.6
TX_002528,STORE_02,CHK_019,6,79,1,0,13.166666666666666,0.16666666666666666,90,490,0,0.20170737530647903,7.6
TX_004786,STORE_01,CHK_040,11,79,0,0,7.181818181818182,0.0,114,509,0,0.20176321261845892,7.58
TX_001317,STORE_10,CHK_009,5,71,1,0,14.2,0.2,98,505,0,0.20179258113293624,7.58
TX_002599,STORE_06,CHK_031,10,102,1,0,10.2,0.1,113,489,0,0.2017595755682503,7.58
TX_001652,STORE_06,CHK_036,10,133,0,0,13.3,0.0,109,489,0,0.20180726143657524,7.57
TX_002456,STORE_10,CHK_036,6,89,1,0,14.833333333333334,0.16666666666666666,109,505,0,0.20181612044756153,7.57
TX_003898,STORE_01,CHK_037,11,45,0,0,4.090909090909091,0.0,99,509,0,0.20185469597671757,7.56
TX_001904,STORE_01,CHK_038,12,66,0,0,5.5,0.0,92,509,0,0.2018912227761307,7.55
TX_004522,STORE_08,CHK_040,5,65,0,0,13.0,0.0,114,509,0,0.2019057474209801,7.55
TX_001369,STORE_08,CHK_022,12,112,1,0,9.333333333333334,0.08333333333333333,106,509,0,0.20189060445093815,7.55
TX_002108,STORE_01,CHK_007,5,134,0,0,26.8,0.0,95,509,0,0.20190275997729823,7.55
TX_004037,STORE_08,CHK_038,11,59,0,0,5.363636363636363,0.0,92,509,0,0.2019899364862357,7.53
TX_004913,STORE_01,CHK_035,11,108,0,0,9.818181818181818,0.0,114,509,0,0.20198480117770506,7.53
TX_001489,STORE_01,CHK_021,14,109,0,0,7.785714285714286,0.0,101,509,0,0.20197747995202436,7.53
TX_003925,STORE_02,CHK_040,4,96,0,0,24.0,0.0,114,490,0,0.20198665809121097,7.53
TX_003300,STORE_08,CHK_049,11,92,1,0,8.363636363636363,0.09090909090909091,91,509,0,0.20204236545971438,7.52
TX_002016,STORE_10,CHK_029,8,129,0,0,16.125,0.0,90,505,0,0.20206470958438721,7.51
TX_000389,STORE_01,CHK_040,9,62,0,0,6.888888888888889,0.0,114,509,0,0.20207744447897702,7.51
TX_003386,STORE_10,CHK_024,10,54,0,0,5.4,0.0,92,505,0,0.2020615606771181,7.51
TX_003613,STORE_04,CHK_039,8,58,0,0,7.25,0.0,103,478,0,0.20206744266422866,7.51
TX_002349,STORE_08,CHK_002,9,133,1,0,14.777777777777779,0.1111111111111111,105,509,0,0.2020752951478867,7.51
TX_001535,STORE_04,CHK_050,11,73,0,0,6.636363636363637,0.0,102,478,0,0.20209484843855063,7.5
TX_001531,STORE_02,CHK_019,6,90,1,0,15.0,0.16666666666666666,90,490,0,0.20209619387277739,7.5
TX_003889,STORE_07,CHK_034,8,50,0,0,6.25,0.0,89,492,0,0.2021419830806413,7.49
TX_002465,STORE_10,CHK_022,5,94,1,0,18.8,0.2,106,505,0,0.20213266786473016,7.49
TX_001319,STORE_10,CHK_048,11,115,0,0,10.454545454545455,0.0,113,505,0,0.20212877731825418,7.49
TX_002963,STORE_01,CHK_018,14,74,0,0,5.285714285714286,0.0,97,509,0,0.20222480410686444,7.47
TX_004113,STORE_06,CHK_021,3,73,0,0,24.333333333333332,0.0,101,489,0,0.20221011531887845,7.47
TX_004070,STORE_10,CHK_034,5,77,0,0,15.4,0.0,89,505,0,0.20221746041124716,7.47
TX_004661,STORE_07,CHK_050,3,50,0,0,16.666666666666668,0.0,102,492,0,0.2022203926871201,7.47
TX_001784,STORE_01,CHK_037,12,131,0,0,10.916666666666666,0.0,99,509,0,0.20226646432110829,7.46
TX_003585,STORE_09,CHK_021,11,90,0,0,8.181818181818182,0.0,101,524,0,0.2022802053325205,7.46
TX_002354,STORE_01,CHK_014,6,144,0,0,24.0,0.0,103,509,0,0.20228017861815994,7.46
TX_001414,STORE_01,CHK_010,12,74,0,0,6.166666666666667,0.0,90,509,0,0.2023095023111967,7.45
TX_000065,STORE_07,CHK_027,8,104,0,0,13.0,0.0,86,492,0,0.20229880850499843,7.45
TX_004056,STORE_06,CHK_034,11,70,0,0,6.363636363636363,0.0,89,489,0,0.20235105458508157,7.44
TX_003156,STORE_07,CHK_046,13,103,1,0,7.923076923076923,0.07692307692307693,104,492,0,0.20241003896337578,7.43
TX_001344,STORE_06,CHK_018,3,73,0,0,24.333333333333332,0.0,97,489,0,0.20242982093595707,7.42
TX_003083,STORE_06,CHK_002,10,61,1,0,6.1,0.1,105,489,0,0.20244871309518558,7.42
TX_003580,STORE_04,CHK_028,11,99,0,0,9.0,0.0,102,478,0,0.20248751338642001,7.41
TX_002822,STORE_06,CHK_022,7,36,0,0,5.142857142857143,0.0,106,489,0,0.20248425698825678,7.41
TX_001285,STORE_07,CHK_028,13,107,1,0,8.23076923076923,0.07692307692307693,102,492,0,0.20248979974222153,7.41
TX_001606,STORE_08,CHK_019,6,104,1,0,17.333333333333332,0.16666666666666666,90,509,0,0.2024769723305151,7.41
TX_003486,STORE_06,CHK_009,12,50,0,0,4.166666666666667,0.0,98,489,0,0.20252513724143567,7.4
TX_002344,STORE_10,CHK_026,14,109,0,0,7.785714285714286,0.0,103,505,0,0.20249958895822506,7.4
TX_001472,STORE_02,CHK_050,4,128,0,0,32.0,0.0,102,490,0,0.20252085587750412,7.4
TX_003468,STORE_09,CHK_009,5,86,0,0,17.2,0.0,98,524,0,0.20254691764927174,7.39
TX_004709,STORE_04,CHK_047,7,67,0,0,9.571428571428571,0.0,95,478,0,0.20253842671277944,7.39
TX_003880,STORE_08,CHK_039,10,40,0,0,4.0,0.0,103,509,0,0.2025791626437275,7.38
TX_001053,STORE_06,CHK_032,12,110,0,0,9.166666666666666,0.0,111,489,0,0.202627003950965,7.37
TX_004052,STORE_08,CHK_027,8,100,0,0,12.5,0.0,86,509,0,0.2026275501784966,7.37
TX_000764,STORE_02,CHK_004,13,60,0,0,4.615384615384615,0.0,95,490,0,0.20264270862767464,7.37
TX_003493,STORE_10,CHK_043,13,124,0,0,9.538461538461538,0.0,98,505,0,0.2026237309673633,7.37
TX_001761,STORE_01,CHK_047,5,107,1,0,21.4,0.2,95,509,0,0.20269042570123347,7.36
TX_003584,STORE_07,CHK_035,7,92,1,0,13.142857142857142,0.14285714285714285,114,492,0,0.20266388456440348,7.36
TX_003947,STORE_08,CHK_042,10,59,1,0,5.9,0.1,95,509,0,0.20269309963338034,7.36
TX_002416,STORE_06,CHK_031,4,76,0,0,19.0,0.0,113,489,0,0.2027375912877174,7.35
TX_003665,STORE_08,CHK_018,10,58,1,0,5.8,0.1,97,509,0,0.20272091579149792,7.35
TX_001487,STORE_01,CHK_029,11,65,0,0,5.909090909090909,0.0,90,509,0,0.20271850930126722,7.35
TX_003027,STORE_04,CHK_020,9,82,0,0,9.11111111111111,0.0,94,478,0,0.20273370084601683,7.35
TX_001101,STORE_10,CHK_018,10,43,0,0,4.3,0.0,97,505,0,0.20278115994445772,7.34
TX_002659,STORE_10,CHK_021,9,40,0,0,4.444444444444445,0.0,101,505,0,0.20277130530691556,7.34
TX_002771,STORE_08,CHK_002,12,53,0,0,4.416666666666667,0.0,105,509,0,0.2027801150162205,7.34
TX_001622,STORE_06,CHK_041,6,62,1,0,10.333333333333334,0.16666666666666666,105,489,0,0.20278457561166657,7.33
TX_004260,STORE_02,CHK_012,8,72,0,0,9.0,0.0,87,490,0,0.20285496673753994,7.32
TX_002353,STORE_07,CHK_024,4,60,0,0,15.0,0.0,92,492,0,0.2028764321885309,7.31
TX_001067,STORE_01,CHK_034,7,106,1,0,15.142857142857142,0.14285714285714285,89,509,0,0.20287429681186786,7.31
TX_003728,STORE_06,CHK_024,6,73,1,0,12.166666666666666,0.16666666666666666,92,489,0,0.2028743980312923,7.31
TX_001078,STORE_04,CHK_014,8,59,0,0,7.375,0.0,103,478,0,0.2029892903777719,7.29
TX_004378,STORE_09,CHK_043,10,75,0,0,7.5,0.0,98,524,0,0.20297920980971518,7.29
TX_004239,STORE_02,CHK_001,10,90,0,0,9.0,0.0,116,490,0,0.20295051593730368,7.29
TX_004556,STORE_07,CHK_004,7,38,0,0,5.428571428571429,0.0,95,492,0,0.2029610725267164,7.29
TX_002020,STORE_10,CHK_021,14,100,0,0,7.142857142857143,0.0,101,505,0,0.2030110734303351,7.28
TX_004626,STORE_04,CHK_050,9,61,0,0,6.777777777777778,0.0,102,478,0,0.20302208194948346,7.28
TX_003686,STORE_08,CHK_047,11,71,1,0,6.454545454545454,0.09090909090909091,95,509,0,0.2030447215124303,7.27
TX_000571,STORE_09,CHK_021,8,68,0,0,8.5,0.0,101,524,0,0.20310465475099987,7.26
TX_004951,STORE_10,CHK_003,3,82,0,0,27.333333333333332,0.0,97,505,0,0.20308459722128297,7.26
TX_000189,STORE_06,CHK_002,5,89,1,0,17.8,0.2,105,489,0,0.2031715585145053,7.24
TX_004481,STORE_06,CHK_038,5,52,0,0,10.4,0.0,92,489,0,0.2031893472826467,7.24
TX_000965,STORE_06,CHK_018,9,55,1,0,6.111111111111111,0.1111111111111111,97,489,0,0.20318245259471945,7.24
TX_000241,STORE_06,CHK_009,5,89,1,0,17.8,0.2,98,489,0,0.2032330582132818,7.23
TX_003183,STORE_07,CHK_019,10,128,0,0,12.8,0.0,90,492,0,0.20331233558254974,7.21
TX_002278,STORE_09,CHK_023,8,117,0,0,14.625,0.0,98,524,0,0.2032806408958126,7.21
TX_004879,STORE_01,CHK_043,12,120,1,0,10.0,0.08333333333333333,98,509,0,0.20330339386028368,7.21
TX_002166,STORE_10,CHK_020,11,111,1,0,10.090909090909092,0.09090909090909091,94,505,0,0.20328694444340267,7.21
TX_001538,STORE_01,CHK_047,6,122,1,0,20.333333333333332,0.16666666666666666,95,509,0,0.20335346950834748,7.2
TX_001353,STORE_02,CHK_046,12,84,1,0,7.0,0.08333333333333333,104,490,0,0.20334255887869668,7.2
TX_004884,STORE_02,CHK_050,5,79,1,0,15.8,0.2,102,490,0,0.20343279987163942,7.18
TX_003021,STORE_01,CHK_031,4,81,0,0,20.25,0.0,113,509,0,0.20342408545213725,7.18
TX_003550,STORE_01,CHK_002,5,103,1,0,20.6,0.2,105,509,0,0.2034544843082064,7.17
TX_002596,STORE_06,CHK_048,7,78,1,0,11.142857142857142,0.14285714285714285,113,489,0,0.20350028835991185,7.16
TX_000529,STORE_10,CHK_010,5,75,0,0,15.0,0.0,90,505,0,0.20356195913380642,7.15
TX_001225,STORE_01,CHK_017,11,51,0,0,4.636363636363637,0.0,107,509,0,0.20353576327622686,7.15
TX_003602,STORE_09,CHK_002,6,88,0,0,14.666666666666666,0.0,105,524,0,0.20353135900549796,7.15
TX_004708,STORE_07,CHK_035,11,66,0,0,6.0,0.0,114,492,0,0.20359833984544334,7.14
TX_000081,STORE_01,CHK_031,9,85,1,0,9.444444444444445,0.1111111111111111,113,509,0,0.20359745900612414,7.14
TX_003333,STORE_10,CHK_014,3,75,0,0,25.0,0.0,103,505,0,0.2035679546523224,7.14
TX_001007,STORE_02,CHK_040,9,90,1,0,10.0,0.1111111111111111,114,490,0,0.20356938074841024,7.14
TX_003674,STORE_08,CHK_038,11,122,0,0,11.090909090909092,0.0,92,509,0,0.2036072013910517,7.13
TX_002430,STORE_10,CHK_031,11,70,0,0,6.363636363636363,0.0,113,505,0,0.20364490185281026,7.13
TX_002292,STORE_06,CHK_047,3,78,0,0,26.0,0.0,95,489,0,0.20364463642782665,7.13
TX_001074,STORE_02,CHK_042,14,102,0,0,7.285714285714286,0.0,95,490,0,0.20361838635245338,7.13
TX_003986,STORE_01,CHK_024,10,77,1,0,7.7,0.1,92,509,0,0.20361112179432234,7.13
TX_000507,STORE_08,CHK_011,10,127,0,0,12.7,0.0,111,509,0,0.2036719430523432,7.12
TX_004733,STORE_01,CHK_021,12,128,0,0,10.666666666666666,0.0,101,509,0,0.20370630758417418,7.11
TX_003920,STORE_01,CHK_017,6,120,1,0,20.0,0.16666666666666666,107,509,0,0.20370966673693386,7.11
TX_003078,STORE_08,CHK_011,11,61,0,0,5.545454545454546,0.0,111,509,0,0.20372570299775244,7.11
TX_002454,STORE_07,CHK_038,11,123,0,0,11.181818181818182,0.0,92,492,0,0.203693497778768,7.11
TX_001165,STORE_01,CHK_049,10,130,0,0,13.0,0.0,91,509,0,0.2037483459677733,7.1
TX_002649,STORE_10,CHK_023,14,101,0,0,7.214285714285714,0.0,98,505,0,0.20375373330840357,7.1
TX_000062,STORE_08,CHK_007,3,71,0,0,23.666666666666668,0.0,95,509,0,0.20376188006366464,7.1
TX_003969,STORE_01,CHK_004,12,82,1,0,6.833333333333333,0.08333333333333333,95,509,0,0.20375840712641446,7.1
TX_001715,STORE_06,CHK_048,7,79,1,0,11.285714285714286,0.14285714285714285,113,489,0,0.2037887755157647,7.09
TX_001062,STORE_09,CHK_003,9,80,0,0,8.88888888888889,0.0,97,524,0,0.20377501068413434,7.09
TX_002753,STORE_08,CHK_041,3,93,0,0,31.0,0.0,105,509,0,0.20380545295348207,7.09
TX_004297,STORE_04,CHK_028,5,96,0,0,19.2,0.0,102,478,0,0.20381157601889738,7.09
TX_001583,STORE_09,CHK_021,8,111,0,0,13.875,0.0,101,524,0,0.20382953746091237,7.08
TX_002194,STORE_10,CHK_003,3,85,0,0,28.333333333333332,0.0,97,505,0,0.20382690428336975,7.08
TX_002099,STORE_08,CHK_019,5,115,0,0,23.0,0.0,90,509,0,0.20386206192168277,7.07
TX_003774,STORE_06,CHK_046,12,53,0,0,4.416666666666667,0.0,104,489,0,0.20388343702752848,7.07
TX_003228,STORE_02,CHK_040,8,92,1,0,11.5,0.125,114,490,0,0.2039238826998162,7.06
TX_003918,STORE_06,CHK_006,5,96,1,0,19.2,0.2,102,489,0,0.2039192052924126,7.06
TX_004729,STORE_10,CHK_040,5,96,0,0,19.2,0.0,114,505,0,0.20397241196778265,7.05
TX_004779,STORE_04,CHK_016,8,112,0,0,14.0,0.0,104,478,0,0.203958840320421,7.05
TX_001068,STORE_07,CHK_019,10,88,1,0,8.8,0.1,90,492,0,0.20394932005927102,7.05
TX_004910,STORE_01,CHK_022,13,113,0,0,8.692307692307692,0.0,106,509,0,0.2040158959970904,7.04
TX_004787,STORE_02,CHK_049,6,128,0,0,21.333333333333332,0.0,91,490,0,0.2039826240785485,7.04
TX_000418,STORE_07,CHK_004,9,129,1,0,14.333333333333334,0.1111111111111111,95,492,0,0.2040385078335646,7.03
TX_002784,STORE_10,CHK_011,4,80,0,0,20.0,0.0,111,505,0,0.20412537369700928,7.01
TX_002668,STORE_01,CHK_022,8,42,0,0,5.25,0.0,106,509,0,0.20418321937434109,7.0
TX_003522,STORE_04,CHK_028,9,112,0,0,12.444444444444445,0.0,102,478,0,0.20423074068209957,6.98
TX_001139,STORE_04,CHK_015,7,66,0,0,9.428571428571429,0.0,104,478,0,0.20428321832254492,6.97
TX_003770,STORE_07,CHK_012,10,89,0,0,8.9,0.0,87,492,0,0.2042960939778412,6.97
TX_001856,STORE_01,CHK_011,4,73,0,0,18.25,0.0,111,509,0,0.20430879047259443,6.96
TX_001113,STORE_01,CHK_004,11,114,1,0,10.363636363636363,0.09090909090909091,95,509,0,0.2043369420911363,6.96
TX_002447,STORE_10,CHK_010,11,108,0,0,9.818181818181818,0.0,90,505,0,0.2043267726249129,6.96
TX_000508,STORE_08,CHK_019,7,69,1,0,9.857142857142858,0.14285714285714285,90,509,0,0.20438657165557778,6.95
TX_001103,STORE_10,CHK_022,6,67,1,0,11.166666666666666,0.16666666666666666,106,505,0,0.2043750019985095,6.95
TX_001348,STORE_07,CHK_020,6,43,0,0,7.166666666666667,0.0,94,492,0,0.20438108489177764,6.95
TX_004903,STORE_07,CHK_003,14,107,0,0,7.642857142857143,0.0,97,492,0,0.2044013043673048,6.94
TX_003992,STORE_10,CHK_039,3,93,0,0,31.0,0.0,103,505,0,0.20439678767921687,6.94
TX_003326,STORE_01,CHK_034,10,62,0,0,6.2,0.0,89,509,0,0.2044508014179786,6.93
TX_003202,STORE_02,CHK_013,8,71,1,0,8.875,0.125,110,490,0,0.20449866008958978,6.92
TX_001922,STORE_02,CHK_024,12,75,0,0,6.25,0.0,92,490,0,0.20449977711680162,6.92
TX_001574,STORE_06,CHK_040,5,77,0,0,15.4,0.0,114,489,0,0.2045632095129089,6.9
TX_001276,STORE_06,CHK_037,12,97,1,0,8.083333333333334,0.08333333333333333,99,489,0,0.20463317165838069,6.89
TX_002026,STORE_07,CHK_047,11,111,1,0,10.090909090909092,0.09090909090909091,95,492,0,0.20461538687935504,6.89
TX_002258,STORE_02,CHK_010,6,51,0,0,8.5,0.0,90,490,0,0.20465593561776674,6.88
TX_002581,STORE_01,CHK_046,8,55,1,0,6.875,0.125,104,509,0,0.20469416331518625,6.87
TX_004768,STORE_07,CHK_001,10,99,0,0,9.9,0.0,116,492,0,0.20468235085527103,6.87
TX_001970,STORE_10,CHK_037,12,90,1,0,7.5,0.08333333333333333,99,505,0,0.204696191517946,6.87
TX_000282,STORE_07,CHK_015,9,35,0,0,3.888888888888889,0.0,104,492,0,0.20472408327381286,6.86
TX_004499,STORE_08,CHK_048,12,90,0,0,7.5,0.0,113,509,0,0.20473636291474695,6.86
TX_003330,STORE_02,CHK_034,8,82,1,0,10.25,0.125,89,490,0,0.2047398753840579,6.86
TX_002085,STORE_04,CHK_041,9,75,0,0,8.333333333333334,0.0,105,478,0,0.20478359850397004,6.85
TX_001783,STORE_10,CHK_023,3,79,0,0,26.333333333333332,0.0,98,505,0,0.20477998586269514,6.85
TX_004391,STORE_09,CHK_043,9,112,0,0,12.444444444444445,0.0,98,524,0,0.2047765747742068,6.85
TX_000388,STORE_08,CHK_018,5,104,1,0,20.8,0.2,97,509,0,0.20482856269109323,6.84
TX_000720,STORE_01,CHK_020,10,133,0,0,13.3,0.0,94,509,0,0.2048265779764603,6.84
TX_004726,STORE_02,CHK_045,6,75,1,0,12.5,0.16666666666666666,91,490,0,0.2048205244713595,6.84
TX_001013,STORE_06,CHK_009,3,87,0,0,29.0,0.0,98,489,0,0.20486120249426792,6.83
TX_000556,STORE_09,CHK_014,6,106,0,0,17.666666666666668,0.0,103,524,0,0.20487456441059626,6.83
TX_003323,STORE_07,CHK_040,8,57,0,0,7.125,0.0,114,492,0,0.20486891174634098,6.83
TX_002419,STORE_02,CHK_038,6,86,1,0,14.333333333333334,0.16666666666666666,92,490,0,0.20490514825747552,6.82
TX_000094,STORE_08,CHK_043,13,121,0,0,9.307692307692308,0.0,98,509,0,0.20495230555080363,6.81
TX_003406,STORE_09,CHK_002,9,82,0,0,9.11111111111111,0.0,105,524,0,0.20492938034433555,6.81
TX_002786,STORE_09,CHK_016,7,111,0,0,15.857142857142858,0.0,104,524,0,0.20500569040616162,6.8
TX_003335,STORE_04,CHK_028,8,111,0,0,13.875,0.0,102,478,0,0.2049661256425322,6.8
TX_004207,STORE_04,CHK_026,10,78,0,0,7.8,0.0,103,478,0,0.20499876902058517,6.8
TX_002543,STORE_07,CHK_011,6,124,0,0,20.666666666666668,0.0,111,492,0,0.20504439040968936,6.79
TX_003872,STORE_02,CHK_022,5,89,1,0,17.8,0.2,106,490,0,0.20505196287972094,6.78
TX_004373,STORE_01,CHK_024,4,71,0,0,17.75,0.0,92,509,0,0.2050738719415378,6.78
TX_001828,STORE_06,CHK_040,11,83,0,0,7.545454545454546,0.0,114,489,0,0.20507814310261663,6.78
TX_003851,STORE_09,CHK_047,10,105,0,0,10.5,0.0,95,524,0,0.2050843770145026,6.78
TX_000624,STORE_10,CHK_021,12,90,1,0,7.5,0.08333333333333333,101,505,0,0.20509211628911772,6.77
TX_003940,STORE_02,CHK_003,3,69,0,0,23.0,0.0,97,490,0,0.20510932012124694,6.77
TX_002105,STORE_02,CHK_050,12,109,1,0,9.083333333333334,0.08333333333333333,102,490,0,0.2051607194102436,6.76
TX_002967,STORE_01,CHK_021,12,126,0,0,10.5,0.0,101,509,0,0.20520209422625463,6.75
TX_001829,STORE_01,CHK_040,5,96,0,0,19.2,0.0,114,509,0,0.20523686117723838,6.74
TX_000905,STORE_10,CHK_036,4,66,0,0,16.5,0.0,109,505,0,0.20524579704045104,6.74
TX_000677,STORE_02,CHK_029,7,80,1,0,11.428571428571429,0.14285714285714285,90,490,0,0.20526884811471308,6.73
TX_004097,STORE_02,CHK_020,7,133,0,0,19.0,0.0,94,490,0,0.20527955671119202,6.73
TX_001710,STORE_08,CHK_003,5,77,1,0,15.4,0.2,97,509,0,0.2052667425250404,6.73
TX_001463,STORE_08,CHK_011,12,74,0,0,6.166666666666667,0.0,111,509,0,0.20532846034273766,6.72
TX_003127,STORE_08,CHK_034,7,57,0,0,8.142857142857142,0.0,89,509,0,0.20532557358284909,6.72
TX_001920,STORE_06,CHK_022,8,137,0,0,17.125,0.0,106,489,0,0.2053194115961965,6.72
TX_002857,STORE_02,CHK_046,5,43,0,0,8.6,0.0,104,490,0,0.20530308445985102,6.72
TX_004607,STORE_10,CHK_038,4,91,0,0,22.75,0.0,92,505,0,0.20537232282938572,6.71
TX_004188,STORE_01,CHK_045,4,68,0,0,17.0,0.0,91,509,0,0.20538897840410536,6.7
TX_001004,STORE_04,CHK_037,9,68,0,0,7.555555555555555,0.0,99,478,0,0.2054123723930245,6.7
TX_002437,STORE_04,CHK_037,6,79,0,0,13.166666666666666,0.0,99,478,0,0.20539766554543876,6.7
TX_001769,STORE_08,CHK_045,12,110,0,0,9.166666666666666,0.0,91,509,0,0.20539379683965125,6.7
TX_003139,STORE_08,CHK_046,12,110,1,0,9.166666666666666,0.08333333333333333,104,509,0,0.20537890998409536,6.7
TX_004602,STORE_01,CHK_045,13,94,0,0,7.230769230769231,0.0,91,509,0,0.2054525193381555,6.69
TX_004266,STORE_02,CHK_035,6,59,0,0,9.833333333333334,0.0,114,490,0,0.20545732838531122,6.69
TX_002479,STORE_04,CHK_042,8,101,0,0,12.625,0.0,95,478,0,0.2054397413480749,6.69
TX_004247,STORE_10,CHK_013,10,123,0,0,12.3,0.0,110,505,0,0.2054283018305294,6.69
TX_000887,STORE_08,CHK_009,10,59,1,0,5.9,0.1,98,509,0,0.20547626684448844,6.68
TX_004798,STORE_07,CHK_045,11,122,0,0,11.090909090909092,0.0,91,492,0,0.20547672632746622,6.68
TX_003497,STORE_04,CHK_014,7,110,0,0,15.714285714285714,0.0,103,478,0,0.20552286505808293,6.67
TX_001003,STORE_07,CHK_023,5,81,1,0,16.2,0.2,98,492,0,0.20552005079886942,6.67
TX_003503,STORE_02,CHK_046,7,59,1,0,8.428571428571429,0.14285714285714285,104,490,0,0.20551629116424186,6.67
TX_003825,STORE_06,CHK_038,8,110,1,0,13.75,0.125,92,489,0,0.2055093185729498,6.67
TX_004915,STORE_01,CHK_029,10,85,1,0,8.5,0.1,90,509,0,0.20555794848850262,6.66
TX_002441,STORE_01,CHK_028,5,72,1,0,14.4,0.2,102,509,0,0.2055728106125187,6.66
TX_001956,STORE_10,CHK_011,9,56,0,0,6.222222222222222,0.0,111,505,0,0.2056429628419048,6.64
TX_000623,STORE_06,CHK_041,3,92,0,0,30.666666666666668,0.0,105,489,0,0.20563667013928033,6.64
TX_004320,STORE_02,CHK_047,11,88,1,0,8.0,0.09090909090909091,95,490,0,0.20564388987544135,6.64
TX_003321,STORE_07,CHK_020,13,78,0,0,6.0,0.0,94,492,0,0.2056421476449144,6.64
TX_001378,STORE_08,CHK_022,13,73,0,0,5.615384615384615,0.0,106,509,0,0.20566673746581154,6.63
TX_000488,STORE_06,CHK_024,7,102,1,0,14.571428571428571,0.14285714285714285,92,489,0,0.20566697513144416,6.63
TX_001425,STORE_07,CHK_048,5,58,0,0,11.6,0.0,113,492,0,0.20566872927043245,6.63
TX_003657,STORE_02,CHK_050,3,60,0,0,20.0,0.0,102,490,0,0.2056650236773998,6.63
TX_002867,STORE_07,CHK_001,8,105,0,0,13.125,0.0,116,492,0,0.20572312826525585,6.62
TX_000447,STORE_08,CHK_048,11,71,0,0,6.454545454545454,0.0,113,509,0,0.20570729919781922,6.62
TX_003518,STORE_08,CHK_048,11,110,0,0,10.0,0.0,113,509,0,0.20577233824781005,6.61
TX_003864,STORE_02,CHK_013,12,67,0,0,5.583333333333333,0.0,110,490,0,0.20578038341937177,6.61
TX_004633,STORE_09,CHK_026,7,75,0,0,10.714285714285714,0.0,103,524,0,0.20575081845676074,6.61
TX_001807,STORE_08,CHK_006,5,43,0,0,8.6,0.0,102,509,0,0.20579705452007147,6.6
TX_004584,STORE_10,CHK_035,6,76,0,0,12.666666666666666,0.0,114,505,0,0.2058013170363709,6.6
TX_004240,STORE_09,CHK_028,10,108,0,0,10.8,0.0,102,524,0,0.20581675997651333,6.6
TX_000697,STORE_02,CHK_026,11,133,0,0,12.090909090909092,0.0,103,490,0,0.20580173327178164,6.6
TX_002190,STORE_04,CHK_023,6,75,0,0,12.5,0.0,98,478,0,0.2058595443238685,6.59
TX_002071,STORE_10,CHK_034,10,72,0,0,7.2,0.0,89,505,0,0.2058388406529741,6.59
TX_002516,STORE_06,CHK_018,6,133,0,0,22.166666666666668,0.0,97,489,0,0.20587365338704977,6.58
TX_004855,STORE_08,CHK_011,4,76,0,0,19.0,0.0,111,509,0,0.20588164842739065,6.58
TX_000990,STORE_08,CHK_032,10,123,0,0,12.3,0.0,111,509,0,0.20590575313254156,6.58
TX_001438,STORE_07,CHK_038,12,83,0,0,6.916666666666667,0.0,92,492,0,0.20590256381577826,6.58
TX_000925,STORE_04,CHK_002,6,102,0,0,17.0,0.0,105,478,0,0.20591130150452047,6.58
TX_004665,STORE_08,CHK_048,7,122,0,0,17.428571428571427,0.0,113,509,0,0.20590021004821007,6.58
TX_004214,STORE_08,CHK_038,11,113,0,0,10.272727272727273,0.0,92,509,0,0.205942084373267,6.57
TX_003603,STORE_08,CHK_037,13,64,0,0,4.923076923076923,0.0,99,509,0,0.20592621462911676,6.57
TX_003635,STORE_06,CHK_013,4,83,0,0,20.75,0.0,110,489,0,0.20594591181041072,6.57
TX_002121,STORE_06,CHK_006,12,53,0,0,4.416666666666667,0.0,102,489,0,0.2060129696606351,6.55
TX_000947,STORE_06,CHK_015,3,98,0,0,32.666666666666664,0.0,104,489,0,0.20601900503001375,6.55
TX_004396,STORE_06,CHK_017,5,123,0,0,24.6,0.0,107,489,0,0.20600966712253865,6.55
TX_004516,STORE_08,CHK_039,12,111,1,0,9.25,0.08333333333333333,103,509,0,0.20605484461531526,6.54
TX_000078,STORE_10,CHK_047,8,128,1,0,16.0,0.125,95,505,0,0.2060681054475349,6.54
TX_003781,STORE_08,CHK_002,14,89,0,0,6.357142857142857,0.0,105,509,0,0.20604261930209872,6.54
TX_002982,STORE_02,CHK_019,12,99,0,0,8.25,0.0,90,490,0,0.2060390491005723,6.54
TX_000332,STORE_08,CHK_043,11,132,0,0,12.0,0.0,98,509,0,0.20605351580471132,6.54
TX_002476,STORE_07,CHK_014,14,108,0,0,7.714285714285714,0.0,103,492,0,0.20610239042394235,6.53
TX_000854,STORE_06,CHK_038,5,68,0,0,13.6,0.0,92,489,0,0.20618402354807758,6.51
TX_000709,STORE_10,CHK_003,8,55,1,0,6.875,0.125,97,505,0,0.2062092517906418,6.5
TX_003168,STORE_04,CHK_047,9,85,0,0,9.444444444444445,0.0,95,478,0,0.20629112051230453,6.48
TX_002198,STORE_07,CHK_043,14,82,0,0,5.857142857142857,0.0,98,492,0,0.2063625612965263,6.47
TX_002862,STORE_08,CHK_026,4,47,0,0,11.75,0.0,103,509,0,0.2063554538861067,6.47
TX_000730,STORE_08,CHK_039,5,46,0,0,9.2,0.0,103,509,0,0.20637409097572484,6.46
TX_004989,STORE_07,CHK_035,7,62,0,0,8.857142857142858,0.0,114,492,0,0.206408843281082,6.45
TX_000172,STORE_10,CHK_011,7,122,0,0,17.428571428571427,0.0,111,505,0,0.20645736900078215,6.44
TX_002541,STORE_06,CHK_016,13,110,0,0,8.461538461538462,0.0,104,489,0,0.20647366403064238,6.44
TX_001035,STORE_04,CHK_004,8,79,0,0,9.875,0.0,95,478,0,0.20645687391450168,6.44
TX_000210,STORE_02,CHK_009,12,96,1,0,8.0,0.08333333333333333,98,490,0,0.20650030205041958,6.43
TX_003797,STORE_08,CHK_032,5,109,0,0,21.8,0.0,111,509,0,0.2064894868777013,6.43
TX_004875,STORE_07,CHK_050,14,106,0,0,7.571428571428571,0.0,102,492,0,0.206520614568024,6.43
TX_001827,STORE_10,CHK_015,8,141,0,0,17.625,0.0,104,505,0,0.206510681304321,6.43
TX_002898,STORE_08,CHK_024,12,106,0,0,8.833333333333334,0.0,92,509,0,0.20653855209719563,6.42
TX_001597,STORE_10,CHK_003,13,70,0,0,5.384615384615385,0.0,97,505,0,0.2065623301662619,6.42
TX_003071,STORE_06,CHK_026,11,48,0,0,4.363636363636363,0.0,103,489,0,0.206540163083056,6.42
TX_000839,STORE_09,CHK_018,10,91,0,0,9.1,0.0,97,524,0,0.20655022288196756,6.42
TX_003612,STORE_01,CHK_004,12,89,1,0,7.416666666666667,0.08333333333333333,95,509,0,0.20657084050186586,6.41
TX_004451,STORE_06,CHK_037,11,104,1,0,9.454545454545455,0.09090909090909091,99,489,0,0.20659900760887207,6.41
TX_001543,STORE_02,CHK_013,13,99,0,0,7.615384615384615,0.0,110,490,0,0.2066472578448303,6.4
TX_003354,STORE_10,CHK_029,7,85,1,0,12.142857142857142,0.14285714285714285,90,505,0,0.20667389497549105,6.39
TX_000679,STORE_08,CHK_032,10,122,0,0,12.2,0.0,111,509,0,0.20668018405157806,6.39
TX_004328,STORE_04,CHK_016,6,98,0,0,16.333333333333332,0.0,104,478,0,0.20665601053795346,6.39
TX_004486,STORE_01,CHK_045,10,97,1,0,9.7,0.1,91,509,0,0.20673039590811643,6.38
TX_003112,STORE_07,CHK_032,11,58,0,0,5.2727272727272725,0.0,111,492,0,0.20671019725733208,6.38
TX_004334,STORE_02,CHK_013,7,75,1,0,10.714285714285714,0.14285714285714285,110,490,0,0.20681620134428114,6.36
TX_004449,STORE_01,CHK_028,3,94,0,0,31.333333333333332,0.0,102,509,0,0.20677862182715212,6.36
TX_004680,STORE_06,CHK_019,7,125,0,0,17.857142857142858,0.0,90,489,0,0.20677913823621463,6.36
TX_003128,STORE_02,CHK_039,14,72,0,0,5.142857142857143,0.0,103,490,0,0.2068280606819607,6.35
TX_000698,STORE_02,CHK_016,6,119,1,0,19.833333333333332,0.16666666666666666,104,490,0,0.2068327616684963,6.35
TX_000867,STORE_06,CHK_035,5,95,0,0,19.0,0.0,114,489,0,0.20684008574467827,6.35
TX_004107,STORE_07,CHK_023,5,89,1,0,17.8,0.2,98,492,0,0.20685092266090088,6.35
TX_002550,STORE_07,CHK_046,5,84,1,0,16.8,0.2,104,492,0,0.2068965732785255,6.34
TX_003479,STORE_08,CHK_012,8,94,0,0,11.75,0.0,87,509,0,0.20690483699237988,6.33
TX_004416,STORE_09,CHK_003,10,98,0,0,9.8,0.0,97,524,0,0.2069658409277939,6.32
TX_002295,STORE_02,CHK_029,12,92,0,0,7.666666666666667,0.0,90,490,0,0.20697940816436117,6.32
TX_004531,STORE_01,CHK_021,6,116,1,0,19.333333333333332,0.16666666666666666,101,509,0,0.206957215908047,6.32
TX_004677,STORE_02,CHK_014,5,129,0,0,25.8,0.0,103,490,0,0.20697174804383933,6.32
TX_004126,STORE_02,CHK_032,4,82,0,0,20.5,0.0,111,490,0,0.2069431097815117,6.32
TX_002111,STORE_09,CHK_039,8,109,0,0,13.625,0.0,103,524,0,0.2069522585794325,6.32
TX_000215,STORE_08,CHK_014,9,43,0,0,4.777777777777778,0.0,103,509,0,0.20701745537772404,6.31
TX_000493,STORE_01,CHK_004,12,97,1,0,8.083333333333334,0.08333333333333333,95,509,0,0.2070615398198124,6.3
TX_004457,STORE_04,CHK_023,10,89,0,0,8.9,0.0,98,478,0,0.20706052053417623,6.3
TX_004131,STORE_06,CHK_029,5,79,0,0,15.8,0.0,90,489,0,0.2071006479992626,6.29
TX_002358,STORE_04,CHK_022,7,83,0,0,11.857142857142858,0.0,106,478,0,0.20707395172881732,6.29
TX_000938,STORE_10,CHK_031,5,78,0,0,15.6,0.0,113,505,0,0.2071318385596133,6.28
TX_000549,STORE_01,CHK_031,6,115,0,0,19.166666666666668,0.0,113,509,0,0.20712850052234505,6.28
TX_000582,STORE_02,CHK_035,5,77,0,0,15.4,0.0,114,490,0,0.20716927948719277,6.27
TX_000128,STORE_04,CHK_006,6,75,0,0,12.5,0.0,102,478,0,0.20717960639783306,6.27
TX_001802,STORE_01,CHK_015,6,118,1,0,19.666666666666668,0.16666666666666666,104,509,0,0.20720391930991766,6.26
TX_001948,STORE_04,CHK_028,10,81,0,0,8.1,0.0,102,478,0,0.20722163535593036,6.26
TX_004375,STORE_04,CHK_039,6,100,0,0,16.666666666666668,0.0,103,478,0,0.20721330116089648,6.26
TX_002296,STORE_02,CHK_031,8,98,1,0,12.25,0.125,113,490,0,0.20721014495824425,6.26
TX_002927,STORE_02,CHK_038,6,123,0,0,20.5,0.0,92,490,0,0.20719976922554206,6.26
TX_003205,STORE_09,CHK_046,10,102,0,0,10.2,0.0,104,524,0,0.20727023552763402,6.25
TX_003255,STORE_10,CHK_016,11,108,1,0,9.818181818181818,0.09090909090909091,104,505,0,0.20723403291683506,6.25
TX_002368,STORE_02,CHK_019,10,62,0,0,6.2,0.0,90,490,0,0.2072792597208682,6.24
TX_000433,STORE_10,CHK_037,10,65,1,0,6.5,0.1,99,505,0,0.20729559471338999,6.24
TX_001846,STORE_07,CHK_018,3,84,0,0,28.0,0.0,97,492,0,0.2073460090674642,6.23
TX_001754,STORE_07,CHK_026,11,115,1,0,10.454545454545455,0.09090909090909091,103,492,0,0.2073522238009145,6.23
TX_003091,STORE_09,CHK_028,10,88,0,0,8.8,0.0,102,524,0,0.20731315580161636,6.23
TX_000160,STORE_10,CHK_010,6,69,0,0,11.5,0.0,90,505,0,0.20737543599201252,6.22
TX_003561,STORE_02,CHK_036,5,117,0,0,23.4,0.0,109,490,0,0.20738747885494602,6.22
TX_003642,STORE_07,CHK_040,11,108,0,0,9.818181818181818,0.0,114,492,0,0.20736275920964925,6.22
TX_003056,STORE_02,CHK_047,6,43,0,0,7.166666666666667,0.0,95,490,0,0.20742374900090127,6.21
TX_002483,STORE_06,CHK_045,7,127,0,0,18.142857142857142,0.0,91,489,0,0.20741608031729492,6.21
TX_004031,STORE_08,CHK_001,8,88,0,0,11.0,0.0,116,509,0,0.2074130666898073,6.21
TX_004991,STORE_09,CHK_037,7,82,0,0,11.714285714285714,0.0,99,524,0,0.20746339089356552,6.2
TX_004117,STORE_02,CHK_018,12,57,0,0,4.75,0.0,97,490,0,0.20746698066694041,6.2
TX_001433,STORE_02,CHK_029,7,90,1,0,12.857142857142858,0.14285714285714285,90,490,0,0.20749219061087376,6.19
TX_001480,STORE_02,CHK_021,6,132,0,0,22.0,0.0,101,490,0,0.2075386425023017,6.18
TX_000958,STORE_01,CHK_042,12,94,1,0,7.833333333333333,0.08333333333333333,95,509,0,0.20756133822966466,6.17
TX_002209,STORE_01,CHK_022,9,138,0,0,15.333333333333334,0.0,106,509,0,0.2075659640119425,6.17
TX_000907,STORE_09,CHK_015,9,83,0,0,9.222222222222221,0.0,104,524,0,0.20756606138581635,6.17
TX_002182,STORE_04,CHK_046,9,83,0,0,9.222222222222221,0.0,104,478,0,0.20759066536273946,6.17
TX_000438,STORE_08,CHK_032,10,59,0,0,5.9,0.0,111,509,0,0.20758670622065567,6.17
TX_004474,STORE_07,CHK_042,8,136,0,0,17.0,0.0,95,492,0,0.2075601176252138,6.17
TX_002048,STORE_09,CHK_006,9,82,0,0,9.11111111111111,0.0,102,524,0,0.20762828001199357,6.16
TX_000560,STORE_01,CHK_019,9,105,1,0,11.666666666666666,0.1111111111111111,90,509,0,0.2076119305433866,6.16
TX_000400,STORE_10,CHK_019,10,115,0,0,11.5,0.0,90,505,0,0.20760932750359845,6.16
TX_001964,STORE_06,CHK_022,10,72,1,0,7.2,0.1,106,489,0,0.20763491855549565,6.16
TX_001981,STORE_10,CHK_019,9,97,1,0,10.777777777777779,0.1111111111111111,90,505,0,0.20760427193238334,6.16
TX_002009,STORE_09,CHK_018,7,91,0,0,13.0,0.0,97,524,0,0.2076584206751238,6.15
TX_004314,STORE_02,CHK_029,8,100,1,0,12.5,0.125,90,490,0,0.20769963484967008,6.14
TX_003983,STORE_10,CHK_017,12,113,0,0,9.416666666666666,0.0,107,505,0,0.20774648935692636,6.13
TX_003739,STORE_09,CHK_046,8,102,0,0,12.75,0.0,104,524,0,0.20777025576456865,6.12
TX_001743,STORE_10,CHK_013,5,70,0,0,14.0,0.0,110,505,0,0.20776466785684644,6.12
TX_004804,STORE_01,CHK_021,7,139,0,0,19.857142857142858,0.0,101,509,0,0.2078212389675398,6.11
TX_004604,STORE_01,CHK_034,5,96,0,0,19.2,0.0,89,509,0,0.20781503599664491,6.11
TX_003526,STORE_10,CHK_009,11,55,0,0,5.0,0.0,98,505,0,0.2078578144134015,6.1
TX_003001,STORE_06,CHK_036,9,83,1,0,9.222222222222221,0.1111111111111111,109,489,0,0.20785907416420396,6.1
TX_001001,STORE_06,CHK_022,10,121,1,0,12.1,0.1,106,489,0,0.20785024687966802,6.1
TX_000346,STORE_01,CHK_009,3,70,0,0,23.333333333333332,0.0,98,509,0,0.20794076796606226,6.08
TX_003959,STORE_06,CHK_032,5,62,0,0,12.4,0.0,111,489,0,0.2079354350199244,6.08
TX_003946,STORE_07,CHK_013,4,98,0,0,24.5,0.0,110,492,0,0.20800617245860875,6.07
TX_000532,STORE_08,CHK_013,11,64,0,0,5.818181818181818,0.0,110,509,0,0.20798540704257445,6.07
TX_000605,STORE_06,CHK_035,6,72,0,0,12.0,0.0,114,489,0,0.2080670364843099,6.05
TX_003504,STORE_04,CHK_006,10,93,0,0,9.3,0.0,102,478,0,0.20807651777216363,6.05
TX_002747,STORE_02,CHK_020,5,51,0,0,10.2,0.0,94,490,0,0.2080553346229334,6.05
TX_002188,STORE_09,CHK_006,8,76,0,0,9.5,0.0,102,524,0,0.20807277089026055,6.05
TX_003085,STORE_10,CHK_032,5,103,0,0,20.6,0.0,111,505,0,0.20805528719882987,6.05
TX_004723,STORE_02,CHK_035,5,88,0,0,17.6,0.0,114,490,0,0.20817402465483537,6.03
TX_002265,STORE_01,CHK_041,11,89,1,0,8.090909090909092,0.09090909090909091,105,509,0,0.20817319364600845,6.03
TX_003053,STORE_09,CHK_015,9,102,0,0,11.333333333333334,0.0,104,524,0,0.2081573771523061,6.03
TX_002995,STORE_06,CHK_028,10,118,1,0,11.8,0.1,102,489,0,0.20813499304871058,6.03
TX_003410,STORE_07,CHK_011,12,81,0,0,6.75,0.0,111,492,0,0.20819000527633574,6.02
TX_003307,STORE_08,CHK_041,10,115,1,0,11.5,0.1,105,509,0,0.20824678216750026,6.01
TX_003079,STORE_10,CHK_018,11,57,0,0,5.181818181818182,0.0,97,505,0,0.20824102656024573,6.01
TX_001949,STORE_07,CHK_040,11,87,0,0,7.909090909090909,0.0,114,492,0,0.20825389559131235,6.01
TX_001596,STORE_07,CHK_007,11,99,1,0,9.0,0.09090909090909091,95,492,0,0.20823053931824603,6.01
TX_004253,STORE_07,CHK_036,4,67,0,0,16.75,0.0,109,492,0,0.20823731672845147,6.01
TX_004148,STORE_01,CHK_003,6,44,0,0,7.333333333333333,0.0,97,509,0,0.20822103007670073,6.01
TX_001065,STORE_07,CHK_040,8,61,0,0,7.625,0.0,114,492,0,0.20828687572426574,6.0
TX_002334,STORE_10,CHK_037,13,72,0,0,5.538461538461538,0.0,99,505,0,0.20829146426369377,6.0
TX_001386,STORE_09,CHK_018,9,89,0,0,9.88888888888889,0.0,97,524,0,0.20832494957455971,5.99
TX_004344,STORE_07,CHK_007,13,106,0,0,8.153846153846153,0.0,95,492,0,0.2083413625176747,5.98
TX_000663,STORE_06,CHK_024,7,83,1,0,11.857142857142858,0.14285714285714285,92,489,0,0.2083987181642346,5.97
TX_002311,STORE_10,CHK_020,7,50,0,0,7.142857142857143,0.0,94,505,0,0.2083897925726057,5.97
TX_003740,STORE_10,CHK_037,6,68,1,0,11.333333333333334,0.16666666666666666,99,505,0,0.208385727090658,5.97
TX_000787,STORE_06,CHK_010,8,57,0,0,7.125,0.0,90,489,0,0.2083831265263475,5.97
TX_004384,STORE_06,CHK_037,13,78,0,0,6.0,0.0,99,489,0,0.20846694768238566,5.95
TX_002094,STORE_01,CHK_043,11,52,0,0,4.7272727272727275,0.0,98,509,0,0.2084835301795766,5.95
TX_001066,STORE_02,CHK_049,4,88,0,0,22.0,0.0,91,490,0,0.20846735700218366,5.95
TX_000379,STORE_10,CHK_017,4,104,0,0,26.0,0.0,107,505,0,0.2085583215980249,5.93
TX_003476,STORE_01,CHK_042,11,91,1,0,8.272727272727273,0.09090909090909091,95,509,0,0.20857475553882615,5.93
TX_000377,STORE_07,CHK_014,6,40,0,0,6.666666666666667,0.0,103,492,0,0.20860686568102177,5.92
TX_000949,STORE_01,CHK_046,10,139,0,0,13.9,0.0,104,509,0,0.20864675920915848,5.91
TX_003441,STORE_09,CHK_014,8,80,0,0,10.0,0.0,103,524,0,0.2086346880189764,5.91
TX_000156,STORE_10,CHK_045,8,102,1,0,12.75,0.125,91,505,0,0.20868256217742748,5.9
TX_002011,STORE_08,CHK_015,6,139,0,0,23.166666666666668,0.0,104,509,0,0.2086703896612389,5.9
TX_002897,STORE_10,CHK_004,7,131,0,0,18.714285714285715,0.0,95,505,0,0.20877509730576477,5.88
TX_002956,STORE_06,CHK_003,8,59,1,0,7.375,0.125,97,489,0,0.2087925407211474,5.88
TX_000033,STORE_10,CHK_013,5,105,0,0,21.0,0.0,110,505,0,0.20882126194114314,5.87
TX_000395,STORE_08,CHK_050,10,135,0,0,13.5,0.0,102,509,0,0.20881853014803492,5.87
TX_004851,STORE_02,CHK_021,12,60,0,0,5.0,0.0,101,490,0,0.20885674417639255,5.86
TX_000474,STORE_04,CHK_043,7,97,0,0,13.857142857142858,0.0,98,478,0,0.20884298012428704,5.86
TX_004755,STORE_01,CHK_039,13,110,0,0,8.461538461538462,0.0,103,509,0,0.2089163424729134,5.85
TX_001237,STORE_06,CHK_017,10,87,1,0,8.7,0.1,107,489,0,0.20893396432479483,5.84
TX_003593,STORE_08,CHK_007,7,122,1,0,17.428571428571427,0.14285714285714285,95,509,0,0.20898801770327263,5.83
TX_002687,STORE_06,CHK_049,10,125,0,0,12.5,0.0,91,489,0,0.20896963408468333,5.83
TX_003560,STORE_09,CHK_042,8,92,0,0,11.5,0.0,95,524,0,0.20898589942459705,5.83
TX_001954,STORE_06,CHK_026,5,125,0,0,25.0,0.0,103,489,0,0.20901204362205977,5.82
TX_000173,STORE_01,CHK_017,9,132,0,0,14.666666666666666,0.0,107,509,0,0.20904786371618067,5.81
TX_003663,STORE_06,CHK_042,8,46,0,0,5.75,0.0,95,489,0,0.2090871771603437,5.8
TX_004397,STORE_07,CHK_003,5,127,0,0,25.4,0.0,97,492,0,0.20911007128381365,5.8
TX_003108,STORE_02,CHK_029,8,125,0,0,15.625,0.0,90,490,0,0.2090823180955793,5.8
TX_002088,STORE_08,CHK_043,10,64,1,0,6.4,0.1,98,509,0,0.20914116852392794,5.79
TX_004174,STORE_10,CHK_039,4,112,0,0,28.0,0.0,103,505,0,0.20919777442941045,5.78
TX_001049,STORE_04,CHK_014,9,101,0,0,11.222222222222221,0.0,103,478,0,0.20917215955334312,5.78
TX_000975,STORE_08,CHK_037,9,129,1,0,14.333333333333334,0.1111111111111111,99,509,0,0.20921511111288327,5.77
TX_002154,STORE_02,CHK_007,6,105,1,0,17.5,0.16666666666666666,95,490,0,0.20922355162302392,5.77
TX_001160,STORE_04,CHK_043,8,81,0,0,10.125,0.0,98,478,0,0.2092432199661095,5.77
TX_000029,STORE_01,CHK_045,7,53,0,0,7.571428571428571,0.0,91,509,0,0.20925568956036822,5.76
TX_001637,STORE_08,CHK_016,7,45,0,0,6.428571428571429,0.0,104,509,0,0.20926749849644322,5.76
TX_002200,STORE_08,CHK_029,7,83,1,0,11.857142857142858,0.14285714285714285,90,509,0,0.20927445230743957,5.76
TX_000302,STORE_02,CHK_050,3,86,0,0,28.666666666666668,0.0,102,490,0,0.20926424511121794,5.76
TX_000821,STORE_06,CHK_015,7,134,0,0,19.142857142857142,0.0,104,489,0,0.20932453780728494,5.75
TX_004580,STORE_08,CHK_035,6,90,0,0,15.0,0.0,114,509,0,0.20930330420445314,5.75
TX_004635,STORE_01,CHK_032,10,118,0,0,11.8,0.0,111,509,0,0.2093408784894939,5.74
TX_001687,STORE_04,CHK_015,9,94,0,0,10.444444444444445,0.0,104,478,0,0.20933234732131295,5.74
TX_001315,STORE_07,CHK_029,9,86,1,0,9.555555555555555,0.1111111111111111,90,492,0,0.20936400470932087,5.74
TX_000007,STORE_01,CHK_024,12,86,0,0,7.166666666666667,0.0,92,509,0,0.20936986412107428,5.73
TX_001965,STORE_06,CHK_002,10,114,1,0,11.4,0.1,105,489,0,0.2094277941733771,5.72
TX_004440,STORE_06,CHK_041,6,129,0,0,21.5,0.0,105,489,0,0.20944104677629816,5.72
TX_002606,STORE_07,CHK_010,9,98,1,0,10.88888888888889,0.1111111111111111,90,492,0,0.20947649348554048,5.71
TX_001382,STORE_07,CHK_013,9,82,1,0,9.11111111111111,0.1111111111111111,110,492,0,0.20946144376586617,5.71
TX_002560,STORE_02,CHK_016,6,134,0,0,22.333333333333332,0.0,104,490,0,0.2095165278772917,5.7
TX_001405,STORE_07,CHK_035,6,108,0,0,18.0,0.0,114,492,0,0.20955391367646525,5.69
TX_000106,STORE_01,CHK_017,10,84,1,0,8.4,0.1,107,509,0,0.20960482983387774,5.68
TX_000734,STORE_09,CHK_039,8,96,0,0,12.0,0.0,103,524,0,0.2095923450641713,5.68
TX_001641,STORE_07,CHK_024,5,106,0,0,21.2,0.0,92,492,0,0.2095826329863128,5.68
TX_001866,STORE_10,CHK_049,9,95,1,0,10.555555555555555,0.1111111111111111,91,505,0,0.209579419066657,5.68
TX_000370,STORE_10,CHK_049,6,113,0,0,18.833333333333332,0.0,91,505,0,0.20962249218644924,5.67
TX_004598,STORE_10,CHK_049,9,92,1,0,10.222222222222221,0.1111111111111111,91,505,0,0.20964722749876924,5.67
TX_003391,STORE_06,CHK_031,10,65,0,0,6.5,0.0,113,489,0,0.20972562781266912,5.65
TX_002446,STORE_02,CHK_016,8,138,0,0,17.25,0.0,104,490,0,0.20970501339559872,5.65
TX_004887,STORE_10,CHK_016,12,121,0,0,10.083333333333334,0.0,104,505,0,0.20974486583621527,5.64
TX_004394,STORE_08,CHK_050,11,53,0,0,4.818181818181818,0.0,102,509,0,0.20974390812829474,5.64
TX_003982,STORE_06,CHK_017,8,46,0,0,5.75,0.0,107,489,0,0.2097451796960213,5.64
TX_000331,STORE_07,CHK_014,6,113,1,0,18.833333333333332,0.16666666666666666,103,492,0,0.20985113828274227,5.62
TX_000908,STORE_02,CHK_050,6,68,1,0,11.333333333333334,0.16666666666666666,102,490,0,0.20984794183671185,5.62
TX_001162,STORE_10,CHK_039,4,111,0,0,27.75,0.0,103,505,0,0.20989696824523468,5.61
TX_001261,STORE_04,CHK_021,7,95,0,0,13.571428571428571,0.0,101,478,0,0.20991285579222102,5.6
TX_002485,STORE_01,CHK_035,6,86,0,0,14.333333333333334,0.0,114,509,0,0.20995886235583894,5.59
TX_000956,STORE_07,CHK_019,5,81,0,0,16.2,0.0,90,492,0,0.20995884068128173,5.59
TX_002741,STORE_09,CHK_015,9,89,0,0,9.88888888888889,0.0,104,524,0,0.21001222436625921,5.58
TX_000363,STORE_01,CHK_040,10,98,0,0,9.8,0.0,114,509,0,0.21001428106768205,5.58
TX_004774,STORE_02,CHK_010,9,124,0,0,13.777777777777779,0.0,90,490,0,0.2099944195302712,5.58
TX_000272,STORE_08,CHK_028,3,77,0,0,25.666666666666668,0.0,102,509,0,0.21005494151755066,5.57
TX_004807,STORE_02,CHK_042,12,110,0,0,9.166666666666666,0.0,95,490,0,0.21007685501959478,5.56
TX_001902,STORE_06,CHK_015,5,51,0,0,10.2,0.0,104,489,0,0.2100933049973122,5.56
TX_004815,STORE_01,CHK_015,4,114,0,0,28.5,0.0,104,509,0,0.2100971448386028,5.56
TX_002448,STORE_01,CHK_004,12,66,0,0,5.5,0.0,95,509,0,0.21014163270688652,5.55
TX_004018,STORE_07,CHK_039,6,114,1,0,19.0,0.16666666666666666,103,492,0,0.21011989510047252,5.55
TX_003731,STORE_06,CHK_046,6,129,0,0,21.5,0.0,104,489,0,0.21013496611127597,5.55
TX_002782,STORE_01,CHK_035,9,81,0,0,9.0,0.0,114,509,0,0.21015912472662235,5.54
TX_000390,STORE_06,CHK_009,9,134,0,0,14.88888888888889,0.0,98,489,0,0.21021977256781887,5.53
TX_002007,STORE_08,CHK_004,8,59,1,0,7.375,0.125,95,509,0,0.21024111726524541,5.52
TX_004844,STORE_08,CHK_013,12,88,0,0,7.333333333333333,0.0,110,509,0,0.21025069768598909,5.52
TX_000929,STORE_02,CHK_004,4,64,0,0,16.0,0.0,95,490,0,0.21023957004640914,5.52
TX_001723,STORE_01,CHK_043,4,114,0,0,28.5,0.0,98,509,0,0.21027118349141216,5.52
TX_000146,STORE_06,CHK_045,8,82,1,0,10.25,0.125,91,489,0,0.21029496843916018,5.51
TX_002413,STORE_02,CHK_034,8,113,0,0,14.125,0.0,89,490,0,0.210290141594194,5.51
TX_004358,STORE_07,CHK_009,10,69,1,0,6.9,0.1,98,492,0,0.21035091442226173,5.5
TX_001934,STORE_07,CHK_036,4,100,0,0,25.0,0.0,109,492,0,0.21034360562072818,5.5
TX_001221,STORE_06,CHK_031,7,64,0,0,9.142857142857142,0.0,113,489,0,0.21035106283563149,5.5
TX_002724,STORE_10,CHK_016,8,122,1,0,15.25,0.125,104,505,0,0.2103906460962136,5.49
TX_002426,STORE_10,CHK_043,10,50,0,0,5.0,0.0,98,505,0,0.21037365423778626,5.49
TX_004116,STORE_06,CHK_002,4,68,0,0,17.0,0.0,105,489,0,0.21038942255337562,5.49
TX_001985,STORE_08,CHK_017,10,57,0,0,5.7,0.0,107,509,0,0.21035913456000094,5.49
TX_003490,STORE_01,CHK_011,6,114,0,0,19.0,0.0,111,509,0,0.21048150677255661,5.46
TX_000183,STORE_06,CHK_026,8,118,1,0,14.75,0.125,103,489,0,0.2105114171983335,5.46
TX_000481,STORE_06,CHK_002,7,113,1,0,16.142857142857142,0.14285714285714285,105,489,0,0.2105946409158615,5.44
TX_002326,STORE_10,CHK_007,7,69,1,0,9.857142857142858,0.14285714285714285,95,505,0,0.2105700726822528,5.44
TX_004969,STORE_02,CHK_048,7,116,0,0,16.571428571428573,0.0,113,490,0,0.21062702569055508,5.43
TX_002318,STORE_07,CHK_022,7,122,1,0,17.428571428571427,0.14285714285714285,106,492,0,0.21060535538468894,5.43
TX_002836,STORE_01,CHK_009,7,125,1,0,17.857142857142858,0.14285714285714285,98,509,0,0.21064397400922952,5.43
TX_001928,STORE_08,CHK_016,12,64,0,0,5.333333333333333,0.0,104,509,0,0.21063640232298037,5.43
TX_000587,STORE_02,CHK_022,9,43,0,0,4.777777777777778,0.0,106,490,0,0.21066318376690768,5.42
TX_003081,STORE_01,CHK_039,7,139,0,0,19.857142857142858,0.0,103,509,0,0.21071118956069634,5.41
TX_004289,STORE_02,CHK_002,12,117,0,0,9.75,0.0,105,490,0,0.21069658735793073,5.41
TX_003480,STORE_07,CHK_022,4,111,0,0,27.75,0.0,106,492,0,0.2107525271043384,5.4
TX_003547,STORE_10,CHK_016,7,48,0,0,6.857142857142857,0.0,104,505,0,0.2107330573953498,5.4
TX_004605,STORE_01,CHK_018,8,127,1,0,15.875,0.125,97,509,0,0.21079970817726573,5.39
TX_004467,STORE_01,CHK_050,11,98,1,0,8.909090909090908,0.09090909090909091,102,509,0,0.210803512435009,5.39
TX_003310,STORE_10,CHK_032,8,115,0,0,14.375,0.0,111,505,0,0.2108063113928389,5.39
TX_004217,STORE_07,CHK_035,9,67,0,0,7.444444444444445,0.0,114,492,0,0.21078059890328615,5.39
TX_001714,STORE_06,CHK_028,8,121,1,0,15.125,0.125,102,489,0,0.2108198285385195,5.38
TX_000130,STORE_06,CHK_004,4,82,0,0,20.5,0.0,95,489,0,0.21082260009631543,5.38
TX_002769,STORE_08,CHK_034,10,102,0,0,10.2,0.0,89,509,0,0.21092799512792537,5.36
TX_003193,STORE_10,CHK_048,6,77,0,0,12.833333333333334,0.0,113,505,0,0.21089830479853183,5.36
TX_002337,STORE_06,CHK_020,5,74,0,0,14.8,0.0,94,489,0,0.21093854120237682,5.35
TX_004319,STORE_06,CHK_026,6,46,0,0,7.666666666666667,0.0,103,489,0,0.21094170783045602,5.35
TX_004824,STORE_06,CHK_002,7,71,1,0,10.142857142857142,0.14285714285714285,105,489,0,0.2110252559155834,5.33
TX_003398,STORE_01,CHK_035,7,95,0,0,13.571428571428571,0.0,114,509,0,0.21105960112028188,5.32
TX_000658,STORE_07,CHK_031,8,118,0,0,14.75,0.0,113,492,0,0.21107539558125676,5.32
TX_001930,STORE_06,CHK_022,6,94,1,0,15.666666666666666,0.16666666666666666,106,489,0,0.2110628956720738,5.32
TX_001156,STORE_08,CHK_050,10,132,0,0,13.2,0.0,102,509,0,0.211069243957345,5.32
TX_001905,STORE_06,CHK_041,5,56,0,0,11.2,0.0,105,489,0,0.21112233563383842,5.31
TX_000460,STORE_10,CHK_007,10,82,1,0,8.2,0.1,95,505,0,0.21118812914196539,5.29
TX_004294,STORE_08,CHK_018,7,60,1,0,8.571428571428571,0.14285714285714285,97,509,0,0.21124700378328531,5.28
TX_000557,STORE_08,CHK_023,11,57,0,0,5.181818181818182,0.0,98,509,0,0.2112438191734204,5.28
TX_003254,STORE_07,CHK_011,5,69,0,0,13.8,0.0,111,492,0,0.21124091707918508,5.28
TX_002777,STORE_09,CHK_014,8,92,0,0,11.5,0.0,103,524,0,0.21127852480998566,5.27
TX_004067,STORE_07,CHK_024,9,103,1,0,11.444444444444445,0.1111111111111111,92,492,0,0.21129340368969518,5.27
TX_004122,STORE_08,CHK_007,10,79,1,0,7.9,0.1,95,509,0,0.21132651579955364,5.26
TX_001656,STORE_01,CHK_003,12,66,0,0,5.5,0.0,97,509,0,0.21134973653224448,5.25
TX_002125,STORE_10,CHK_035,9,90,0,0,10.0,0.0,114,505,0,0.2113739816267502,5.25
TX_003057,STORE_01,CHK_047,9,130,0,0,14.444444444444445,0.0,95,509,0,0.21141106078112776,5.24
TX_000067,STORE_08,CHK_021,5,118,0,0,23.6,0.0,101,509,0,0.21142861298862847,5.23
TX_003023,STORE_06,CHK_047,12,79,0,0,6.583333333333333,0.0,95,489,0,0.21143220866053286,5.23
TX_004931,STORE_07,CHK_028,11,93,1,0,8.454545454545455,0.09090909090909091,102,492,0,0.21149515237522204,5.22
TX_003811,STORE_10,CHK_029,6,94,0,0,15.666666666666666,0.0,90,505,0,0.211504067465556,5.22
TX_002084,STORE_02,CHK_016,4,114,0,0,28.5,0.0,104,490,0,0.2115270059182191,5.21
TX_003837,STORE_01,CHK_048,10,77,0,0,7.7,0.0,113,509,0,0.21154392310629905,5.21
TX_003471,STORE_02,CHK_039,5,125,0,0,25.0,0.0,103,490,0,0.21154446776673685,5.21
TX_002783,STORE_10,CHK_002,4,99,0,0,24.75,0.0,105,505,0,0.21151150986485795,5.21
TX_002239,STORE_07,CHK_020,10,90,1,0,9.0,0.1,94,492,0,0.21153857214613836,5.21
TX_000281,STORE_08,CHK_014,13,81,0,0,6.230769230769231,0.0,103,509,0,0.2115512607824659,5.2
TX_002879,STORE_07,CHK_006,10,133,0,0,13.3,0.0,102,492,0,0.2116517759529304,5.18
TX_002499,STORE_02,CHK_041,11,55,0,0,5.0,0.0,105,490,0,0.21164807881121084,5.18
TX_003882,STORE_06,CHK_050,9,118,1,0,13.11111111111111,0.1111111111111111,102,489,0,0.21167971580933564,5.17
TX_002638,STORE_06,CHK_006,9,118,1,0,13.11111111111111,0.1111111111111111,102,489,0,0.21167971580933564,5.17
TX_000003,STORE_02,CHK_047,8,129,0,0,16.125,0.0,95,490,0,0.2117066920974635,5.17
TX_000382,STORE_08,CHK_041,11,61,0,0,5.545454545454546,0.0,105,509,0,0.21174708421923633,5.16
TX_002407,STORE_10,CHK_007,11,113,0,0,10.272727272727273,0.0,95,505,0,0.2117954806981917,5.15
TX_000351,STORE_06,CHK_016,5,54,0,0,10.8,0.0,104,489,0,0.21177746236712702,5.15
TX_001820,STORE_07,CHK_036,12,84,0,0,7.0,0.0,109,492,0,0.21178785769970465,5.15
TX_004717,STORE_01,CHK_011,11,73,0,0,6.636363636363637,0.0,111,509,0,0.2117838434206225,5.15
TX_004916,STORE_10,CHK_013,5,96,0,0,19.2,0.0,110,505,0,0.2117696256859566,5.15
TX_001886,STORE_07,CHK_022,7,119,1,0,17.0,0.14285714285714285,106,492,0,0.2118170197931704,5.14
TX_002053,STORE_06,CHK_022,10,129,0,0,12.9,0.0,106,489,0,0.21184518753091258,5.13
TX_001855,STORE_08,CHK_041,4,64,0,0,16.0,0.0,105,509,0,0.21186663968006375,5.13
TX_000413,STORE_01,CHK_010,9,117,0,0,13.0,0.0,90,509,0,0.21191429429548536,5.12
TX_004752,STORE_01,CHK_034,8,64,0,0,8.0,0.0,89,509,0,0.21190420963534584,5.12
TX_001376,STORE_10,CHK_009,8,123,1,0,15.375,0.125,98,505,0,0.21192230816836072,5.11
TX_003444,STORE_02,CHK_040,7,110,0,0,15.714285714285714,0.0,114,490,0,0.21192204700039208,5.11
TX_002066,STORE_10,CHK_014,8,66,1,0,8.25,0.125,103,505,0,0.2119621271565566,5.11
TX_004267,STORE_08,CHK_042,7,129,0,0,18.428571428571427,0.0,95,509,0,0.21194445706267495,5.11
TX_004020,STORE_07,CHK_031,6,111,0,0,18.5,0.0,113,492,0,0.21199111511474084,5.1
TX_002810,STORE_08,CHK_014,5,125,0,0,25.0,0.0,103,509,0,0.21199632226219478,5.1
TX_002882,STORE_08,CHK_041,7,67,1,0,9.571428571428571,0.14285714285714285,105,509,0,0.2120094567369965,5.09
TX_001997,STORE_08,CHK_041,8,119,1,0,14.875,0.125,105,509,0,0.21200675105059852,5.09
TX_004672,STORE_08,CHK_024,7,59,0,0,8.428571428571429,0.0,92,509,0,0.2120604263967475,5.08
TX_002136,STORE_01,CHK_010,10,108,0,0,10.8,0.0,90,509,0,0.21207879278324027,5.08
TX_000937,STORE_01,CHK_024,9,92,1,0,10.222222222222221,0.1111111111111111,92,509,0,0.21212103695922663,5.07
TX_001127,STORE_01,CHK_048,9,67,0,0,7.444444444444445,0.0,113,509,0,0.21209557442736154,5.07
TX_003956,STORE_08,CHK_007,9,118,1,0,13.11111111111111,0.1111111111111111,95,509,0,0.21217681234883157,5.05
TX_002147,STORE_07,CHK_041,4,70,0,0,17.5,0.0,105,492,0,0.21217597592049087,5.05
TX_000853,STORE_06,CHK_016,11,57,0,0,5.181818181818182,0.0,104,489,0,0.21217411340940784,5.05
TX_000864,STORE_02,CHK_048,11,88,0,0,8.0,0.0,113,490,0,0.2121752037947281,5.05
TX_001789,STORE_02,CHK_047,10,90,1,0,9.0,0.1,95,490,0,0.21228232499402844,5.03
TX_004038,STORE_07,CHK_036,9,52,0,0,5.777777777777778,0.0,109,492,0,0.2122869976909394,5.03
TX_002566,STORE_02,CHK_007,4,102,0,0,25.5,0.0,95,490,0,0.21230634011495886,5.02
TX_004182,STORE_07,CHK_006,11,95,1,0,8.636363636363637,0.09090909090909091,102,492,0,0.21229750604533854,5.02
TX_004730,STORE_02,CHK_035,10,107,0,0,10.7,0.0,114,490,0,0.2123274462315199,5.02
TX_001299,STORE_10,CHK_017,7,53,0,0,7.571428571428571,0.0,107,505,0,0.21237339917033698,5.01
TX_001071,STORE_06,CHK_029,9,68,0,0,7.555555555555555,0.0,90,489,0,0.2123430984205507,5.01
TX_003185,STORE_02,CHK_015,13,101,0,0,7.769230769230769,0.0,104,490,0,0.21234558663818853,5.01
TX_002196,STORE_01,CHK_042,9,120,1,0,13.333333333333334,0.1111111111111111,95,509,0,0.2124443358304245,4.99
TX_003161,STORE_07,CHK_016,8,44,0,0,5.5,0.0,104,492,0,0.2124388144557962,4.99
TX_000575,STORE_10,CHK_034,9,85,0,0,9.444444444444445,0.0,89,505,0,0.21245113155758188,4.99
TX_001467,STORE_02,CHK_029,10,72,0,0,7.2,0.0,90,490,0,0.21247510610625503,4.98
TX_004864,STORE_01,CHK_011,10,68,0,0,6.8,0.0,111,509,0,0.2124826934598698,4.98
TX_004445,STORE_01,CHK_023,9,127,1,0,14.11111111111111,0.1111111111111111,98,509,0,0.212509775670016,4.97
TX_001892,STORE_10,CHK_047,4,95,0,0,23.75,0.0,95,505,0,0.21250088555440155,4.97
TX_000055,STORE_08,CHK_007,6,95,1,0,15.833333333333334,0.16666666666666666,95,509,0,0.21255731052404286,4.96
TX_004760,STORE_01,CHK_006,6,71,1,0,11.833333333333334,0.16666666666666666,102,509,0,0.21255172640270592,4.96
TX_003371,STORE_10,CHK_043,7,47,0,0,6.714285714285714,0.0,98,505,0,0.21256897411910564,4.96
TX_000426,STORE_02,CHK_050,11,126,0,0,11.454545454545455,0.0,102,490,0,0.21258079524618884,4.95
TX_004223,STORE_06,CHK_043,4,100,0,0,25.0,0.0,98,489,0,0.21260216318935127,4.95
TX_002609,STORE_10,CHK_015,12,70,0,0,5.833333333333333,0.0,104,505,0,0.2126457333514118,4.94
TX_002061,STORE_08,CHK_023,12,117,0,0,9.75,0.0,98,509,0,0.2126794026322243,4.93
TX_003110,STORE_08,CHK_009,12,117,0,0,9.75,0.0,98,509,0,0.2126794026322243,4.93
TX_001457,STORE_10,CHK_020,9,80,1,0,8.88888888888889,0.1111111111111111,94,505,0,0.2127016559988671,4.93
TX_001475,STORE_07,CHK_013,8,56,0,0,7.0,0.0,110,492,0,0.21275000242921632,4.91
TX_000595,STORE_01,CHK_048,6,101,0,0,16.833333333333332,0.0,113,509,0,0.21280262724656557,4.9
TX_003991,STORE_02,CHK_022,8,74,1,0,9.25,0.125,106,490,0,0.21282964108842717,4.89
TX_002072,STORE_02,CHK_017,10,52,0,0,5.2,0.0,107,490,0,0.2128382897930085,4.89
TX_000896,STORE_01,CHK_003,9,51,0,0,5.666666666666667,0.0,97,509,0,0.21288902295680928,4.88
TX_003198,STORE_10,CHK_021,7,108,1,0,15.428571428571429,0.14285714285714285,101,505,0,0.2129040633138461,4.88
TX_002874,STORE_02,CHK_031,11,86,0,0,7.818181818181818,0.0,113,490,0,0.21287967906231225,4.88
TX_000766,STORE_02,CHK_050,13,80,0,0,6.153846153846154,0.0,102,490,0,0.2129286269396215,4.87
TX_000157,STORE_01,CHK_031,6,72,0,0,12.0,0.0,113,509,0,0.21295748668022396,4.86
TX_003380,STORE_01,CHK_045,7,117,0,0,16.714285714285715,0.0,91,509,0,0.2129776565365935,4.86
TX_001537,STORE_07,CHK_006,7,117,1,0,16.714285714285715,0.14285714285714285,102,492,0,0.21306266834851773,4.84
TX_000922,STORE_07,CHK_036,7,125,0,0,17.857142857142858,0.0,109,492,0,0.2130942620033499,4.83
TX_001006,STORE_06,CHK_014,4,72,0,0,18.0,0.0,103,489,0,0.2130750650952702,4.83
TX_001515,STORE_02,CHK_036,11,67,0,0,6.090909090909091,0.0,109,490,0,0.21314328722518572,4.82
TX_001809,STORE_07,CHK_017,7,76,1,0,10.857142857142858,0.14285714285714285,107,492,0,0.21314836946646792,4.82
TX_002714,STORE_01,CHK_034,8,68,0,0,8.5,0.0,89,509,0,0.2131405591924007,4.82
TX_003559,STORE_08,CHK_034,7,105,0,0,15.0,0.0,89,509,0,0.21319498369615952,4.81
TX_002488,STORE_06,CHK_017,4,91,0,0,22.75,0.0,107,489,0,0.2132046636426828,4.8
TX_001363,STORE_06,CHK_046,10,51,0,0,5.1,0.0,104,489,0,0.2132259539089728,4.8
TX_004550,STORE_07,CHK_046,4,107,0,0,26.75,0.0,104,492,0,0.2132080739331727,4.8
TX_001497,STORE_06,CHK_009,7,47,0,0,6.714285714285714,0.0,98,489,0,0.2132013631511459,4.8
TX_001498,STORE_06,CHK_029,8,111,0,0,13.875,0.0,90,489,0,0.2132336930202191,4.8
TX_002838,STORE_02,CHK_045,7,57,0,0,8.142857142857142,0.0,91,490,0,0.21325466328071402,4.79
TX_001093,STORE_06,CHK_013,7,114,0,0,16.285714285714285,0.0,110,489,0,0.21326823674284545,4.79
TX_002812,STORE_07,CHK_048,8,114,0,0,14.25,0.0,113,492,0,0.21329414789561935,4.78
TX_001130,STORE_08,CHK_029,8,63,0,0,7.875,0.0,90,509,0,0.21330955575644805,4.78
TX_003100,STORE_07,CHK_037,10,111,1,0,11.1,0.1,99,492,0,0.21331468091893813,4.78
TX_000348,STORE_08,CHK_049,9,62,0,0,6.888888888888889,0.0,91,509,0,0.21335130736309077,4.77
TX_001459,STORE_10,CHK_045,8,60,0,0,7.5,0.0,91,505,0,0.2133737745682857,4.76
TX_004591,STORE_02,CHK_032,5,81,0,0,16.2,0.0,111,490,0,0.2133649606653859,4.76
TX_004551,STORE_06,CHK_004,5,73,0,0,14.6,0.0,95,489,0,0.2134401559504382,4.75
TX_001465,STORE_07,CHK_017,8,47,0,0,5.875,0.0,107,492,0,0.21340910560587656,4.75
TX_003713,STORE_10,CHK_015,7,77,1,0,11.0,0.14285714285714285,104,505,0,0.2134773691355954,4.74
TX_001199,STORE_07,CHK_043,6,88,1,0,14.666666666666666,0.16666666666666666,98,492,0,0.21347298237154416,4.74
TX_001244,STORE_08,CHK_029,6,102,0,0,17.0,0.0,90,509,0,0.213472890318067,4.74
TX_002231,STORE_02,CHK_029,6,74,0,0,12.333333333333334,0.0,90,490,0,0.2134883334216544,4.73
TX_002500,STORE_02,CHK_050,7,45,0,0,6.428571428571429,0.0,102,490,0,0.21351207907365016,4.73
TX_004307,STORE_08,CHK_004,12,77,0,0,6.416666666666667,0.0,95,509,0,0.2134892127565467,4.73
TX_000223,STORE_02,CHK_050,4,108,0,0,27.0,0.0,102,490,0,0.2135503024423661,4.72
TX_004019,STORE_02,CHK_049,8,57,0,0,7.125,0.0,91,490,0,0.21353210949739937,4.72
TX_003210,STORE_01,CHK_015,8,119,1,0,14.875,0.125,104,509,0,0.21356487566258497,4.72
TX_002254,STORE_06,CHK_034,8,106,0,0,13.25,0.0,89,489,0,0.21358006282181247,4.71
TX_001253,STORE_06,CHK_020,6,112,0,0,18.666666666666668,0.0,94,489,0,0.21358370964349782,4.71
TX_002933,STORE_07,CHK_010,6,102,0,0,17.0,0.0,90,492,0,0.2135849893603563,4.71
TX_002097,STORE_06,CHK_004,12,87,0,0,7.25,0.0,95,489,0,0.21362885812394983,4.7
TX_001874,STORE_08,CHK_031,10,88,0,0,8.8,0.0,113,509,0,0.21371911548045597,4.68
TX_000813,STORE_10,CHK_029,10,89,0,0,8.9,0.0,90,505,0,0.21377232654883999,4.67
TX_003763,STORE_01,CHK_002,5,116,0,0,23.2,0.0,105,509,0,0.21377012772965587,4.67
TX_003272,STORE_01,CHK_021,5,113,0,0,22.6,0.0,101,509,0,0.21375225748054222,4.67
TX_001195,STORE_06,CHK_023,10,97,1,0,9.7,0.1,98,489,0,0.2137419728698457,4.67
TX_001484,STORE_02,CHK_049,7,115,0,0,16.428571428571427,0.0,91,490,0,0.2137332553061796,4.67
TX_003443,STORE_06,CHK_009,8,129,0,0,16.125,0.0,98,489,0,0.21379562232652188,4.66
TX_003373,STORE_01,CHK_040,8,81,0,0,10.125,0.0,114,509,0,0.21385273580128705,4.65
TX_004925,STORE_02,CHK_003,10,128,0,0,12.8,0.0,97,490,0,0.21388846823944735,4.64
TX_001832,STORE_08,CHK_022,9,110,1,0,12.222222222222221,0.1111111111111111,106,509,0,0.21388654718904437,4.64
TX_002610,STORE_06,CHK_021,9,127,0,0,14.11111111111111,0.0,101,489,0,0.21385977428440534,4.64
TX_001345,STORE_06,CHK_040,7,91,0,0,13.0,0.0,114,489,0,0.21397250254937844,4.62
TX_002720,STORE_08,CHK_007,7,76,1,0,10.857142857142858,0.14285714285714285,95,509,0,0.21397811046086712,4.62
TX_002164,STORE_01,CHK_041,4,98,0,0,24.5,0.0,105,509,0,0.21396968489003643,4.62
TX_002461,STORE_10,CHK_048,8,105,0,0,13.125,0.0,113,505,0,0.21394812883355713,4.62
TX_002412,STORE_10,CHK_042,5,65,0,0,13.0,0.0,95,505,0,0.21406174467551176,4.6
TX_004935,STORE_08,CHK_009,8,61,1,0,7.625,0.125,98,509,0,0.21405058372156854,4.6
TX_003314,STORE_02,CHK_004,9,51,0,0,5.666666666666667,0.0,95,490,0,0.21404654806027879,4.6
TX_002310,STORE_06,CHK_024,6,102,0,0,17.0,0.0,92,489,0,0.21405714699458395,4.6
TX_003173,STORE_02,CHK_006,11,56,0,0,5.090909090909091,0.0,102,490,0,0.2140843162256631,4.59
TX_001204,STORE_02,CHK_019,6,87,0,0,14.5,0.0,90,490,0,0.21411537925083995,4.58
TX_000589,STORE_02,CHK_002,5,57,0,0,11.4,0.0,105,490,0,0.21410380762472236,4.58
TX_001061,STORE_06,CHK_019,9,110,0,0,12.222222222222221,0.0,90,489,0,0.21413133993954142,4.58
TX_001023,STORE_10,CHK_031,10,103,0,0,10.3,0.0,113,505,0,0.21413094312108982,4.58
TX_000891,STORE_07,CHK_022,6,97,1,0,16.166666666666668,0.16666666666666666,106,492,0,0.21414166655133055,4.58
TX_000423,STORE_01,CHK_019,6,104,0,0,17.333333333333332,0.0,90,509,0,0.21420284283065832,4.56
TX_001142,STORE_06,CHK_032,11,86,0,0,7.818181818181818,0.0,111,489,0,0.21419292028288578,4.56
TX_003089,STORE_10,CHK_046,7,80,1,0,11.428571428571429,0.14285714285714285,104,505,0,0.21419610492761132,4.56
TX_003879,STORE_02,CHK_038,5,93,0,0,18.6,0.0,92,490,0,0.21425977067780616,4.55
TX_000270,STORE_02,CHK_045,9,117,0,0,13.0,0.0,91,490,0,0.21423845583781465,4.55
TX_001940,STORE_10,CHK_006,12,106,0,0,8.833333333333334,0.0,102,505,0,0.21430564627012144,4.54
TX_004754,STORE_08,CHK_016,8,49,0,0,6.125,0.0,104,509,0,0.21428638643485431,4.54
TX_001041,STORE_10,CHK_017,8,125,0,0,15.625,0.0,107,505,0,0.21433739267269802,4.53
TX_001084,STORE_01,CHK_010,8,111,0,0,13.875,0.0,90,509,0,0.2143288975464701,4.53
TX_000286,STORE_10,CHK_022,8,82,1,0,10.25,0.125,106,505,0,0.21437706905431692,4.52
TX_000628,STORE_08,CHK_026,6,128,0,0,21.333333333333332,0.0,103,509,0,0.2143996250463181,4.51
TX_000880,STORE_07,CHK_050,5,116,0,0,23.2,0.0,102,492,0,0.21441623986240704,4.51
TX_000035,STORE_01,CHK_039,6,128,0,0,21.333333333333332,0.0,103,509,0,0.2143996250463181,4.51
TX_004162,STORE_06,CHK_049,10,108,0,0,10.8,0.0,91,489,0,0.2144629606378728,4.5
TX_001309,STORE_08,CHK_002,7,74,1,0,10.571428571428571,0.14285714285714285,105,509,0,0.2144648850059923,4.5
TX_000247,STORE_01,CHK_042,9,76,1,0,8.444444444444445,0.1111111111111111,95,509,0,0.21445707249330576,4.5
TX_003241,STORE_08,CHK_042,4,74,0,0,18.5,0.0,95,509,0,0.21445071469934573,4.5
TX_001517,STORE_08,CHK_009,12,69,0,0,5.75,0.0,98,509,0,0.21453301639043976,4.48
TX_002172,STORE_01,CHK_045,5,92,0,0,18.4,0.0,91,509,0,0.2145385723373251,4.48
TX_001447,STORE_06,CHK_015,8,110,1,0,13.75,0.125,104,489,0,0.21456073015194288,4.47
TX_000092,STORE_01,CHK_004,12,102,0,0,8.5,0.0,95,509,0,0.2145737717305521,4.47
TX_002507,STORE_06,CHK_037,7,88,1,0,12.571428571428571,0.14285714285714285,99,489,0,0.21460908494601333,4.46
TX_002393,STORE_07,CHK_046,6,98,1,0,16.333333333333332,0.16666666666666666,104,492,0,0.214602467393604,4.46
TX_001724,STORE_06,CHK_020,11,97,0,0,8.818181818181818,0.0,94,489,0,0.21462020782466917,4.46
TX_004756,STORE_07,CHK_045,10,67,0,0,6.7,0.0,91,492,0,0.21461381996196904,4.46
TX_004279,STORE_10,CHK_016,7,128,0,0,18.285714285714285,0.0,104,505,0,0.21462496004105186,4.46
TX_002811,STORE_06,CHK_020,9,88,1,0,9.777777777777779,0.1111111111111111,94,489,0,0.21462811602144705,4.46
TX_003899,STORE_10,CHK_032,6,88,0,0,14.666666666666666,0.0,111,505,0,0.21467089627650116,4.45
TX_003634,STORE_02,CHK_048,10,110,0,0,11.0,0.0,113,490,0,0.21464214882951094,4.45
TX_002171,STORE_01,CHK_015,6,128,0,0,21.333333333333332,0.0,104,509,0,0.21467222680993636,4.45
TX_003978,STORE_07,CHK_017,4,96,0,0,24.0,0.0,107,492,0,0.2146945681374578,4.44
TX_001798,STORE_07,CHK_007,9,78,1,0,8.666666666666666,0.1111111111111111,95,492,0,0.21471783177927362,4.44
TX_002114,STORE_10,CHK_050,10,126,0,0,12.6,0.0,102,505,0,0.21475717860993104,4.43
TX_002355,STORE_08,CHK_015,4,67,0,0,16.75,0.0,104,509,0,0.21472501124172588,4.43
TX_000919,STORE_02,CHK_004,7,125,0,0,17.857142857142858,0.0,95,490,0,0.214776123529281,4.42
TX_002005,STORE_07,CHK_024,10,108,0,0,10.8,0.0,92,492,0,0.21483417341035888,4.41
TX_000194,STORE_07,CHK_041,12,67,0,0,5.583333333333333,0.0,105,492,0,0.21482313697581612,4.41
TX_003082,STORE_08,CHK_007,5,69,0,0,13.8,0.0,95,509,0,0.21481355988968248,4.41
TX_000209,STORE_07,CHK_011,8,114,0,0,14.25,0.0,111,492,0,0.21481290379729712,4.41
TX_003292,STORE_01,CHK_024,9,64,0,0,7.111111111111111,0.0,92,509,0,0.2148738486312996,4.4
TX_004241,STORE_01,CHK_002,12,80,0,0,6.666666666666667,0.0,105,509,0,0.2148479087986611,4.4
TX_000817,STORE_10,CHK_037,9,78,1,0,8.666666666666666,0.1111111111111111,99,505,0,0.21489556279260708,4.39
TX_003277,STORE_08,CHK_023,4,102,0,0,25.5,0.0,98,509,0,0.21490351505243266,4.39
TX_000177,STORE_06,CHK_022,7,88,1,0,12.571428571428571,0.14285714285714285,106,489,0,0.21492720972599788,4.38
TX_002021,STORE_06,CHK_026,9,128,0,0,14.222222222222221,0.0,103,489,0,0.21499154363128242,4.37
TX_000450,STORE_10,CHK_028,4,74,0,0,18.5,0.0,102,505,0,0.2150072150290826,4.37
TX_004549,STORE_02,CHK_038,6,67,0,0,11.166666666666666,0.0,92,490,0,0.2150188127279583,4.36
TX_000572,STORE_07,CHK_018,12,108,0,0,9.0,0.0,97,492,0,0.21501992432149658,4.36
TX_000075,STORE_01,CHK_006,8,116,1,0,14.5,0.125,102,509,0,0.21502036489198617,4.36
TX_003296,STORE_07,CHK_011,11,78,0,0,7.090909090909091,0.0,111,492,0,0.2150143609001301,4.36
TX_003434,STORE_07,CHK_047,12,84,0,0,7.0,0.0,95,492,0,0.2150508471745466,4.35
TX_000051,STORE_06,CHK_035,8,102,0,0,12.75,0.0,114,489,0,0.21508764267750535,4.35
TX_004924,STORE_01,CHK_007,10,58,0,0,5.8,0.0,95,509,0,0.21509810221637193,4.34
TX_000747,STORE_10,CHK_014,7,109,1,0,15.571428571428571,0.14285714285714285,103,505,0,0.21510362825696977,4.34
TX_002301,STORE_02,CHK_032,11,83,0,0,7.545454545454546,0.0,111,490,0,0.21514889481671434,4.33
TX_004478,STORE_07,CHK_041,7,112,1,0,16.0,0.14285714285714285,105,492,0,0.2151592824081266,4.33
TX_002402,STORE_01,CHK_042,9,77,1,0,8.555555555555555,0.1111111111111111,95,509,0,0.2151859356901491,4.32
TX_001182,STORE_02,CHK_050,7,74,1,0,10.571428571428571,0.14285714285714285,102,490,0,0.2152053153240579,4.32
TX_001658,STORE_02,CHK_006,12,69,0,0,5.75,0.0,102,490,0,0.21522715936515263,4.31
TX_000914,STORE_08,CHK_046,4,100,0,0,25.0,0.0,104,509,0,0.21531030845837223,4.29
TX_002282,STORE_06,CHK_017,9,99,1,0,11.0,0.1111111111111111,107,489,0,0.21533483999773134,4.29
TX_000256,STORE_02,CHK_010,10,98,0,0,9.8,0.0,90,490,0,0.21531578929638368,4.29
TX_004853,STORE_01,CHK_036,7,119,0,0,17.0,0.0,109,509,0,0.21535223471508413,4.28
TX_001418,STORE_01,CHK_021,10,97,1,0,9.7,0.1,101,509,0,0.21540288516615952,4.27
TX_001753,STORE_02,CHK_020,10,119,0,0,11.9,0.0,94,490,0,0.215399684648043,4.27
TX_001236,STORE_01,CHK_015,10,89,1,0,8.9,0.1,104,509,0,0.21539607655288578,4.27
TX_003383,STORE_10,CHK_038,10,95,0,0,9.5,0.0,92,505,0,0.21540762748418968,4.27
TX_001859,STORE_01,CHK_022,7,127,0,0,18.142857142857142,0.0,106,509,0,0.21539830869348525,4.27
TX_001260,STORE_10,CHK_022,8,94,1,0,11.75,0.125,106,505,0,0.21544785959154367,4.26
TX_002063,STORE_10,CHK_011,9,107,0,0,11.88888888888889,0.0,111,505,0,0.21544867967645687,4.26
TX_000646,STORE_02,CHK_042,8,102,1,0,12.75,0.125,95,490,0,0.21549388609957715,4.25
TX_003349,STORE_07,CHK_048,10,109,0,0,10.9,0.0,113,492,0,0.2154711953641164,4.25
TX_002138,STORE_07,CHK_019,8,107,0,0,13.375,0.0,90,492,0,0.21546871101889348,4.25
TX_000167,STORE_02,CHK_043,4,103,0,0,25.75,0.0,98,490,0,0.2155236494861092,4.24
TX_002661,STORE_02,CHK_031,8,70,0,0,8.75,0.0,113,490,0,0.21553755669357894,4.24
TX_002853,STORE_08,CHK_006,4,65,0,0,16.25,0.0,102,509,0,0.2155818489721676,4.23
TX_001865,STORE_06,CHK_040,9,100,0,0,11.11111111111111,0.0,114,489,0,0.2156392744692754,4.21
TX_004257,STORE_10,CHK_018,11,78,0,0,7.090909090909091,0.0,97,505,0,0.21562910202479907,4.21
TX_001366,STORE_01,CHK_017,5,67,0,0,13.4,0.0,107,509,0,0.21563964531128743,4.21
TX_003181,STORE_01,CHK_032,10,77,0,0,7.7,0.0,111,509,0,0.2156319804310492,4.21
TX_004427,STORE_02,CHK_011,11,96,0,0,8.727272727272727,0.0,111,490,0,0.21566144641369156,4.21
TX_001057,STORE_06,CHK_041,12,90,0,0,7.5,0.0,105,489,0,0.21562918448476026,4.21
TX_003913,STORE_01,CHK_011,8,66,0,0,8.25,0.0,111,509,0,0.2157539033221625,4.18
TX_004739,STORE_06,CHK_037,5,104,0,0,20.8,0.0,99,489,0,0.21575488526510272,4.18
TX_001788,STORE_07,CHK_009,9,115,1,0,12.777777777777779,0.1111111111111111,98,492,0,0.2157821197055838,4.18
TX_004125,STORE_07,CHK_013,5,85,0,0,17.0,0.0,110,492,0,0.2158262852923959,4.17
TX_000368,STORE_06,CHK_022,9,90,1,0,10.0,0.1111111111111111,106,489,0,0.21582913459522107,4.17
TX_000220,STORE_02,CHK_017,5,59,0,0,11.8,0.0,107,490,0,0.21582601449221528,4.17
TX_001831,STORE_06,CHK_042,5,79,0,0,15.8,0.0,95,489,0,0.21589026611478107,4.15
TX_001280,STORE_07,CHK_010,9,80,0,0,8.88888888888889,0.0,90,492,0,0.2159271000893983,4.14
TX_004693,STORE_10,CHK_050,5,107,0,0,21.4,0.0,102,505,0,0.21592996604289005,4.14
TX_001217,STORE_08,CHK_009,5,53,0,0,10.6,0.0,98,509,0,0.21595065245689854,4.14
TX_002926,STORE_01,CHK_015,10,103,1,0,10.3,0.1,104,509,0,0.21594257877389939,4.14
TX_001560,STORE_08,CHK_032,8,69,0,0,8.625,0.0,111,509,0,0.21597709417636535,4.13
TX_003607,STORE_08,CHK_009,6,87,1,0,14.5,0.16666666666666666,98,509,0,0.2159801554575308,4.13
TX_003233,STORE_07,CHK_026,10,85,1,0,8.5,0.1,103,492,0,0.21602477610627774,4.12
TX_004764,STORE_08,CHK_041,4,76,0,0,19.0,0.0,105,509,0,0.21599680044313907,4.12
TX_003038,STORE_06,CHK_042,10,62,0,0,6.2,0.0,95,489,0,0.21602286435123558,4.12
TX_002249,STORE_10,CHK_038,7,83,0,0,11.857142857142858,0.0,92,505,0,0.21603438179466516,4.12
TX_001741,STORE_10,CHK_038,7,83,0,0,11.857142857142858,0.0,92,505,0,0.21603438179466516,4.12
TX_004825,STORE_10,CHK_020,11,89,0,0,8.090909090909092,0.0,94,505,0,0.2161119482739392,4.1
TX_001702,STORE_02,CHK_014,10,96,1,0,9.6,0.1,103,490,0,0.2161304347190069,4.09
TX_002055,STORE_10,CHK_039,12,85,0,0,7.083333333333333,0.0,103,505,0,0.21613005616015074,4.09
TX_002978,STORE_01,CHK_047,7,124,0,0,17.714285714285715,0.0,95,509,0,0.21619376682835983,4.08
TX_003098,STORE_10,CHK_006,9,80,1,0,8.88888888888889,0.1111111111111111,102,505,0,0.21622936346393618,4.07
TX_002510,STORE_01,CHK_050,4,72,0,0,18.0,0.0,102,509,0,0.21627385726155035,4.06
TX_002538,STORE_02,CHK_006,8,49,0,0,6.125,0.0,102,490,0,0.21632217346102972,4.05
TX_003455,STORE_01,CHK_020,9,98,1,0,10.88888888888889,0.1111111111111111,94,509,0,0.21629017465353206,4.05
TX_000164,STORE_06,CHK_009,8,79,1,0,9.875,0.125,98,489,0,0.21632139462290073,4.05
TX_004361,STORE_10,CHK_024,9,101,0,0,11.222222222222221,0.0,92,505,0,0.21632118214208823,4.05
TX_002736,STORE_01,CHK_049,6,75,0,0,12.5,0.0,91,509,0,0.21639854317215995,4.03
TX_001396,STORE_01,CHK_028,6,125,0,0,20.833333333333332,0.0,102,509,0,0.21637187959996185,4.03
TX_000613,STORE_10,CHK_050,5,71,0,0,14.2,0.0,102,505,0,0.2163726155061983,4.03
TX_002315,STORE_06,CHK_043,9,106,1,0,11.777777777777779,0.1111111111111111,98,489,0,0.21637081337128788,4.03
TX_001327,STORE_02,CHK_006,4,104,0,0,26.0,0.0,102,490,0,0.21643126839366023,4.02
TX_000181,STORE_10,CHK_023,9,79,1,0,8.777777777777779,0.1111111111111111,98,505,0,0.2164425858520379,4.02
TX_002181,STORE_07,CHK_031,8,67,0,0,8.375,0.0,113,492,0,0.21641305827479623,4.02
TX_001665,STORE_10,CHK_024,9,79,0,0,8.777777777777779,0.0,92,505,0,0.21643236022868828,4.02
TX_004400,STORE_07,CHK_022,12,102,0,0,8.5,0.0,106,492,0,0.21651048203407314,4.0
TX_004441,STORE_06,CHK_014,10,126,0,0,12.6,0.0,103,489,0,0.21656279103122594,3.99
TX_002639,STORE_01,CHK_039,7,128,0,0,18.285714285714285,0.0,103,509,0,0.21653759283710605,3.99
TX_004177,STORE_08,CHK_018,9,110,1,0,12.222222222222221,0.1111111111111111,97,509,0,0.2166092574273068,3.98
TX_000897,STORE_08,CHK_010,7,99,0,0,14.142857142857142,0.0,90,509,0,0.2165953893211608,3.98
TX_001185,STORE_07,CHK_029,10,95,0,0,9.5,0.0,90,492,0,0.21659079680387416,3.98
TX_003921,STORE_02,CHK_024,7,66,0,0,9.428571428571429,0.0,92,490,0,0.21658147002661876,3.98
TX_003998,STORE_01,CHK_003,7,102,1,0,14.571428571428571,0.14285714285714285,97,509,0,0.216633036324903,3.97
TX_002980,STORE_06,CHK_028,6,54,0,0,9.0,0.0,102,489,0,0.21662694861588877,3.97
TX_000857,STORE_07,CHK_022,7,127,0,0,18.142857142857142,0.0,106,492,0,0.21662986994459504,3.97
TX_003216,STORE_08,CHK_028,10,98,1,0,9.8,0.1,102,509,0,0.21662354295755376,3.97
TX_002124,STORE_08,CHK_041,8,104,1,0,13.0,0.125,105,509,0,0.21669387046249478,3.96
TX_003675,STORE_02,CHK_046,6,53,0,0,8.833333333333334,0.0,104,490,0,0.21668835385265445,3.96
TX_001407,STORE_01,CHK_003,11,68,0,0,6.181818181818182,0.0,97,509,0,0.216717850051449,3.95
TX_001564,STORE_01,CHK_006,6,122,0,0,20.333333333333332,0.0,102,509,0,0.21673713817466173,3.95
TX_002245,STORE_01,CHK_031,7,94,0,0,13.428571428571429,0.0,113,509,0,0.216737078142903,3.95
TX_004167,STORE_08,CHK_038,7,101,0,0,14.428571428571429,0.0,92,509,0,0.21672898276885155,3.95
TX_002512,STORE_10,CHK_026,7,54,0,0,7.714285714285714,0.0,103,505,0,0.21673405906927484,3.95
TX_002666,STORE_08,CHK_039,10,99,1,0,9.9,0.1,103,509,0,0.2167545443257577,3.94
TX_004165,STORE_06,CHK_016,8,52,0,0,6.5,0.0,104,489,0,0.21681021416065321,3.93
TX_000985,STORE_07,CHK_009,4,80,0,0,20.0,0.0,98,492,0,0.21682365204659526,3.92
TX_003806,STORE_06,CHK_009,9,82,1,0,9.11111111111111,0.1111111111111111,98,489,0,0.21686486078337025,3.91
TX_004262,STORE_07,CHK_050,9,49,0,0,5.444444444444445,0.0,102,492,0,0.2169379216845974,3.9
TX_002240,STORE_10,CHK_021,6,58,0,0,9.666666666666666,0.0,101,505,0,0.21695147321234398,3.89
TX_000983,STORE_01,CHK_009,6,124,0,0,20.666666666666668,0.0,98,509,0,0.21697337003095662,3.89
TX_004051,STORE_10,CHK_029,8,90,0,0,11.25,0.0,90,505,0,0.21700787999986326,3.88
TX_001229,STORE_10,CHK_002,6,118,0,0,19.666666666666668,0.0,105,505,0,0.2170117548723708,3.88
TX_003359,STORE_01,CHK_004,7,55,0,0,7.857142857142857,0.0,95,509,0,0.21699420266782843,3.88
TX_003924,STORE_02,CHK_048,7,106,0,0,15.142857142857142,0.0,113,490,0,0.2170297902297184,3.87
TX_000345,STORE_07,CHK_013,6,69,0,0,11.5,0.0,110,492,0,0.21702541556352295,3.87
TX_003759,STORE_07,CHK_015,5,58,0,0,11.6,0.0,104,492,0,0.21702925642785637,3.87
TX_002145,STORE_06,CHK_010,7,94,0,0,13.428571428571429,0.0,90,489,0,0.21712023206405695,3.85
TX_000028,STORE_10,CHK_017,6,68,0,0,11.333333333333334,0.0,107,505,0,0.2171240713133159,3.85
TX_001284,STORE_07,CHK_017,5,75,0,0,15.0,0.0,107,492,0,0.21712846344398035,3.85
TX_000334,STORE_07,CHK_028,10,93,1,0,9.3,0.1,102,492,0,0.2172060596189201,3.83
TX_003554,STORE_01,CHK_018,8,112,1,0,14.0,0.125,97,509,0,0.21721947093299226,3.83
TX_004386,STORE_10,CHK_013,9,78,0,0,8.666666666666666,0.0,110,505,0,0.2172299712370338,3.83
TX_003919,STORE_07,CHK_024,7,69,0,0,9.857142857142858,0.0,92,492,0,0.21721524193169983,3.83
TX_001302,STORE_08,CHK_007,9,102,1,0,11.333333333333334,0.1111111111111111,95,509,0,0.21726004258087056,3.82
TX_004466,STORE_02,CHK_015,12,104,0,0,8.666666666666666,0.0,104,490,0,0.21725613702112095,3.82
TX_004171,STORE_01,CHK_020,7,115,0,0,16.428571428571427,0.0,94,509,0,0.2173076841936572,3.81
TX_000948,STORE_10,CHK_018,8,53,0,0,6.625,0.0,97,505,0,0.21727271400456927,3.81
TX_003638,STORE_06,CHK_031,7,81,0,0,11.571428571428571,0.0,113,489,0,0.21733519286385872,3.8
TX_002684,STORE_02,CHK_006,8,106,1,0,13.25,0.125,102,490,0,0.2173179554051139,3.8
TX_000070,STORE_02,CHK_028,4,97,0,0,24.25,0.0,102,490,0,0.21733237607331335,3.8
TX_003353,STORE_10,CHK_018,8,100,1,0,12.5,0.125,97,505,0,0.21735098014444415,3.8
TX_000456,STORE_10,CHK_002,8,125,0,0,15.625,0.0,105,505,0,0.21736648440439615,3.79
TX_000127,STORE_10,CHK_050,5,74,0,0,14.8,0.0,102,505,0,0.21742217537658615,3.78
TX_002571,STORE_10,CHK_017,9,61,0,0,6.777777777777778,0.0,107,505,0,0.21748871265056435,3.76
TX_000568,STORE_10,CHK_037,11,100,0,0,9.090909090909092,0.0,99,505,0,0.21748396499428352,3.76
TX_003515,STORE_08,CHK_041,4,87,0,0,21.75,0.0,105,509,0,0.21748942743724997,3.76
TX_002925,STORE_07,CHK_045,6,100,0,0,16.666666666666668,0.0,91,492,0,0.21750672582323283,3.76
TX_004249,STORE_08,CHK_045,10,97,0,0,9.7,0.0,91,509,0,0.2175509699513321,3.75
TX_000344,STORE_06,CHK_041,10,125,0,0,12.5,0.0,105,489,0,0.2175349685192618,3.75
TX_003800,STORE_06,CHK_042,10,65,0,0,6.5,0.0,95,489,0,0.21752247797171048,3.75
TX_003619,STORE_07,CHK_011,6,82,0,0,13.666666666666666,0.0,111,492,0,0.21758203900582246,3.74
TX_000791,STORE_07,CHK_020,6,70,0,0,11.666666666666666,0.0,94,492,0,0.2175900208251123,3.74
TX_001648,STORE_07,CHK_040,9,96,0,0,10.666666666666666,0.0,114,492,0,0.2176201370542964,3.73
TX_001281,STORE_02,CHK_037,6,53,0,0,8.833333333333334,0.0,99,490,0,0.21762321901497994,3.73
TX_002040,STORE_08,CHK_003,9,79,1,0,8.777777777777779,0.1111111111111111,97,509,0,0.2176379806462544,3.73
TX_004891,STORE_10,CHK_023,8,102,1,0,12.75,0.125,98,505,0,0.21763453735188837,3.73
TX_001536,STORE_07,CHK_014,10,96,1,0,9.6,0.1,103,492,0,0.2176754648196031,3.72
TX_000792,STORE_06,CHK_049,9,108,0,0,12.0,0.0,91,489,0,0.21771286980804055,3.71
TX_003939,STORE_10,CHK_026,9,81,1,0,9.0,0.1111111111111111,103,505,0,0.21773837176672367,3.7
TX_003571,STORE_10,CHK_026,7,92,1,0,13.142857142857142,0.14285714285714285,103,505,0,0.21776260491847876,3.7
TX_001541,STORE_08,CHK_020,5,83,0,0,16.6,0.0,94,509,0,0.2177321740013834,3.7
TX_003299,STORE_08,CHK_034,8,88,0,0,11.0,0.0,89,509,0,0.21773917922313452,3.7
TX_003433,STORE_07,CHK_020,11,90,0,0,8.181818181818182,0.0,94,492,0,0.21773394742128016,3.7
TX_000151,STORE_08,CHK_045,6,98,0,0,16.333333333333332,0.0,91,509,0,0.21775427979313827,3.7
TX_000828,STORE_07,CHK_021,12,94,0,0,7.833333333333333,0.0,101,492,0,0.21778391752679105,3.69
TX_000454,STORE_06,CHK_017,7,118,0,0,16.857142857142858,0.0,107,489,0,0.2177793858381819,3.69
TX_001862,STORE_06,CHK_046,11,69,0,0,6.2727272727272725,0.0,104,489,0,0.21783168628069016,3.68
TX_004570,STORE_06,CHK_031,7,100,0,0,14.285714285714286,0.0,113,489,0,0.217983341309629,3.64
TX_002169,STORE_01,CHK_002,8,83,1,0,10.375,0.125,105,509,0,0.21802348202099536,3.63
TX_001210,STORE_10,CHK_049,7,87,0,0,12.428571428571429,0.0,91,505,0,0.21806339025867078,3.62
TX_000453,STORE_02,CHK_019,7,85,0,0,12.142857142857142,0.0,90,490,0,0.21806539638853478,3.62
TX_004800,STORE_02,CHK_016,11,118,0,0,10.727272727272727,0.0,104,490,0,0.21810638319350506,3.61
TX_004812,STORE_07,CHK_039,12,82,0,0,6.833333333333333,0.0,103,492,0,0.21810647538515687,3.61
TX_003000,STORE_08,CHK_050,4,74,0,0,18.5,0.0,102,509,0,0.21812286552657606,3.61
TX_003418,STORE_06,CHK_026,5,106,0,0,21.2,0.0,103,489,0,0.21821832195114987,3.59
TX_003539,STORE_06,CHK_036,8,72,0,0,9.0,0.0,109,489,0,0.21824572067227116,3.58
TX_004472,STORE_08,CHK_011,7,96,0,0,13.714285714285714,0.0,111,509,0,0.21822521051476662,3.58
TX_000485,STORE_06,CHK_026,9,54,0,0,6.0,0.0,103,489,0,0.21824015844074002,3.58
TX_002670,STORE_07,CHK_015,12,87,0,0,7.25,0.0,104,492,0,0.21836256333125403,3.55
TX_002809,STORE_07,CHK_024,7,73,0,0,10.428571428571429,0.0,92,492,0,0.21839284691362754,3.54
TX_004877,STORE_08,CHK_037,8,78,1,0,9.75,0.125,99,509,0,0.2184130217443701,3.54
TX_002280,STORE_08,CHK_003,11,100,0,0,9.090909090909092,0.0,97,509,0,0.21839404765013526,3.54
TX_000593,STORE_08,CHK_016,9,106,1,0,11.777777777777779,0.1111111111111111,104,509,0,0.2184656726859675,3.53
TX_003520,STORE_01,CHK_014,8,107,1,0,13.375,0.125,103,509,0,0.21846172920387213,3.53
TX_000005,STORE_01,CHK_049,7,75,0,0,10.714285714285714,0.0,91,509,0,0.21845981549085652,3.53
TX_004413,STORE_02,CHK_011,8,74,0,0,9.25,0.0,111,490,0,0.2184372807516849,3.53
TX_003829,STORE_06,CHK_021,5,83,0,0,16.6,0.0,101,489,0,0.21850167178254498,3.52
TX_000071,STORE_07,CHK_050,11,119,0,0,10.818181818181818,0.0,102,492,0,0.2185401455298332,3.51
TX_003154,STORE_07,CHK_031,10,99,0,0,9.9,0.0,113,492,0,0.21854995812452266,3.5
TX_003922,STORE_06,CHK_011,10,96,0,0,9.6,0.0,111,489,0,0.21856240724479115,3.5
TX_000385,STORE_10,CHK_021,9,121,0,0,13.444444444444445,0.0,101,505,0,0.21862933743905055,3.49
TX_000762,STORE_02,CHK_031,7,103,0,0,14.714285714285714,0.0,113,490,0,0.21859921409518146,3.49
TX_000581,STORE_01,CHK_006,5,109,0,0,21.8,0.0,102,509,0,0.2187455622074012,3.46
TX_004096,STORE_01,CHK_018,7,96,1,0,13.714285714285714,0.14285714285714285,97,509,0,0.21877084751355547,3.45
TX_002991,STORE_06,CHK_047,11,95,0,0,8.636363636363637,0.0,95,489,0,0.21884021813196475,3.43
TX_003483,STORE_02,CHK_015,5,61,0,0,12.2,0.0,104,490,0,0.21886360288185241,3.43
TX_001510,STORE_01,CHK_046,8,99,1,0,12.375,0.125,104,509,0,0.21890363786938688,3.42
TX_002949,STORE_10,CHK_041,10,116,0,0,11.6,0.0,105,505,0,0.21890458968976018,3.42
TX_003678,STORE_07,CHK_048,7,85,0,0,12.142857142857142,0.0,113,492,0,0.21887994833023067,3.42
TX_000025,STORE_08,CHK_009,4,76,0,0,19.0,0.0,98,509,0,0.21898860268671777,3.4
TX_001100,STORE_02,CHK_029,7,86,0,0,12.285714285714286,0.0,90,490,0,0.2190033035717165,3.39
TX_000539,STORE_02,CHK_016,8,96,1,0,12.0,0.125,104,490,0,0.21909477260421778,3.37
TX_000315,STORE_01,CHK_032,7,88,0,0,12.571428571428571,0.0,111,509,0,0.21915907997505302,3.36
TX_002096,STORE_08,CHK_022,11,103,0,0,9.363636363636363,0.0,106,509,0,0.2192066135277576,3.35
TX_002858,STORE_06,CHK_043,10,119,0,0,11.9,0.0,98,489,0,0.21918523339633184,3.35
TX_000013,STORE_07,CHK_002,6,120,0,0,20.0,0.0,105,492,0,0.2192236760518848,3.34
TX_002259,STORE_06,CHK_017,10,67,0,0,6.7,0.0,107,489,0,0.2193191835714554,3.32
TX_000738,STORE_01,CHK_043,4,84,0,0,21.0,0.0,98,509,0,0.2193044474907433,3.32
TX_001291,STORE_08,CHK_006,9,124,0,0,13.777777777777779,0.0,102,509,0,0.2193377818188894,3.31
TX_000231,STORE_10,CHK_047,10,110,0,0,11.0,0.0,95,505,0,0.21934051188000253,3.31
TX_001141,STORE_06,CHK_014,7,121,0,0,17.285714285714285,0.0,103,489,0,0.2193473534100816,3.31
TX_000239,STORE_02,CHK_006,11,66,0,0,6.0,0.0,102,490,0,0.21938818194365012,3.3
TX_002027,STORE_08,CHK_022,7,60,0,0,8.571428571428571,0.0,106,509,0,0.21942293927081846,3.29
TX_000627,STORE_01,CHK_028,8,80,1,0,10.0,0.125,102,509,0,0.2194240934692328,3.29
TX_002875,STORE_08,CHK_023,5,70,0,0,14.0,0.0,98,509,0,0.21943884153329646,3.29
TX_001419,STORE_01,CHK_003,5,106,0,0,21.2,0.0,97,509,0,0.21946359998963044,3.28
TX_001426,STORE_06,CHK_003,11,84,0,0,7.636363636363637,0.0,97,489,0,0.21946356893586483,3.28
TX_004904,STORE_07,CHK_036,10,78,0,0,7.8,0.0,109,492,0,0.21948811451007605,3.28
TX_003244,STORE_01,CHK_020,6,78,0,0,13.0,0.0,94,509,0,0.21946441910992326,3.28
TX_000840,STORE_02,CHK_028,8,52,0,0,6.5,0.0,102,490,0,0.21945799106372843,3.28
TX_004945,STORE_08,CHK_046,9,127,0,0,14.11111111111111,0.0,104,509,0,0.2195395358884386,3.26
TX_000422,STORE_01,CHK_045,9,102,0,0,11.333333333333334,0.0,91,509,0,0.21960351529726774,3.25
TX_003706,STORE_10,CHK_046,5,77,0,0,15.4,0.0,104,505,0,0.2196042607466595,3.25
TX_001700,STORE_10,CHK_007,5,91,0,0,18.2,0.0,95,505,0,0.21960408665275216,3.25
TX_001671,STORE_08,CHK_014,4,92,0,0,23.0,0.0,103,509,0,0.2196296508316764,3.24
TX_002944,STORE_06,CHK_023,11,101,0,0,9.181818181818182,0.0,98,489,0,0.21963227288972026,3.24
TX_001121,STORE_02,CHK_038,9,82,0,0,9.11111111111111,0.0,92,490,0,0.21962450968373265,3.24
TX_000387,STORE_08,CHK_026,4,92,0,0,23.0,0.0,103,509,0,0.2196296508316764,3.24
TX_004979,STORE_01,CHK_039,4,92,0,0,23.0,0.0,103,509,0,0.2196296508316764,3.24
TX_002165,STORE_01,CHK_042,8,94,1,0,11.75,0.125,95,509,0,0.21966994631202258,3.23
TX_002513,STORE_10,CHK_011,8,92,0,0,11.5,0.0,111,505,0,0.21966658095005864,3.23
TX_001887,STORE_01,CHK_014,5,65,0,0,13.0,0.0,103,509,0,0.2197412334896705,3.22
TX_000271,STORE_08,CHK_024,9,96,0,0,10.666666666666666,0.0,92,509,0,0.21971590039901934,3.22
TX_000314,STORE_01,CHK_004,8,57,0,0,7.125,0.0,95,509,0,0.21971853252676238,3.22
TX_002603,STORE_10,CHK_014,6,60,0,0,10.0,0.0,103,505,0,0.2197759246613878,3.21
TX_000041,STORE_06,CHK_047,6,78,0,0,13.0,0.0,95,489,0,0.2197967421049714,3.2
TX_001867,STORE_01,CHK_020,6,105,0,0,17.5,0.0,94,509,0,0.21982456417266005,3.19
TX_000475,STORE_06,CHK_041,7,118,0,0,16.857142857142858,0.0,105,489,0,0.21987525133166574,3.18
TX_000969,STORE_01,CHK_023,8,79,1,0,9.875,0.125,98,509,0,0.21992402186558957,3.17
TX_001416,STORE_01,CHK_016,11,111,0,0,10.090909090909092,0.0,104,509,0,0.21992097463186566,3.17
TX_000176,STORE_07,CHK_032,7,104,0,0,14.857142857142858,0.0,111,492,0,0.2199446303684079,3.17
TX_002976,STORE_08,CHK_037,6,115,0,0,19.166666666666668,0.0,99,509,0,0.2199604595869094,3.16
TX_000462,STORE_01,CHK_021,8,95,1,0,11.875,0.125,101,509,0,0.21999932983229536,3.15
TX_002388,STORE_06,CHK_032,8,82,0,0,10.25,0.0,111,489,0,0.2199907210813008,3.15
TX_002478,STORE_02,CHK_023,5,75,0,0,15.0,0.0,98,490,0,0.22004146313327116,3.14
TX_003714,STORE_02,CHK_026,9,54,0,0,6.0,0.0,103,490,0,0.22009671632202882,3.13
TX_003155,STORE_08,CHK_014,7,83,1,0,11.857142857142858,0.14285714285714285,103,509,0,0.220080836410873,3.13
TX_001818,STORE_02,CHK_024,8,80,0,0,10.0,0.0,92,490,0,0.22013702857644551,3.12
TX_002821,STORE_06,CHK_016,7,120,0,0,17.142857142857142,0.0,104,489,0,0.22018982209656862,3.11
TX_003555,STORE_02,CHK_003,10,60,0,0,6.0,0.0,97,490,0,0.22016538043838363,3.11
TX_004899,STORE_10,CHK_018,5,99,0,0,19.8,0.0,97,505,0,0.22016558867939579,3.11
TX_001034,STORE_07,CHK_039,9,83,1,0,9.222222222222221,0.1111111111111111,103,492,0,0.22019625877577365,3.1
TX_003190,STORE_06,CHK_017,5,91,0,0,18.2,0.0,107,489,0,0.22019972073898086,3.1
TX_000961,STORE_01,CHK_039,10,121,0,0,12.1,0.0,103,509,0,0.2202307038298838,3.1
TX_004890,STORE_01,CHK_007,8,85,1,0,10.625,0.125,95,509,0,0.2202462043323858,3.09
TX_004538,STORE_02,CHK_050,7,123,0,0,17.571428571428573,0.0,102,490,0,0.22029235197922986,3.08
TX_003745,STORE_01,CHK_039,8,125,0,0,15.625,0.0,103,509,0,0.2203583649636417,3.07
TX_004287,STORE_02,CHK_004,11,90,0,0,8.181818181818182,0.0,95,490,0,0.22033581436979183,3.07
TX_004955,STORE_07,CHK_050,12,98,0,0,8.166666666666666,0.0,102,492,0,0.22038332141769912,3.06
TX_003594,STORE_01,CHK_021,8,90,1,0,11.25,0.125,101,509,0,0.22040392650768464,3.05
TX_000933,STORE_10,CHK_041,6,111,0,0,18.5,0.0,105,505,0,0.22046939836352003,3.04
TX_004367,STORE_10,CHK_039,6,63,0,0,10.5,0.0,103,505,0,0.2205020937647013,3.03
TX_004641,STORE_08,CHK_017,10,75,0,0,7.5,0.0,107,509,0,0.22054752360115643,3.02
TX_002473,STORE_08,CHK_019,8,92,0,0,11.5,0.0,90,509,0,0.22052459052888246,3.02
TX_000056,STORE_07,CHK_032,9,76,0,0,8.444444444444445,0.0,111,492,0,0.22053863248858868,3.02
TX_002597,STORE_02,CHK_004,11,92,0,0,8.363636363636363,0.0,95,490,0,0.22060380102059846,3.01
TX_003006,STORE_01,CHK_032,9,84,0,0,9.333333333333334,0.0,111,509,0,0.22063374190297058,3.0
TX_000816,STORE_01,CHK_026,9,98,1,0,10.88888888888889,0.1111111111111111,103,509,0,0.22062905260055965,3.0
TX_002324,STORE_06,CHK_006,11,73,0,0,6.636363636363637,0.0,102,489,0,0.2207058043938448,2.98
TX_002256,STORE_08,CHK_045,8,103,0,0,12.875,0.0,91,509,0,0.22069012079985095,2.98
TX_003458,STORE_02,CHK_023,9,55,0,0,6.111111111111111,0.0,98,490,0,0.22075709972149532,2.97
TX_004168,STORE_02,CHK_032,7,83,0,0,11.857142857142858,0.0,111,490,0,0.22074500493518462,2.97
TX_000977,STORE_01,CHK_007,5,100,0,0,20.0,0.0,95,509,0,0.22073726446296044,2.97
TX_003906,STORE_10,CHK_026,11,97,0,0,8.818181818181818,0.0,103,505,0,0.2207884488287209,2.96
TX_000912,STORE_10,CHK_003,8,58,0,0,7.25,0.0,97,505,0,0.2207907067630216,2.96
TX_000849,STORE_06,CHK_036,6,95,0,0,15.833333333333334,0.0,109,489,0,0.22078238387237886,2.96
TX_001603,STORE_08,CHK_036,7,74,0,0,10.571428571428571,0.0,109,509,0,0.22079721549044212,2.96
TX_003537,STORE_08,CHK_018,9,86,1,0,9.555555555555555,0.1111111111111111,97,509,0,0.2208895446916873,2.94
TX_003932,STORE_02,CHK_024,7,88,0,0,12.571428571428571,0.0,92,490,0,0.22091510446962487,2.93
TX_004501,STORE_06,CHK_049,9,92,0,0,10.222222222222221,0.0,91,489,0,0.22095423511342926,2.92
TX_001145,STORE_02,CHK_011,8,80,0,0,10.0,0.0,111,490,0,0.22096593873917508,2.92
TX_000113,STORE_06,CHK_041,10,116,0,0,11.6,0.0,105,489,0,0.2209869424016399,2.91
TX_001659,STORE_10,CHK_021,6,66,0,0,11.0,0.0,101,505,0,0.2210257298254083,2.9
TX_000199,STORE_06,CHK_009,6,69,0,0,11.5,0.0,98,489,0,0.22104665226540543,2.9
TX_002469,STORE_08,CHK_026,9,89,1,0,9.88888888888889,0.1111111111111111,103,509,0,0.22107717147027484,2.89
TX_003475,STORE_10,CHK_015,9,60,0,0,6.666666666666667,0.0,104,505,0,0.22107471235587367,2.89
TX_002780,STORE_06,CHK_007,7,68,0,0,9.714285714285714,0.0,95,489,0,0.22106418024467278,2.89
TX_003783,STORE_06,CHK_021,10,109,0,0,10.9,0.0,101,489,0,0.22109158914415705,2.89
TX_001555,STORE_01,CHK_036,7,78,0,0,11.142857142857142,0.0,109,509,0,0.22112463507170582,2.88
TX_004725,STORE_08,CHK_041,10,114,0,0,11.4,0.0,105,509,0,0.2211436213503788,2.87
TX_003765,STORE_01,CHK_023,5,74,0,0,14.8,0.0,98,509,0,0.22117068989785,2.87
TX_002377,STORE_06,CHK_016,10,117,0,0,11.7,0.0,104,489,0,0.22117176332827465,2.87
TX_004541,STORE_07,CHK_009,11,76,0,0,6.909090909090909,0.0,98,492,0,0.221217073038471,2.86
TX_001977,STORE_10,CHK_041,9,65,0,0,7.222222222222222,0.0,105,505,0,0.22126534647832619,2.84
TX_001206,STORE_01,CHK_039,6,119,0,0,19.833333333333332,0.0,103,509,0,0.22138074235588506,2.82
TX_004973,STORE_01,CHK_009,6,58,0,0,9.666666666666666,0.0,98,509,0,0.22135141220371485,2.82
TX_001374,STORE_01,CHK_002,5,98,0,0,19.6,0.0,105,509,0,0.22138511316955,2.82
TX_004790,STORE_02,CHK_026,10,120,0,0,12.0,0.0,103,490,0,0.22136736098972554,2.82
TX_000978,STORE_08,CHK_002,7,120,0,0,17.142857142857142,0.0,105,509,0,0.221368536056939,2.82
TX_003237,STORE_10,CHK_036,8,99,0,0,12.375,0.0,109,505,0,0.22141080085307724,2.81
TX_001306,STORE_01,CHK_004,5,90,0,0,18.0,0.0,95,509,0,0.22146727576397435,2.8
TX_004627,STORE_06,CHK_015,10,66,0,0,6.6,0.0,104,489,0,0.22153708700644392,2.78
TX_001355,STORE_07,CHK_043,10,121,0,0,12.1,0.0,98,492,0,0.22158220898346498,2.77
TX_001559,STORE_10,CHK_039,10,112,0,0,11.2,0.0,103,505,0,0.2216342926267097,2.76
TX_001192,STORE_07,CHK_026,11,70,0,0,6.363636363636363,0.0,103,492,0,0.2216242053150949,2.76
TX_000927,STORE_08,CHK_038,9,92,0,0,10.222222222222221,0.0,92,509,0,0.22163865576062447,2.75
TX_004209,STORE_10,CHK_039,9,117,0,0,13.0,0.0,103,505,0,0.2217319850200294,2.73
TX_000638,STORE_02,CHK_004,7,110,0,0,15.714285714285714,0.0,95,490,0,0.2217461691745447,2.73
TX_002983,STORE_07,CHK_041,6,60,0,0,10.0,0.0,105,492,0,0.2217653455530142,2.72
TX_003658,STORE_08,CHK_023,11,88,0,0,8.0,0.0,98,509,0,0.22186088128051712,2.7
TX_001921,STORE_02,CHK_022,10,70,0,0,7.0,0.0,106,490,0,0.22199354420629347,2.67
TX_004338,STORE_10,CHK_003,9,63,0,0,7.0,0.0,97,505,0,0.22203009132058626,2.66
TX_000186,STORE_02,CHK_007,6,78,0,0,13.0,0.0,95,490,0,0.2220725453261918,2.65
TX_003809,STORE_10,CHK_016,9,118,0,0,13.11111111111111,0.0,104,505,0,0.2221602813737703,2.63
TX_003779,STORE_06,CHK_039,7,59,0,0,8.428571428571429,0.0,103,489,0,0.22213115525355093,2.63
TX_000642,STORE_01,CHK_026,10,64,0,0,6.4,0.0,103,509,0,0.22214414792883697,2.63
TX_003842,STORE_07,CHK_013,7,102,0,0,14.571428571428571,0.0,110,492,0,0.22218709911271367,2.62
TX_004866,STORE_10,CHK_021,7,110,0,0,15.714285714285714,0.0,101,505,0,0.22232564185276604,2.59
TX_002449,STORE_08,CHK_007,9,64,0,0,7.111111111111111,0.0,95,509,0,0.2223494978637519,2.58
TX_004234,STORE_07,CHK_042,6,85,0,0,14.166666666666666,0.0,95,492,0,0.22234202169952078,2.58
TX_004252,STORE_07,CHK_050,9,98,1,0,10.88888888888889,0.1111111111111111,102,492,0,0.22234384426299014,2.58
TX_004482,STORE_07,CHK_041,9,58,0,0,6.444444444444445,0.0,105,492,0,0.2223427046257107,2.58
TX_002345,STORE_02,CHK_015,10,65,0,0,6.5,0.0,104,490,0,0.22239427718269705,2.57
TX_004355,STORE_08,CHK_004,8,59,0,0,7.375,0.0,95,509,0,0.2224432113528625,2.56
TX_003881,STORE_10,CHK_042,9,72,0,0,8.0,0.0,95,505,0,0.22243198840348988,2.56
TX_004845,STORE_01,CHK_004,8,110,0,0,13.75,0.0,95,509,0,0.22244851214372247,2.56
TX_004608,STORE_10,CHK_002,6,102,0,0,17.0,0.0,105,505,0,0.22251119160607646,2.54
TX_000356,STORE_01,CHK_043,8,54,0,0,6.75,0.0,98,509,0,0.2225051865279562,2.54
TX_000096,STORE_02,CHK_036,6,93,0,0,15.5,0.0,109,490,0,0.22250680317992333,2.54
TX_003838,STORE_10,CHK_036,9,95,0,0,10.555555555555555,0.0,109,505,0,0.2225257220367639,2.54
TX_003396,STORE_02,CHK_023,6,59,0,0,9.833333333333334,0.0,98,490,0,0.2225422313044671,2.53
TX_002135,STORE_08,CHK_013,8,81,0,0,10.125,0.0,110,509,0,0.22255684464547565,2.53
TX_001917,STORE_01,CHK_016,6,113,0,0,18.833333333333332,0.0,104,509,0,0.22263713157787718,2.51
TX_002746,STORE_01,CHK_042,7,108,0,0,15.428571428571429,0.0,95,509,0,0.2226654161246952,2.5
TX_000513,STORE_02,CHK_021,5,90,0,0,18.0,0.0,101,490,0,0.22270346609811137,2.5
TX_003188,STORE_08,CHK_046,10,67,0,0,6.7,0.0,104,509,0,0.2227288452503992,2.49
TX_002236,STORE_06,CHK_028,7,60,0,0,8.571428571428571,0.0,102,489,0,0.22277244277962183,2.48
TX_003066,STORE_02,CHK_028,11,102,0,0,9.272727272727273,0.0,102,490,0,0.22275438137411374,2.48
TX_003620,STORE_06,CHK_047,10,81,0,0,8.1,0.0,95,489,0,0.22278802908119072,2.47
TX_003466,STORE_10,CHK_028,7,64,0,0,9.142857142857142,0.0,102,505,0,0.22284477639778116,2.46
TX_002357,STORE_10,CHK_042,8,70,0,0,8.75,0.0,95,505,0,0.22286905580399613,2.46
TX_002167,STORE_06,CHK_002,6,106,0,0,17.666666666666668,0.0,105,489,0,0.22285355713400035,2.46
TX_000391,STORE_10,CHK_006,9,64,0,0,7.111111111111111,0.0,102,505,0,0.22284202998485775,2.46
TX_004713,STORE_02,CHK_050,11,104,0,0,9.454545454545455,0.0,102,490,0,0.222927076110159,2.44
TX_000448,STORE_07,CHK_047,6,93,0,0,15.5,0.0,95,492,0,0.22311529064914892,2.4
TX_003949,STORE_01,CHK_007,10,107,0,0,10.7,0.0,95,509,0,0.22313151441180729,2.39
TX_001451,STORE_02,CHK_042,7,108,0,0,15.428571428571429,0.0,95,490,0,0.2231430048303143,2.39
TX_003291,STORE_06,CHK_042,7,100,0,0,14.285714285714286,0.0,95,489,0,0.22318373531472896,2.38
TX_004624,STORE_07,CHK_014,11,74,0,0,6.7272727272727275,0.0,103,492,0,0.2231866817230418,2.38
TX_000773,STORE_08,CHK_026,10,68,0,0,6.8,0.0,103,509,0,0.22322308256810186,2.37
TX_001442,STORE_08,CHK_007,6,76,0,0,12.666666666666666,0.0,95,509,0,0.22322826617360908,2.37
TX_000398,STORE_07,CHK_004,10,76,0,0,7.6,0.0,95,492,0,0.2232482345607273,2.36
TX_002834,STORE_02,CHK_039,10,65,0,0,6.5,0.0,103,490,0,0.22324828070495073,2.36
TX_002131,STORE_01,CHK_007,8,60,0,0,7.5,0.0,95,509,0,0.22324919398958343,2.36
TX_002990,STORE_01,CHK_007,8,109,0,0,13.625,0.0,95,509,0,0.2232928906751558,2.35
TX_004992,STORE_08,CHK_042,7,70,0,0,10.0,0.0,95,509,0,0.22331389335851765,2.35
TX_001473,STORE_08,CHK_004,8,109,0,0,13.625,0.0,95,509,0,0.2232928906751558,2.35
TX_001274,STORE_01,CHK_016,5,83,0,0,16.6,0.0,104,509,0,0.22335996346826714,2.34
TX_000049,STORE_10,CHK_047,9,76,0,0,8.444444444444445,0.0,95,505,0,0.22344403352532322,2.32
TX_000900,STORE_08,CHK_007,10,76,0,0,7.6,0.0,95,509,0,0.22340730387662233,2.32
TX_000957,STORE_08,CHK_046,7,119,0,0,17.0,0.0,104,509,0,0.2234712140126196,2.31
TX_003845,STORE_08,CHK_020,10,84,0,0,8.4,0.0,94,509,0,0.22345350235446465,2.31
TX_003153,STORE_02,CHK_026,11,80,0,0,7.2727272727272725,0.0,103,490,0,0.22351324711965725,2.3
TX_000318,STORE_07,CHK_043,5,100,0,0,20.0,0.0,98,492,0,0.22352589389073302,2.3
TX_004327,STORE_02,CHK_016,9,121,0,0,13.444444444444445,0.0,104,490,0,0.2235544427678121,2.29
TX_002137,STORE_07,CHK_047,10,77,0,0,7.7,0.0,95,492,0,0.22358917783484872,2.28
TX_004245,STORE_07,CHK_017,7,70,0,0,10.0,0.0,107,492,0,0.22358265994958543,2.28
TX_003963,STORE_06,CHK_041,8,71,0,0,8.875,0.0,105,489,0,0.223649274665298,2.27
TX_001960,STORE_01,CHK_028,9,113,0,0,12.555555555555555,0.0,102,509,0,0.22373027359118353,2.25
TX_004123,STORE_02,CHK_039,7,59,0,0,8.428571428571429,0.0,103,490,0,0.22373243343835847,2.25
TX_004244,STORE_07,CHK_014,10,116,0,0,11.6,0.0,103,492,0,0.22380532776879797,2.23
TX_001036,STORE_06,CHK_036,9,98,0,0,10.88888888888889,0.0,109,489,0,0.2238373404844347,2.22
TX_003967,STORE_10,CHK_037,8,112,0,0,14.0,0.0,99,505,0,0.22387854248580136,2.21
TX_002275,STORE_02,CHK_017,10,88,0,0,8.8,0.0,107,490,0,0.2240458880132688,2.17
TX_004462,STORE_06,CHK_041,10,107,0,0,10.7,0.0,105,489,0,0.22407217900998888,2.16
TX_001511,STORE_01,CHK_020,8,99,0,0,12.375,0.0,94,509,0,0.22421739668070734,2.13
TX_002366,STORE_06,CHK_007,7,82,0,0,11.714285714285714,0.0,95,489,0,0.2242202774147674,2.13
TX_002924,STORE_01,CHK_004,6,87,0,0,14.5,0.0,95,509,0,0.22421159058664508,2.13
TX_000741,STORE_07,CHK_023,5,96,0,0,19.2,0.0,98,492,0,0.2242572118599716,2.12
TX_001370,STORE_08,CHK_039,11,85,0,0,7.7272727272727275,0.0,103,509,0,0.22427053681812492,2.11
TX_000362,STORE_02,CHK_002,8,63,0,0,7.875,0.0,105,490,0,0.22430832504290693,2.11
TX_004919,STORE_10,CHK_050,7,111,0,0,15.857142857142858,0.0,102,505,0,0.22430969686338187,2.11
TX_000831,STORE_07,CHK_014,10,64,0,0,6.4,0.0,103,492,0,0.22430042961171553,2.11
TX_001836,STORE_02,CHK_016,8,60,0,0,7.5,0.0,104,490,0,0.2243020943333412,2.11
TX_001795,STORE_07,CHK_047,7,74,0,0,10.571428571428571,0.0,95,492,0,0.2243472475428832,2.1
TX_002294,STORE_10,CHK_047,8,104,0,0,13.0,0.0,95,505,0,0.2243564917213855,2.09
TX_001726,STORE_06,CHK_047,9,79,0,0,8.777777777777779,0.0,95,489,0,0.2243535637701392,2.09
TX_002290,STORE_08,CHK_026,5,96,0,0,19.2,0.0,103,509,0,0.22438994551311842,2.09
TX_002038,STORE_02,CHK_043,9,118,0,0,13.11111111111111,0.0,98,490,0,0.2244579511584675,2.07
TX_004843,STORE_06,CHK_022,9,76,0,0,8.444444444444445,0.0,106,489,0,0.2244484585118674,2.07
TX_002796,STORE_01,CHK_021,9,109,0,0,12.11111111111111,0.0,101,509,0,0.22455259378546283,2.05
TX_002636,STORE_08,CHK_042,10,96,0,0,9.6,0.0,95,509,0,0.22460883827645045,2.03
TX_001052,STORE_06,CHK_002,8,72,0,0,9.0,0.0,105,489,0,0.22467767125479549,2.02
TX_003189,STORE_02,CHK_004,7,74,0,0,10.571428571428571,0.0,95,490,0,0.22467904971374503,2.02
TX_000687,STORE_06,CHK_022,9,110,0,0,12.222222222222221,0.0,106,489,0,0.22466733649727794,2.02
TX_002868,STORE_01,CHK_009,10,66,0,0,6.6,0.0,98,509,0,0.22469294542046298,2.01
TX_002369,STORE_01,CHK_026,7,114,0,0,16.285714285714285,0.0,103,509,0,0.22471625852023847,2.01
TX_002799,STORE_02,CHK_006,6,109,0,0,18.166666666666668,0.0,102,490,0,0.22473721217287684,2.0
TX_000478,STORE_06,CHK_043,8,70,0,0,8.75,0.0,98,489,0,0.22483295541073384,1.98
TX_000580,STORE_06,CHK_028,8,111,0,0,13.875,0.0,102,489,0,0.2248439879410974,1.98
TX_000506,STORE_07,CHK_003,6,106,0,0,17.666666666666668,0.0,97,492,0,0.22482562332482742,1.98
TX_002206,STORE_07,CHK_050,8,58,0,0,7.25,0.0,102,492,0,0.22483176900499174,1.98
TX_004778,STORE_01,CHK_050,6,105,0,0,17.5,0.0,102,509,0,0.22502361217360384,1.93
TX_001352,STORE_01,CHK_022,6,87,0,0,14.5,0.0,106,509,0,0.22508710757580674,1.92
TX_004331,STORE_08,CHK_018,9,65,0,0,7.222222222222222,0.0,97,509,0,0.22505277106890353,1.92
TX_003227,STORE_10,CHK_020,9,89,0,0,9.88888888888889,0.0,94,505,0,0.22506789216398176,1.92
TX_004745,STORE_01,CHK_009,6,69,0,0,11.5,0.0,98,509,0,0.22511916445841118,1.91
TX_000464,STORE_06,CHK_023,7,72,0,0,10.285714285714286,0.0,98,489,0,0.22527455065187924,1.87
TX_003716,STORE_07,CHK_014,11,83,0,0,7.545454545454546,0.0,103,492,0,0.22530856394261628,1.86
TX_000050,STORE_06,CHK_002,6,98,0,0,16.333333333333332,0.0,105,489,0,0.2253241464303341,1.86
TX_003753,STORE_07,CHK_018,6,83,0,0,13.833333333333334,0.0,97,492,0,0.22536687449836018,1.85
TX_000659,STORE_08,CHK_028,7,112,0,0,16.0,0.0,102,509,0,0.2253918069671242,1.84
TX_001114,STORE_01,CHK_009,6,71,0,0,11.833333333333334,0.0,98,509,0,0.22540608645715582,1.84
TX_002380,STORE_02,CHK_046,8,64,0,0,8.0,0.0,104,490,0,0.22545639314808674,1.83
TX_001214,STORE_02,CHK_028,6,71,0,0,11.833333333333334,0.0,102,490,0,0.22562853251935416,1.78
TX_002789,STORE_01,CHK_022,7,75,0,0,10.714285714285714,0.0,106,509,0,0.22569059492192833,1.77
TX_002633,STORE_06,CHK_002,10,91,0,0,9.1,0.0,105,489,0,0.2257376751876624,1.76
TX_001931,STORE_10,CHK_022,7,93,0,0,13.285714285714286,0.0,106,505,0,0.22576250499757589,1.75
TX_004657,STORE_02,CHK_016,8,65,0,0,8.125,0.0,104,490,0,0.22577233709182443,1.75
TX_002891,STORE_08,CHK_022,8,109,0,0,13.625,0.0,106,509,0,0.22575498076349032,1.75
TX_000603,STORE_08,CHK_022,8,109,0,0,13.625,0.0,106,509,0,0.22575498076349032,1.75
TX_001331,STORE_08,CHK_003,9,71,0,0,7.888888888888889,0.0,97,509,0,0.2258328483484568,1.74
TX_000340,STORE_06,CHK_046,6,98,0,0,16.333333333333332,0.0,104,489,0,0.2260386602817122,1.69
TX_000597,STORE_02,CHK_018,6,103,0,0,17.166666666666668,0.0,97,490,0,0.2260181499369991,1.69
TX_003820,STORE_06,CHK_026,7,111,0,0,15.857142857142858,0.0,103,489,0,0.22603817661947107,1.69
TX_004351,STORE_10,CHK_039,7,76,0,0,10.857142857142858,0.0,103,505,0,0.22607324965187064,1.68
TX_001323,STORE_07,CHK_050,8,112,0,0,14.0,0.0,102,492,0,0.22611052040652196,1.67
TX_000695,STORE_01,CHK_021,7,104,0,0,14.857142857142858,0.0,101,509,0,0.22614570140293494,1.66
TX_001821,STORE_01,CHK_018,7,66,0,0,9.428571428571429,0.0,97,509,0,0.22618863118278848,1.65
TX_002905,STORE_07,CHK_014,7,65,0,0,9.285714285714286,0.0,103,492,0,0.22620224957732432,1.65
TX_001647,STORE_10,CHK_050,7,75,0,0,10.714285714285714,0.0,102,505,0,0.22624570501296598,1.63
TX_003126,STORE_07,CHK_021,6,89,0,0,14.833333333333334,0.0,101,492,0,0.22637657299261071,1.6
TX_003917,STORE_10,CHK_002,7,83,0,0,11.857142857142858,0.0,105,505,0,0.22639933096990716,1.6
TX_001351,STORE_07,CHK_043,7,64,0,0,9.142857142857142,0.0,98,492,0,0.22643996095907004,1.59
TX_001134,STORE_10,CHK_039,6,85,0,0,14.166666666666666,0.0,103,505,0,0.226422081652488,1.59
TX_003867,STORE_07,CHK_018,9,112,0,0,12.444444444444445,0.0,97,492,0,0.22644465431863092,1.59
TX_002332,STORE_02,CHK_003,7,71,0,0,10.142857142857142,0.0,97,490,0,0.22652457339182486,1.57
TX_000115,STORE_08,CHK_037,10,98,0,0,9.8,0.0,99,509,0,0.22649532145264634,1.57
TX_004544,STORE_10,CHK_014,7,104,0,0,14.857142857142858,0.0,103,505,0,0.22650180266183567,1.57
TX_002285,STORE_06,CHK_006,6,95,0,0,15.833333333333334,0.0,102,489,0,0.2265767910301143,1.55
TX_000883,STORE_07,CHK_036,9,96,0,0,10.666666666666666,0.0,109,492,0,0.2266521186933691,1.54
TX_004278,STORE_02,CHK_039,8,64,0,0,8.0,0.0,103,490,0,0.22664377047304157,1.54
TX_003891,STORE_08,CHK_037,8,108,0,0,13.5,0.0,99,509,0,0.22664979235498944,1.54
TX_003004,STORE_08,CHK_015,6,104,0,0,17.333333333333332,0.0,104,509,0,0.22665473509680506,1.54
TX_003196,STORE_01,CHK_050,10,103,0,0,10.3,0.0,102,509,0,0.22670061500733152,1.52
TX_002981,STORE_10,CHK_006,9,76,0,0,8.444444444444445,0.0,102,505,0,0.22670473081437587,1.52
TX_003086,STORE_01,CHK_022,9,100,0,0,11.11111111111111,0.0,106,509,0,0.22671248198644445,1.52
TX_000141,STORE_02,CHK_016,10,105,0,0,10.5,0.0,104,490,0,0.22676597178049263,1.51
TX_000015,STORE_02,CHK_028,8,111,0,0,13.875,0.0,102,490,0,0.22677605378725268,1.51
TX_004554,STORE_10,CHK_007,9,85,0,0,9.444444444444445,0.0,95,505,0,0.2267841784653199,1.5
TX_004712,STORE_10,CHK_028,7,79,0,0,11.285714285714286,0.0,102,505,0,0.22679396485962539,1.5
TX_000767,STORE_02,CHK_018,6,91,0,0,15.166666666666666,0.0,97,490,0,0.2269430584424751,1.47
TX_004557,STORE_01,CHK_020,9,92,0,0,10.222222222222221,0.0,94,509,0,0.2269519696449816,1.46
TX_003093,STORE_02,CHK_047,7,90,0,0,12.857142857142858,0.0,95,490,0,0.22696875777200942,1.46
TX_000553,STORE_08,CHK_039,7,110,0,0,15.714285714285714,0.0,103,509,0,0.22700408544942996,1.45
TX_000012,STORE_01,CHK_039,8,110,0,0,13.75,0.0,103,509,0,0.22704528423213233,1.44
TX_000653,STORE_10,CHK_046,8,109,0,0,13.625,0.0,104,505,0,0.2270570692355025,1.44
TX_001312,STORE_01,CHK_007,8,75,0,0,9.375,0.0,95,509,0,0.22707220473104167,1.43
TX_001534,STORE_07,CHK_022,9,76,0,0,8.444444444444445,0.0,106,492,0,0.22711282158790996,1.42
TX_003870,STORE_10,CHK_028,10,85,0,0,8.5,0.0,102,505,0,0.22716329386310768,1.41
TX_000120,STORE_07,CHK_015,6,85,0,0,14.166666666666666,0.0,104,492,0,0.22720173650117648,1.4
TX_000017,STORE_10,CHK_026,9,105,0,0,11.666666666666666,0.0,103,505,0,0.2272468785570408,1.39
TX_003976,STORE_01,CHK_041,10,86,0,0,8.6,0.0,105,509,0,0.22725763295259233,1.39
TX_003175,STORE_02,CHK_039,10,100,0,0,10.0,0.0,103,490,0,0.22729209595389926,1.38
TX_000596,STORE_02,CHK_018,6,93,0,0,15.5,0.0,97,490,0,0.22731571766320663,1.37
TX_000392,STORE_02,CHK_041,6,94,0,0,15.666666666666666,0.0,105,490,0,0.22732772507986299,1.37
TX_001469,STORE_02,CHK_009,10,97,0,0,9.7,0.0,98,490,0,0.22734427962195064,1.37
TX_002664,STORE_06,CHK_023,9,104,0,0,11.555555555555555,0.0,98,489,0,0.2273318819154067,1.37
TX_003334,STORE_06,CHK_041,8,79,0,0,9.875,0.0,105,489,0,0.2273976283866878,1.36
TX_003212,STORE_07,CHK_039,10,105,0,0,10.5,0.0,103,492,0,0.22739509337160563,1.36
TX_000235,STORE_01,CHK_014,6,76,0,0,12.666666666666666,0.0,103,509,0,0.2275077665129256,1.33
TX_002563,STORE_08,CHK_016,10,98,0,0,9.8,0.0,104,509,0,0.2275536828672759,1.32
TX_003253,STORE_08,CHK_047,9,96,0,0,10.666666666666666,0.0,95,509,0,0.2277085178650179,1.28
TX_001136,STORE_06,CHK_018,8,83,0,0,10.375,0.0,97,489,0,0.22769089166078027,1.28
TX_000737,STORE_01,CHK_022,7,93,0,0,13.285714285714286,0.0,106,509,0,0.2278106500250635,1.25
TX_003972,STORE_08,CHK_042,8,76,0,0,9.5,0.0,95,509,0,0.22794237124650285,1.22
TX_004114,STORE_10,CHK_043,8,73,0,0,9.125,0.0,98,505,0,0.22802353445961177,1.2
TX_000002,STORE_08,CHK_039,6,89,0,0,14.833333333333334,0.0,103,509,0,0.22809793407743634,1.18
TX_003374,STORE_08,CHK_002,9,104,0,0,11.555555555555555,0.0,105,509,0,0.2282127903610257,1.16
TX_001314,STORE_06,CHK_014,7,78,0,0,11.142857142857142,0.0,103,489,0,0.22819358362703568,1.16
TX_003771,STORE_02,CHK_042,9,88,0,0,9.777777777777779,0.0,95,490,0,0.2282617821568254,1.15
TX_002557,STORE_07,CHK_002,9,79,0,0,8.777777777777779,0.0,105,492,0,0.22827143333912087,1.14
TX_001912,STORE_01,CHK_009,9,73,0,0,8.11111111111111,0.0,98,509,0,0.22827401241780432,1.14
TX_001787,STORE_10,CHK_006,8,98,0,0,12.25,0.0,102,505,0,0.2283608466577859,1.12
TX_003457,STORE_07,CHK_016,10,101,0,0,10.1,0.0,104,492,0,0.22840184425953114,1.11
TX_003305,STORE_02,CHK_016,9,111,0,0,12.333333333333334,0.0,104,490,0,0.22843077335370138,1.1
TX_004345,STORE_08,CHK_007,9,95,0,0,10.555555555555555,0.0,95,509,0,0.2284442529794995,1.1
TX_004284,STORE_01,CHK_026,10,88,0,0,8.8,0.0,103,509,0,0.22848276643843307,1.09
TX_000274,STORE_02,CHK_009,7,107,0,0,15.285714285714286,0.0,98,490,0,0.22856694538889133,1.07
TX_004490,STORE_07,CHK_047,9,91,0,0,10.11111111111111,0.0,95,492,0,0.2285657465779864,1.07
TX_001941,STORE_08,CHK_043,8,64,0,0,8.0,0.0,98,509,0,0.22856862282186363,1.07
TX_002006,STORE_01,CHK_014,10,92,0,0,9.2,0.0,103,509,0,0.22862179455181703,1.06
TX_004370,STORE_01,CHK_042,9,85,0,0,9.444444444444445,0.0,95,509,0,0.22871714659764952,1.03
TX_002489,STORE_07,CHK_050,6,93,0,0,15.5,0.0,102,492,0,0.2287673978700514,1.02
TX_001015,STORE_10,CHK_039,8,98,0,0,12.25,0.0,103,505,0,0.22877415184651556,1.02
TX_001857,STORE_08,CHK_002,7,87,0,0,12.428571428571429,0.0,105,509,0,0.22880891051895924,1.01
TX_002308,STORE_02,CHK_050,9,74,0,0,8.222222222222221,0.0,102,490,0,0.22881798704259348,1.01
TX_003725,STORE_07,CHK_043,7,106,0,0,15.142857142857142,0.0,98,492,0,0.22889171355468657,0.99
TX_001830,STORE_02,CHK_016,7,104,0,0,14.857142857142858,0.0,104,490,0,0.22891890782081153,0.99
TX_002093,STORE_02,CHK_046,7,104,0,0,14.857142857142858,0.0,104,490,0,0.22891890782081153,0.99
TX_002683,STORE_08,CHK_003,8,74,0,0,9.25,0.0,97,509,0,0.22890787913102867,0.99
TX_001685,STORE_07,CHK_023,8,72,0,0,9.0,0.0,98,492,0,0.2289437060586696,0.98
TX_003242,STORE_01,CHK_042,8,79,0,0,9.875,0.0,95,509,0,0.22892967755330929,0.98
TX_000862,STORE_01,CHK_016,9,78,0,0,8.666666666666666,0.0,104,509,0,0.22900461933433197,0.96
TX_003365,STORE_01,CHK_006,9,104,0,0,11.555555555555555,0.0,102,509,0,0.22911281522958793,0.94
TX_004220,STORE_06,CHK_028,7,83,0,0,11.857142857142858,0.0,102,489,0,0.22909299221421559,0.94
TX_002086,STORE_01,CHK_006,10,85,0,0,8.5,0.0,102,509,0,0.22910575748830164,0.94
TX_004676,STORE_01,CHK_043,10,94,0,0,9.4,0.0,98,509,0,0.22919826945966537,0.92
TX_002993,STORE_01,CHK_043,7,73,0,0,10.428571428571429,0.0,98,509,0,0.22922173054815104,0.91
TX_002919,STORE_07,CHK_026,9,72,0,0,8.0,0.0,103,492,0,0.229228672208926,0.91
TX_002675,STORE_01,CHK_043,9,101,0,0,11.222222222222221,0.0,98,509,0,0.22928714274152512,0.9
TX_003132,STORE_07,CHK_003,7,99,0,0,14.142857142857142,0.0,97,492,0,0.22936819575548434,0.88
TX_002445,STORE_02,CHK_017,8,96,0,0,12.0,0.0,107,490,0,0.22948382671447254,0.85
TX_002945,STORE_06,CHK_006,9,84,0,0,9.333333333333334,0.0,102,489,0,0.22946815662884218,0.85
TX_003502,STORE_02,CHK_022,8,102,0,0,12.75,0.0,106,490,0,0.2295248388118572,0.84
TX_003048,STORE_02,CHK_015,9,107,0,0,11.88888888888889,0.0,104,490,0,0.22959829740172927,0.82
TX_002713,STORE_06,CHK_016,7,90,0,0,12.857142857142858,0.0,104,489,0,0.22972785222324194,0.79
TX_002411,STORE_07,CHK_022,8,102,0,0,12.75,0.0,106,492,0,0.22974350275993283,0.79
TX_001054,STORE_06,CHK_006,9,94,0,0,10.444444444444445,0.0,102,489,0,0.22976768327409886,0.78
TX_002120,STORE_10,CHK_002,8,92,0,0,11.5,0.0,105,505,0,0.229745614610724,0.78
TX_004009,STORE_07,CHK_037,7,88,0,0,12.571428571428571,0.0,99,492,0,0.22980836597038723,0.77
TX_001462,STORE_01,CHK_006,9,98,0,0,10.88888888888889,0.0,102,509,0,0.22986147141266883,0.76
TX_001166,STORE_02,CHK_050,9,80,0,0,8.88888888888889,0.0,102,490,0,0.22992556501597516,0.74
TX_001522,STORE_08,CHK_014,7,98,0,0,14.0,0.0,103,509,0,0.22993983760552578,0.74
TX_000876,STORE_07,CHK_009,10,89,0,0,8.9,0.0,98,492,0,0.2300403353273538,0.71
TX_003931,STORE_07,CHK_017,9,95,0,0,10.555555555555555,0.0,107,492,0,0.23004254979635014,0.71
TX_003517,STORE_06,CHK_016,9,92,0,0,10.222222222222221,0.0,104,489,0,0.2300925221989194,0.7
TX_000193,STORE_07,CHK_015,8,105,0,0,13.125,0.0,104,492,0,0.23007870411603687,0.7
TX_003694,STORE_07,CHK_050,10,95,0,0,9.5,0.0,102,492,0,0.23013320384824992,0.69
TX_000104,STORE_07,CHK_043,7,79,0,0,11.285714285714286,0.0,98,492,0,0.2301182508699105,0.69
TX_003868,STORE_02,CHK_023,8,77,0,0,9.625,0.0,98,490,0,0.23017029135190303,0.68
TX_001033,STORE_07,CHK_046,8,80,0,0,10.0,0.0,104,492,0,0.23019848471047477,0.67
TX_000086,STORE_07,CHK_022,9,89,0,0,9.88888888888889,0.0,106,492,0,0.2302107639045493,0.67
TX_004103,STORE_02,CHK_041,8,102,0,0,12.75,0.0,105,490,0,0.23037903483373617,0.63
TX_003761,STORE_08,CHK_039,7,82,0,0,11.714285714285714,0.0,103,509,0,0.23036241061551144,0.63
TX_001401,STORE_01,CHK_014,8,98,0,0,12.25,0.0,103,509,0,0.23044313128021066,0.62
TX_004581,STORE_08,CHK_050,7,82,0,0,11.714285714285714,0.0,102,509,0,0.23040692103836968,0.62
TX_004452,STORE_02,CHK_016,7,86,0,0,12.285714285714286,0.0,104,490,0,0.23040740102307794,0.62
TX_004078,STORE_06,CHK_006,8,92,0,0,11.5,0.0,102,489,0,0.2305130157497065,0.6
TX_002215,STORE_06,CHK_046,8,93,0,0,11.625,0.0,104,489,0,0.2306218257542838,0.57
TX_004792,STORE_06,CHK_026,8,93,0,0,11.625,0.0,103,489,0,0.23065825588060368,0.56
TX_004128,STORE_07,CHK_026,7,84,0,0,12.0,0.0,103,492,0,0.23071719027338256,0.55
TX_003364,STORE_10,CHK_043,8,89,0,0,11.125,0.0,98,505,0,0.23081388935201275,0.53
TX_004960,STORE_01,CHK_026,7,88,0,0,12.571428571428571,0.0,103,509,0,0.23087001329819457,0.51
TX_002150,STORE_08,CHK_046,7,91,0,0,13.0,0.0,104,509,0,0.23090987264661605,0.5
TX_001010,STORE_08,CHK_021,8,82,0,0,10.25,0.0,101,509,0,0.23091908524636579,0.5
TX_000495,STORE_07,CHK_018,7,92,0,0,13.142857142857142,0.0,97,492,0,0.23097010119864925,0.49
TX_004829,STORE_08,CHK_046,8,79,0,0,9.875,0.0,104,509,0,0.23096171353727896,0.49
TX_001578,STORE_01,CHK_009,8,97,0,0,12.125,0.0,98,509,0,0.231037787199722,0.47
TX_000932,STORE_08,CHK_023,7,91,0,0,13.0,0.0,98,509,0,0.23114435909573394,0.44
TX_001605,STORE_01,CHK_002,8,87,0,0,10.875,0.0,105,509,0,0.23128214976494582,0.41
TX_002471,STORE_02,CHK_018,8,95,0,0,11.875,0.0,97,490,0,0.23131329849643278,0.4
TX_004147,STORE_08,CHK_021,8,87,0,0,10.875,0.0,101,509,0,0.23150013637362182,0.36
TX_004027,STORE_08,CHK_021,8,88,0,0,11.0,0.0,101,509,0,0.231615081756808,0.33
TX_002700,STORE_07,CHK_003,9,90,0,0,10.0,0.0,97,492,0,0.2316546399859244,0.32
TX_001764,STORE_08,CHK_026,8,80,0,0,10.0,0.0,103,509,0,0.23185592757598106,0.27
TX_003609,STORE_02,CHK_016,9,86,0,0,9.555555555555555,0.0,104,490,0,0.23203044311613114,0.23
TX_002459,STORE_07,CHK_023,9,97,0,0,10.777777777777779,0.0,98,492,0,0.23202472078241487,0.23
TX_003266,STORE_08,CHK_018,8,93,0,0,11.625,0.0,97,509,0,0.23224149447476833,0.18
TX_004154,STORE_02,CHK_016,8,90,0,0,11.25,0.0,104,490,0,0.2322151092608179,0.18
TX_004423,STORE_07,CHK_014,9,88,0,0,9.777777777777779,0.0,103,492,0,0.23229021456990873,0.17
TX_000275,STORE_02,CHK_016,8,92,0,0,11.5,0.0,104,490,0,0.23257483353961816,0.1
TX_000733,STORE_01,CHK_037,8,86,0,0,10.75,0.0,99,509,0,0.23263908600206157,0.08
TX_003865,STORE_01,CHK_039,9,86,0,0,9.555555555555555,0.0,103,509,0,0.23275289736434168,0.05
TX_000052,STORE_08,CHK_043,9,86,0,0,9.555555555555555,0.0,98,509,0,0.23297516323537915,0.0
